店铺名称,店铺网址
雅科本帮江浙菜(大光明店),http://www.dianping.com/shop/k3hPzc0GeoGBsKXH
用户名,用户ID链接,评定星级,评论描述,评论详情,评论时间,评论商铺,评论图片
小字路~Angela,http://www.dianping.com/member/2565180,50,口味：5.0 环境：5.0 服务：5.0 性价比：5.0,在众点评现现购超合仅138元提前带着[荷]境：开在光电院旁边有点电梯3楼直达以，电梯破破烂烂，3楼直露天花园严重露天放有玻璃面，长长面，感觉有年感[服铃]服：面海通意真爆午基本购所以每次起来，而我来消灭节奏「冰镇素鲍」很冷最「蚝油」嫩数78「樟茶鸭」这必馒头搭配鸭有酱「番」入炖数有也错「米苋」爱蔬给点「糍」没啥容易沾牙荐「酿圆子」荐很分也键前面有半没完能性很高3收起评价,2020-10-12 16:11,雅科本帮江浙菜,"['http://www.dianping.com/photos/2371278549', 'http://www.dianping.com/photos/2371294997', 'http://www.dianping.com/photos/2371263300', 'http://www.dianping.com/photos/2371263299', 'http://www.dianping.com/photos/2371263301', 'http://www.dianping.com/photos/2371278550', 'http://www.dianping.com/photos/2371294998', 'http://www.dianping.com/photos/2371294999', 'http://www.dianping.com/photos/2371295001']"
伊人舞剑行天涯,http://www.dianping.com/member/48617996,50,口味：5.0 环境：5.0 服务：5.0 性价比：5.0 人均：150元,🍡双节假期美收新天🔥海帮来犒下胃😘强烈安利前雅📍标：海市静安区南京西248大光3楼屋花园雅帮(大光店)🚇交通：铁2⃣线民站下(浦东国机)9口步行325米抵达🚘驾：导按此，停车——🥦🍅重下体验🍡🍧——💫推理由为知标——民，国店，大光，三楼「雅帮」为，百年老建里帮，挺漂亮。晚灯阑珊，显间。💫推：⭐️⭐️⭐️⭐️⭐️1⃣浦招猪肋，十足，桌前可安拆骨，可撘配着，腻！基桌必！💫推：⭐️⭐️⭐️⭐️⭐️2⃣鸡百比较经典家常，能时，个百有，推尝💫推：⭐️⭐️⭐️⭐️⭐️3⃣糟带帮个色，，口咬下白带肉，怎个！💫推：⭐️⭐️⭐️⭐️4⃣XO酱鲍菇XO酱鲜和鲍菇嫩常美结合起，我中佳💫推：⭐️⭐️⭐️⭐️⭐️5⃣招牌核酥看忍住下口糕，也赞！💫推：⭐️⭐️⭐️⭐️⭐️收起评价,2020-10-14 23:59,雅科本帮江浙菜,"['http://www.dianping.com/photos/2375427207', 'http://www.dianping.com/photos/2375427208', 'http://www.dianping.com/photos/2375418443', 'http://www.dianping.com/photos/2375427209', 'http://www.dianping.com/photos/2375437679', 'http://www.dianping.com/photos/2375437678', 'http://www.dianping.com/photos/2375418444', 'http://www.dianping.com/photos/2375427210', 'http://www.dianping.com/photos/2375437680', 'http://www.dianping.com/photos/2375437681', 'http://www.dianping.com/photos/2375418445', 'http://www.dianping.com/photos/2375437682', 'http://www.dianping.com/photos/2375418446', 'http://www.dianping.com/photos/2375437683', 'http://www.dianping.com/photos/2375437684']"
林冲_7084,http://www.dianping.com/member/1047133855,50,口味：5.0 环境：5.0 服务：5.0 性价比：5.0 人均：140元,位置：南京西路，光明电影院楼。[荷]环境：屋顶花式餐厅，入明片墙，店内富丽皇，室琳琅。[]：热方，贴周到。「浦排」松可，量，生特好；「乌」软糯香，典味；「目鱼蛋蒸臭腐」波味「芥末火龙」水绝配。「烧」、「安吉林」和「青野生鱿鱼」等也的。友提示：要提前约，否则难有称位。入，更！收起评价,2020-10-14 17:58,雅科本帮江浙菜,"['http://www.dianping.com/photos/2374818747', 'http://www.dianping.com/photos/2374800890', 'http://www.dianping.com/photos/2374800891', 'http://www.dianping.com/photos/2374784412', 'http://www.dianping.com/photos/2374784413', 'http://www.dianping.com/photos/2374818748', 'http://www.dianping.com/photos/2374800892', 'http://www.dianping.com/photos/2374800893', 'http://www.dianping.com/photos/2374784414', 'http://www.dianping.com/photos/2374784415', 'http://www.dianping.com/photos/2374818749']"
yinyin627,http://www.dianping.com/member/995800,35,口味：3.5 环境：4.0 服务：4.0 性价比：3.5 人均：120元,十假期会，家人订这午饭，订晚，没有会房风景。交方，地铁人广场出，往大光影城方向，影城再往前有电上楼，生真心，户也满，以直风景东方珠。菜品像团购餐再菜，娃没顾上照，说话全程下没觉有哪菜特别印象深，主还家人在也不重吧。收起评价,2020-10-09 00:19,雅科本帮江浙菜,"['http://www.dianping.com/photos/2364752133', 'http://www.dianping.com/photos/2364705839', 'http://www.dianping.com/photos/2364705840', 'http://www.dianping.com/photos/2364705841', 'http://www.dianping.com/photos/2364705842', 'http://www.dianping.com/photos/2364752134', 'http://www.dianping.com/photos/2364752135', 'http://www.dianping.com/photos/2364756726']"
maria,http://www.dianping.com/member/1870119853,50,口味：5.0 环境：5.0 服务：5.0 性价比：5.0,工午和朋，了138，到7菜真份量十，性价比超级高。「冰鲍」最喜欢，鲍有鲍鱼，蘸芥末酱，开，适前菜「椒美容」肉嫩，适种「耗牛肉」，酱浓郁。荐「番牛肉」牛肉块且酥烂，入了，好，份量，。「椰糕」浓郁椰丝，甜性价比高，哪怕工人也，也南路闹市旁，适人逛余，尝尝。收起评价,2020-10-02 09:47,雅科本帮江浙菜,"['http://www.dianping.com/photos/2351110841', 'http://www.dianping.com/photos/2351101404', 'http://www.dianping.com/photos/2351111373', 'http://www.dianping.com/photos/2351110842', 'http://www.dianping.com/photos/2351111375', 'http://www.dianping.com/photos/2351101406']"
dqf5940,http://www.dianping.com/member/7441839,40,口味：4.0 环境：4.0 服务：4.0 性价比：4.0,，友想，考交方便，择了人场。众了这家雅科帮江浙，光明3屋花，景观很，所去拔草。们众看了惠团，8人799，折扣还，所果断下单。生意很，基了，还事座。环境错，们择了天座，吃聊欣赏海夜景，很。很，了多桌，感置有挤。太，员专业，没人倒茶水，要叫员很难，速度很慢，了两素，等了几分，了几次才。一桌来没感有什特色，口味一，性价比。们要，所对要怎。，对于吃来，环境可。收起评价,2020-09-29 20:47,雅科本帮江浙菜,"['http://www.dianping.com/photos/2346601413', 'http://www.dianping.com/photos/2346635297', 'http://www.dianping.com/photos/2346632935', 'http://www.dianping.com/photos/2346632936', 'http://www.dianping.com/photos/2346632937', 'http://www.dianping.com/photos/2346635298', 'http://www.dianping.com/photos/2346635299', 'http://www.dianping.com/photos/2346635300', 'http://www.dianping.com/photos/2346632938', 'http://www.dianping.com/photos/2346601414']"
白桦劲松,http://www.dianping.com/member/27798223,50,口味：4.5 环境：5.0 服务：5.0 性价比：5.0,🌈几在不久，就拔，之后不打卡N，家网，因“沪上第排”闻遐迩。处，行民园，，世界货，行街仅几分钟时间。每广，几。🍭【介】：在电影院三楼，，通十分方，呈长型，外非艳并具欧式园🌸。食聚拍照留影最佳。站在顶园凭栏眺，，世界货，民园，摩高楼历历在，见证魔日展貌。园里玻，宽敞，虽然调，但还较热。内蛮颖气，顶碧煌，数型散，时温馨觉。🍽【品介】：品除第排，熏皆碑，泽，🐟酥嫩，恰好处，可谓，，味俱佳💯；耗煸炒嫩滑可，咸淡中；樟裹面饼北烤美味；蛮，上速度蛮快，番🍅🐮碗，桂🌸酿圆子黑芝麻，甜度中碗，哪！现在提倡食，盘💿，不能浪，我妹纸俩吃直门！只觉，初为之，没果冻拌赤，，四售价32，贵。✍总觉打浙外，品可挑剔，且性价蛮高，品特，很，周中午竟然堂座虚席。【务】：首家防疫心机，筷，筷竹筷，毒后在纸，颜区分后，不筷子。务美女，，并不断续，说话细声细，彬彬礼，宾如归觉。🚇【通引】：铁1/2/8线9站行米左右，🚌20，37，454车。收起评价,2020-09-08 10:18,雅科本帮江浙菜,"['http://www.dianping.com/photos/2311532129', 'http://www.dianping.com/photos/2311513990', 'http://www.dianping.com/photos/2311521244', 'http://www.dianping.com/photos/2311506259', 'http://www.dianping.com/photos/2311513991', 'http://www.dianping.com/photos/2311506260', 'http://www.dianping.com/photos/2311513992', 'http://www.dianping.com/photos/2311521245', 'http://www.dianping.com/photos/2311506261', 'http://www.dianping.com/photos/2311513993', 'http://www.dianping.com/photos/2311506262', 'http://www.dianping.com/photos/2311506263', 'http://www.dianping.com/photos/2311513994']"
fang,http://www.dianping.com/member/1716872496,40,口味：4.0 环境：4.0 服务：3.5 性价比：3.0,到南京，帮菜，（店）店面装修优。气旺盛。菜品选择多。我们点了「子鲈」「帮熏」「镇鲍」「蟹腐」「剁头」「酒子」「生煎包」「糖醋骨」等等，特「帮熏」的，很适应我们上海的味。还以三四套。。学会的好去。收起评价,2020-10-07 16:56,雅科本帮江浙菜,"['http://www.dianping.com/photos/2361811419', 'http://www.dianping.com/photos/2361789519', 'http://www.dianping.com/photos/2361811418', 'http://www.dianping.com/photos/2361789520', 'http://www.dianping.com/photos/2361789521', 'http://www.dianping.com/photos/2361811420', 'http://www.dianping.com/photos/2361785166', 'http://www.dianping.com/photos/2361789522', 'http://www.dianping.com/photos/2361789523']"
74美的生活,http://www.dianping.com/member/19662913,40,口味：4.0 环境：4.0 服务：4.0 性价比：4.0,同事聚楼江浙，是3楼屋顶花，象式的，境是咯，12人预订，是，坐正，点多莱，等多想来拍照片，面冷干带哦！热也很伊咯特色莱啥排骨味非常！[莱名忘]虾仁等多！老板意兴隆！收起评价,2020-09-30 07:25,雅科本帮江浙菜,"['http://www.dianping.com/photos/2347070935', 'http://www.dianping.com/photos/2347082396', 'http://www.dianping.com/photos/2347070937', 'http://www.dianping.com/photos/2347070936']"
小敏,http://www.dianping.com/member/857098120,45,口味：4.5 环境：4.5 服务：4.5 性价比：5.0 人均：100元,"境，佳，口，钱贵!地址:南京路248明影院3楼屋顶交:1，2，8线人民广场站9口出就到，极为便。包建提前20~30我是周五晚上6钟去的，能个""热""，还是凉快，可惜已经是无虚席，全部提前约掉。菜，团高，团4~6人，另再加4个菜，人100元，得，共7个人聚。菜品精致，材料新，感觉用做。「家海三」，，，。「招核酥」，乒兵，里面核仁，香，作工，是太。「雅科の上菜烩竹荪」，竹荪美，菜嫩，儿油腻，。「酒酿圆」，份，桂香，馅是黑洋酥，是呀!惬意。饭后还上快随叫随到，厕所门银，里市中的金地段，口境钱都没得，菜都，团优次再建提早订位。收起评价",2020-08-09 13:09,雅科本帮江浙菜,"['http://www.dianping.com/photos/2260165438', 'http://www.dianping.com/photos/2260154970', 'http://www.dianping.com/photos/2260165437', 'http://www.dianping.com/photos/2260154969', 'http://www.dianping.com/photos/2260135683', 'http://www.dianping.com/photos/2260165439', 'http://www.dianping.com/photos/2260154971']"
F阿勇,http://www.dianping.com/member/968539488,40,口味：4.0 环境：4.0 服务：4.0 性价比：5.0,长里親友，订在里，从众点上，购10套，在光电影-屋顶花园，老上海路。交方便，处市心段，1，2，8号抵达，日饮市场生意火，如此，虽露座虚，圆面挤得须起立让座，虽购，性比很高，量，口也规，龙虾，斑鱼依真，扇贝，头硕，新鲜牙，足生意兴隆贺，务量下降却略显暇庛，上速度奇，没有热泡茶以理解，毕竟多，次上一道，到还缺芋艿盅和牛柳粒，又过很长间上来。否忘还他原因。收起评价,2020-10-06 22:37,雅科本帮江浙菜,"['http://www.dianping.com/photos/2360572624', 'http://www.dianping.com/photos/2360553706', 'http://www.dianping.com/photos/2360580004', 'http://www.dianping.com/photos/2360572623', 'http://www.dianping.com/photos/2360572626', 'http://www.dianping.com/photos/2360553708', 'http://www.dianping.com/photos/2360553709', 'http://www.dianping.com/photos/2360580006']"
百宝箱ttang,http://www.dianping.com/member/3063747,40,口味：4.0 环境：4.5 服务：3.5 性价比：4.5 人均：100元,度国长终于来，本来想10月1号双节太多。只退求，10月3号上全家起聚。店靠近民，明，靠近铁民十号左右。下去重现评个七九九八，价很高。五个，八个热，加两份心。海蜇头，色拉，熏。，虾，汤。排米线等等。很丰，觉量太多，我们个加个小孩完全吃不完，好还打份。遗憾，上度太快，可厨房配，加流操作。以后进吧。收起评价,2020-10-03 22:25,雅科本帮江浙菜,"['http://www.dianping.com/photos/2354601301', 'http://www.dianping.com/photos/2354606300', 'http://www.dianping.com/photos/2354601302', 'http://www.dianping.com/photos/2354624003', 'http://www.dianping.com/photos/2354606301', 'http://www.dianping.com/photos/2354624004', 'http://www.dianping.com/photos/2354606302', 'http://www.dianping.com/photos/2354624005', 'http://www.dianping.com/photos/2354601303', 'http://www.dianping.com/photos/2354606303', 'http://www.dianping.com/photos/2354624006']"
橘子鸭_,http://www.dianping.com/member/375088310,45,口味：4.5 环境：4.5 服务：4.5 性价比：4.5,念叨久要吃本帮后终吃楼发现几乎满查道当天预约满满问还快排置：人民广场交汇处，条地铁可，吃完逛街外滩，美滋滋~[]环境：意，候气，接排，环境整洁，通风采光没。[铃]：阿姨友，速也快。「锅农家腐」特，熏味道，但人喜欢「蒜」排外酥嫩，蒜味十足「蛋黄鸭卷」冷感绵密爽「干锅手撕包」到哪点饭辣可收起评价,2020-10-08 20:29,雅科本帮江浙菜,"['http://www.dianping.com/photos/2364308212', 'http://www.dianping.com/photos/2364295502', 'http://www.dianping.com/photos/2364308213', 'http://www.dianping.com/photos/2364308214', 'http://www.dianping.com/photos/2364295503', 'http://www.dianping.com/photos/2364295504', 'http://www.dianping.com/photos/2364308215', 'http://www.dianping.com/photos/2364295505']"
言小晨,http://www.dianping.com/member/18306039,45,口味：4.5 环境：4.5 服务：5.0 性价比：4.5,事会去处『本帮，价比高』🚇：人民广场1.2.8号，光明电影院附近，十便利。[]环境：雅科最出名莫过她屋花，天气时候可外就餐，屋花也独包间，估计是需前预。[服铃]服：服友：五个人点378餐，算，再加点鳝丝等。十：「鳝丝」浓赤酱包着河味；「东海」带，黄等，最是九肚，十十十嫩，一吃停下来；@蒜排团，肉义，无收起评价,2020-09-28 11:25,雅科本帮江浙菜,"['http://www.dianping.com/photos/2344064413', 'http://www.dianping.com/photos/2344057082', 'http://www.dianping.com/photos/2344068274', 'http://www.dianping.com/photos/2344064412', 'http://www.dianping.com/photos/2344057083', 'http://www.dianping.com/photos/2344068276', 'http://www.dianping.com/photos/2344057084']"
老田螺,http://www.dianping.com/member/2107488183,45,口味：5.0 环境：4.5 服务：4.5 性价比：4.0,，儿子去，年第次。科子，这家开明电影楼上十几年，我学业来次。线。「浦江招排」非常，基本孩子爱，排骨酥脆。沙（面包）出。「黑虎虾」用虾，虾新，不错。不我更喜虾虾。「黑」非常，黑胡浓郁，肉。「虾果色拉」甜。所有招不出错，选择。收起评价,2020-10-11 19:43,雅科本帮江浙菜,"['http://www.dianping.com/photos/2369864582', 'http://www.dianping.com/photos/2369872330', 'http://www.dianping.com/photos/2369872333', 'http://www.dianping.com/photos/2369883596', 'http://www.dianping.com/photos/2369864585', 'http://www.dianping.com/photos/2369872335', 'http://www.dianping.com/photos/2369883600', 'http://www.dianping.com/photos/2369872338']"
店铺名称,店铺网址
金牌外婆家(来福士广场店),http://www.dianping.com/shop/FsPMGLA5sPrE85nl
用户名,用户ID链接,评定星级,评论描述,评论详情,评论时间,评论商铺,评论图片
luckylucy324,http://www.dianping.com/member/2096599,40,口味：3.5 环境：3.5 服务：5.0 性价比：4.0 人均：100元,🌈牌🏅️外婆家🌈外婆家版，看钱，件却，大，座，挤，装风格暗，亮大「龙虾」吧，功，撒片茶叶，配碟带蒜泥醋🍤「烧」个倒，，菜，就撒，格就🍄「荷香糯肉」菜时感觉没蒸，外，糯没汁水，干，感觉当物🥩「」炸干，老，酱汁甜稠，都知道怎么评，打折🐟「响鳝」道，包饼，单咸，饼层干，还如换成馒🐍「烤羊排」只还好，羊肉，正宗，至和西比差远，烤制没香，欠火候🐑总体而言，论材，，调总觉差，务实，至态度客，求应，称赞收起评价,2020-10-14 22:35,金牌外婆家,"['http://www.dianping.com/photos/2375305781', 'http://www.dianping.com/photos/2375310941', 'http://www.dianping.com/photos/2375294598', 'http://www.dianping.com/photos/2375310940', 'http://www.dianping.com/photos/2375294599', 'http://www.dianping.com/photos/2375310942']"
彪Sarah,http://www.dianping.com/member/1075833028,35,口味：4.0 环境：4.0 服务：3.5 性价比：3.5 人均：90元,下午2去，基本人。金实比外婆家贵好，以至于天。后复，店员给提，务很心。「外婆烧」里面腊鱼，我想到，人很喜欢。「干」这道素反而好，感觉烧烧。「杭卤」因为想很久，咸带甜。收起评价,2020-10-15 19:11,金牌外婆家,"['http://www.dianping.com/photos/2376555301', 'http://www.dianping.com/photos/2376562276', 'http://www.dianping.com/photos/2376564949', 'http://www.dianping.com/photos/2376555300', 'http://www.dianping.com/photos/2376564950']"
桑格花,http://www.dianping.com/member/761356869,50,口味：5.0 环境：5.0 服务：5.0 性价比：5.0,定甜腻，赞白切鸡作为南方还是蛮，得推荐酸，有，有消，排，，中朋友鸡凉面还有一没来，退了，了了家自助水改良务升了，倒水一还错纸单餐，对老年也有，错收起评价,2020-10-10 23:38,金牌外婆家,"['http://www.dianping.com/photos/2368392342', 'http://www.dianping.com/photos/2368372291', 'http://www.dianping.com/photos/2368399177', 'http://www.dianping.com/photos/2368392341', 'http://www.dianping.com/photos/2368392344', 'http://www.dianping.com/photos/2368399178']"
简单到不能再简单,http://www.dianping.com/member/2080256604,45,口味：4.5 环境：4.5 服务：4.5 性价比：4.5,外婆非常出浙厅全连锁大店哦非常精致，想吃浙朋友可这尝啊！「花鸡」花鸡，超级吃，香哟「糖醋排骨」还就糖醋排骨也挺不，味挺收起评价,2020-10-11 22:20,金牌外婆家,"['http://www.dianping.com/photos/2370238673', 'http://www.dianping.com/photos/2370230879', 'http://www.dianping.com/photos/2370238674']"
俏皮小寳唄,http://www.dianping.com/member/21130944,50,口味：4.5 环境：4.5 服务：4.5 性价比：4.5 人均：150元,朋约选这家味道甜甜口味酱味道还错每道都有自己特色风味特别喜糖排骨真心大三个感3-4个够了点多了😅环境在主5地方很也算多错收起评价,2020-10-13 17:24,金牌外婆家,"['http://www.dianping.com/photos/2373114883', 'http://www.dianping.com/photos/2373099175', 'http://www.dianping.com/photos/2373099176', 'http://www.dianping.com/photos/2373099177', 'http://www.dianping.com/photos/2373099178', 'http://www.dianping.com/photos/2373099179', 'http://www.dianping.com/photos/2373114884', 'http://www.dianping.com/photos/2373068434', 'http://www.dianping.com/photos/2373114885']"
什么不可说,http://www.dianping.com/member/2281946996,40,口味：3.5 环境：3.5 服务：3.5 性价比：3.5,久吃婆家，今正朋友在长逛，逛累，在附近找吃，个来福士挺大，过吃，，还他们家，门口还在着，[薄]环境：积大，但还[]：识还错，毕竟打工确实容易，还对客，能有样收起评价,2020-09-10 17:07,金牌外婆家,"['http://www.dianping.com/photos/2315216449', 'http://www.dianping.com/photos/2315191485', 'http://www.dianping.com/photos/2315205463', 'http://www.dianping.com/photos/2315197594', 'http://www.dianping.com/photos/2315191486']"
蘇莘,http://www.dianping.com/member/23718182,40,口味：4.0 环境：4.0 服务：4.0 性价比：4.0,中山公园，中午荤本想网红寿，轮又饿厉，拔草牌！几，在牌，价和更加尊～店什人，也满，果只生错哈！宋定胜糕：杭州，那里甜留深印象，微甜腻，～口重也觉得有什道，觉得心应有样。仔牛：牛，惊生也，捞多生花：完啥印象，花比板鸡：秋天！🌰，鸡也入，适合陪米～服务挺，有桌喉咙特别，唯憾，望姨能注聊天收起评价,2020-10-06 14:54,金牌外婆家,"['http://www.dianping.com/photos/2359553542', 'http://www.dianping.com/photos/2359532739', 'http://www.dianping.com/photos/2359569005', 'http://www.dianping.com/photos/2359532738', 'http://www.dianping.com/photos/2359569006']"
wuli小金牛,http://www.dianping.com/member/13990956,45,口味：4.5 环境：5.0 服务：4.5 性价比：5.0,旗下子品，价廉特色。中事共六人去工餐。差多十款菜，，菜，些硬菜。道都错，特雷。「红」墙裂这道菜，本帮菜里菜。几就酥烂，皮油，即化，柴。最要，下面垫层，吸特，嫩，即化。几块带，吸带风。「糖醋骨」菜，然小伴块多就解。比例很恰。「泉牛」喝以后于理解敢这取名缘由，感特清爽，至感到油。「」老块～这种用烹制手法再合适过，洋葱真可缺少食材噢。收起评价,2020-10-04 08:18,金牌外婆家,"['http://www.dianping.com/photos/2354953093', 'http://www.dianping.com/photos/2354953092', 'http://www.dianping.com/photos/2354947985', 'http://www.dianping.com/photos/2354949685', 'http://www.dianping.com/photos/2354947986', 'http://www.dianping.com/photos/2354953094', 'http://www.dianping.com/photos/2354947988', 'http://www.dianping.com/photos/2354953095', 'http://www.dianping.com/photos/2354947987', 'http://www.dianping.com/photos/2354949686']"
我是杠姐,http://www.dianping.com/member/7965741,35,口味：3.5 环境：2.5 服务：4.0 性价比：3.5 人均：150元,可能节假日系人员配过翻台速过迟缓客人气质了桌他外等30钟品方「虾仁」孩欢「素烧」中规中矩冷「桂鱼」味错，鱼，到么，主朋友味「宋定胜糕」虽然馅少可怜，人觉好「椒炒饭」味好，主食踩雷择「仔蛙」我实了杭馆里指望到上水平，也了，都我麻木了快「芒布丁」量大儿说觉了半碗饭收起评价,2020-10-01 16:03,金牌外婆家,"['http://www.dianping.com/photos/2349939386', 'http://www.dianping.com/photos/2349915723', 'http://www.dianping.com/photos/2349900498', 'http://www.dianping.com/photos/2349939387', 'http://www.dianping.com/photos/2349900499', 'http://www.dianping.com/photos/2349939388', 'http://www.dianping.com/photos/2349915724', 'http://www.dianping.com/photos/2349939389']"
红魔的元帅,http://www.dianping.com/member/3316394,40,口味：4.0 环境：3.0 服务：4.0 性价比：4.0 人均：90元,先说缺，空调行，这天气吃热。因为带孩子，且自己减吃主食，以随便了几，龙虾仁，性，没感觉新鲜。婆红烧肉，笋好吃，肉没吃，看样子。宋嫂羹，荐，那东坡病，刚，总体荐，减叫花鸡收起评价,2020-08-23 23:59,金牌外婆家,"['http://www.dianping.com/photos/2285629399', 'http://www.dianping.com/photos/2285635174', 'http://www.dianping.com/photos/2285653701', 'http://www.dianping.com/photos/2285661820', 'http://www.dianping.com/photos/2285653702', 'http://www.dianping.com/photos/2285661821']"
Ur_darling,http://www.dianping.com/member/8312177,35,口味：3.5 环境：3.5 服务：3.0 性价比：3.0 人均：150元,传统婆，婆感体在菜品更致些「松桂」酸酸，新鲜，气大「白御笋」！笋鲜，汤浓稠，筷够「吐司士焗」品，旁边该死冰淇淋！欢士朋友以看过，减肥算，「菊花」刚「黑松露炒」米颗颗，道，作主食该么镜工作日排队列，菜速慢(送陈醋当零食)，置以声音略嘈杂，对面朋友说话要提两个，性传统婆还能，菜品都错，几个菜准下次试！收起评价,2020-09-21 01:42,金牌外婆家,"['http://www.dianping.com/photos/2332508561', 'http://www.dianping.com/photos/2332498849', 'http://www.dianping.com/photos/2332506656', 'http://www.dianping.com/photos/2332512186', 'http://www.dianping.com/photos/2332512187', 'http://www.dianping.com/photos/2332506657', 'http://www.dianping.com/photos/2332508562', 'http://www.dianping.com/photos/2332506658', 'http://www.dianping.com/photos/2332512188']"
飘落的小孩,http://www.dianping.com/member/695670,45,口味：4.5 环境：4.5 服务：4.5 性价比：4.5,想本帮候想到金牌外婆家，比外婆家精致，价格贵丢丢，道更～「龙仁」忽想仁，这道比清，下大都有大心负「杭州包」，气下两三！我们大人下惊艳，也ok～「杭卤大」这点，在道棒，大里也有层，干净。「子鸡翅」想子鸡，这里选取鸡翅做，比鸡块，麻麻开。「鱼丝蛋」给点，要求盐，大人也能受。「」棒，道奇，是鸡道，只是鸡换成，只自己天真「黑露素烧」桌候是热……等冷「糖醋排骨」酸酸，欢😘收起评价,2020-09-21 18:20,金牌外婆家,"['http://www.dianping.com/photos/2333479246', 'http://www.dianping.com/photos/2333467301', 'http://www.dianping.com/photos/2333487019', 'http://www.dianping.com/photos/2333467300', 'http://www.dianping.com/photos/2333479247', 'http://www.dianping.com/photos/2333472739']"
绫暮初雾开,http://www.dianping.com/member/1314101377,40,口味：4.0 环境：4.5 服务：4.5 性价比：4.0,友餐，，多，就。性如，意……环错前段间，又，大概升级，此出少，、等没发现么大区别。[薄荷]环：5，扶旁显眼置，装修色系为，有情调，档一些。[]：员态度很热情，没么题，我们有出点题，更送代券歉意。知为忙，师做工，显敷衍……「糖醋脊」如，裹，肉偏硬。上桌温度有点凉，分多……「粉」粉敷衍……花碎、糯圆子等，看「疙瘩」疙瘩……除就酸酸酸，。一次发现疙瘩中间没，又一发现题。估计师工……有一窝窝头，忘。偏，着窝窝头。收起评价,2020-10-06 17:39,金牌外婆家,"['http://www.dianping.com/photos/2359907611', 'http://www.dianping.com/photos/2359905513', 'http://www.dianping.com/photos/2359889928', 'http://www.dianping.com/photos/2359859140', 'http://www.dianping.com/photos/2359905512']"
培训师大V姐,http://www.dianping.com/member/4386344,40,口味：4.0 环境：4.0 服务：5.0 性价比：4.0,续卡来金牌，次位，六人挤卡，菜堆放，餐体验如两次。菜品翻新，悉菜，认为尝菜，于最陇多，陇。首先，，刀工精，如开朵花，仁，茄酱酸，入好，都，。陇天，退。二花，真只肥嫩，足，柴，芳扑鼻，入，。陇天古花，长……放进嘴分多，。醉，最钟爱菜，比陇略，多，惜上次陇，多，此菜沽清。所，。四汁和六丝两好菜，入，孩爱。扬银耳雪，上海最佳，货真价加滑嫩银耳，真好润！妈妈带六百，豆，焗面，素，笼，品，炒，及品若。如，，撤，哥位，问菜退，退。直，胜人多，应，其怀，杭州面，真地，生日每都，希次能正。收起评价,2020-08-30 20:05,金牌外婆家,"['http://www.dianping.com/photos/2296749519', 'http://www.dianping.com/photos/2296757161', 'http://www.dianping.com/photos/2296742051', 'http://www.dianping.com/photos/2296737028', 'http://www.dianping.com/photos/2296749522', 'http://www.dianping.com/photos/2296737029']"
robin&amp;86,http://www.dianping.com/member/852935519,40,口味：4.0 环境：4.0 服务：4.0 性价比：4.0,来福士几家决去婆家，家太就随点四菜。「婆红」块搭荷叶饼，肥得瘦稍微点柴，味味，下笋常。「蚝芥兰」味清淡爽脆「鸡」名字以，其实。就少盘之菜。「江南鲜」面河、蛤蜊、条鲫鱼。汤金黄粉点。[铃]：错，杯子没立就给倒，买单时候小主动提点评优惠券以使。收起评价,2020-09-20 12:20,金牌外婆家,"['http://www.dianping.com/photos/2331056741', 'http://www.dianping.com/photos/2331056742', 'http://www.dianping.com/photos/2331064076', 'http://www.dianping.com/photos/2331046461', 'http://www.dianping.com/photos/2331064077']"
店铺名称,店铺网址
丰和日丽(上海中心店),http://www.dianping.com/shop/H3vtRP9QieH6kbYH
用户名,用户ID链接,评定星级,评论描述,评论详情,评论时间,评论商铺,评论图片
一点点_5080,http://www.dianping.com/member/317359269,50,口味：5.0 环境：5.0 服务：5.0 性价比：5.0 人均：200元,今和人来中心吃..~跟nicelllll[荷]环：挺，适合庭聚聚或邀请客来鲜「葱油蟹」蟹肥，装致因为切成了份吃来特别味「葱油瓜子」用了新的做，味道更[]：生热情，倒茶，换快有豆………收起评价,2020-10-13 19:58,丰和日丽,"['http://www.dianping.com/photos/2373409570', 'http://www.dianping.com/photos/2373416629', 'http://www.dianping.com/photos/2373375917', 'http://www.dianping.com/photos/2373409571', 'http://www.dianping.com/photos/2373409572']"
康尛婷,http://www.dianping.com/member/6896316,45,口味：4.5 环境：5.0 服务：5.0 性价比：3.5,去游览楼，就个晚饭，看到有橙v套餐断买。3-4套餐量超。菜有小望潮，酒开注，鱿鱼有水料觉蛏子～两椒复合搭配。拼红有一腻，是，主实在下。葱蟹多额，～～～鱼馄饨一盆，实在完，一都腥气，棒棒收起评价,2020-10-10 18:28,丰和日丽,"['http://www.dianping.com/photos/2367775855', 'http://www.dianping.com/photos/2367772026', 'http://www.dianping.com/photos/2367775856', 'http://www.dianping.com/photos/2367769190', 'http://www.dianping.com/photos/2367769191', 'http://www.dianping.com/photos/2367775857', 'http://www.dianping.com/photos/2367775858']"
Roro719,http://www.dianping.com/member/42957956,50,口味：5.0 环境：5.0 服务：5.0 性价比：5.0,这次，每次鲳焖饭，别的。大众评餐，那2-3餐5菜，小口的女4吃，真实惠，已经不第一次。中挺，服务稍慢，不过关系，吃，慢慢聊。收起评价,2020-10-13 22:25,丰和日丽,"['http://www.dianping.com/photos/2373656755', 'http://www.dianping.com/photos/2373641604', 'http://www.dianping.com/photos/2373677110', 'http://www.dianping.com/photos/2373641603']"
财务朱老师,http://www.dianping.com/member/33100009,50,口味：5.0 环境：4.5 服务：5.0 性价比：5.0 人均：100元,风和日丽还如既优秀「鲳鱼焖饭」鲳鱼外里嫩入味，粒也香，还锅催催😋「老娘手」招菜每，，啥添加剂「双椒蒸蛏子」颜色美貌，红黄绿，配色食，双椒，美「秘制橙香雪花牛小排」这赞，定要！级，级入味，酸酸也不腻「手蟹粉豆腐」这也，我下子两碗，蟹黄「葱子」这惊艳我，直接推小车🚗现制以证，人喜子，聊聊可嗑美子，道嗲收起评价,2020-08-07 07:12,丰和日丽,"['http://www.dianping.com/photos/2256000884', 'http://www.dianping.com/photos/2255999842', 'http://www.dianping.com/photos/2256002407', 'http://www.dianping.com/photos/2256001493', 'http://www.dianping.com/photos/2256001494', 'http://www.dianping.com/photos/2256000885', 'http://www.dianping.com/photos/2256001495', 'http://www.dianping.com/photos/2256002408', 'http://www.dianping.com/photos/2256000886']"
西西cici,http://www.dianping.com/member/49116135,45,口味：4.5 环境：4.5 服务：4.5 性价比：4.5,庆长假聚运还能提前天到房九（63）美时：「鲳焖饭」鲳厚实，点烤椒盐，米饭椰，糯糯。「老娘好」创意椰冻，值与并存品，喜，值No.1「葱蟹」蟹，蟹壳处过、，但9就少了，158/，该2。「双椒蒸蛏」椒与泡椒，辣辣爽，腥，配型赞，。「松鼠桂」开，本必点，适给，美。「炭田牛」硬，牛超级棒，瘦劲、无论还蘸料棒，强烈推荐！「蟹粉」满满诱，无「爆虾拼河虾仁」虾仁双拼，，足，饭🦐怎「碧」被型所吸引，西葫芦裹，淡青，喜「品」淡生，各种菇，，我位～哈哈哈（了2）「南乳空」让了，喜，空，，，最，，我饭能物[荷]环境：位于海厦B2，餐厅风代，白，。灯山画呼，既代风，还错，洁。[铃]：态好，求必，最要求，还让忙，热，感最账1551，打了981520，商家力点。收起评价,2020-10-08 01:03,丰和日丽,"['http://www.dianping.com/photos/2362799449', 'http://www.dianping.com/photos/2362780288', 'http://www.dianping.com/photos/2362810132', 'http://www.dianping.com/photos/2362799448', 'http://www.dianping.com/photos/2362780289', 'http://www.dianping.com/photos/2362799450', 'http://www.dianping.com/photos/2362810133', 'http://www.dianping.com/photos/2362810134', 'http://www.dianping.com/photos/2362799451', 'http://www.dianping.com/photos/2362780290', 'http://www.dianping.com/photos/2362810135', 'http://www.dianping.com/photos/2362780291', 'http://www.dianping.com/photos/2362810136', 'http://www.dianping.com/photos/2362799452', 'http://www.dianping.com/photos/2362810137']"
Aphrodite_Ivy,http://www.dianping.com/member/54867315,40,口味：4.0 环境：4.0 服务：4.0 性价比：4.0 人均：180元,[荷]环境：上海中心B2，提前然到～[铃]：，直让员帮忙荐，结荐～「鲳鱼焖」热门，每粒米都，鲳鱼。。「陈花醉」肉！荐！种口能化感觉。「手拆蟹」蟹汤羹，不「拼水晶」荐，两种🦐，，，，外酥脆。「碧绿衣卷」外衣，应该蔬，爽，值不「南乳空心」空心好吃「鲥鱼」～常好吃「菠萝牛仔骨」不荐。。。酸。。道重。。。「马兰头」起慢，们吃到后上，因为要，所以。。。收起评价,2020-10-08 21:34,丰和日丽,"['http://www.dianping.com/photos/2364453599', 'http://www.dianping.com/photos/2364453600', 'http://www.dianping.com/photos/2364453601', 'http://www.dianping.com/photos/2364436674', 'http://www.dianping.com/photos/2364436676', 'http://www.dianping.com/photos/2364465657', 'http://www.dianping.com/photos/2364436677', 'http://www.dianping.com/photos/2364453604', 'http://www.dianping.com/photos/2364453605']"
xichentuan,http://www.dianping.com/member/11298300,40,口味：4.0 环境：4.5 服务：4.5 性价比：4.5,附细和部菜单位于心b2层，去人还较多一到五有48和582高，搭配一份主菜.素菜..饭.小菜菜：，适味道错得说这菜品量较足，但口味甜一（和其他本帮菜相）牛仔有吃浆感觉将牌荐因实甜收起评价,2020-09-19 10:28,丰和日丽,"['http://www.dianping.com/photos/2329113615', 'http://www.dianping.com/photos/2329106978', 'http://www.dianping.com/photos/2329113613', 'http://www.dianping.com/photos/2329113614', 'http://www.dianping.com/photos/2329099309', 'http://www.dianping.com/photos/2329106979', 'http://www.dianping.com/photos/2329099310', 'http://www.dianping.com/photos/2329113616', 'http://www.dianping.com/photos/2329113617', 'http://www.dianping.com/photos/2329106980', 'http://www.dianping.com/photos/2329106981', 'http://www.dianping.com/photos/2329099311', 'http://www.dianping.com/photos/2329106982', 'http://www.dianping.com/photos/2329106983', 'http://www.dianping.com/photos/2329113618', 'http://www.dianping.com/photos/2329123757']"
安弟人人,http://www.dianping.com/member/28621889,35,口味：3.0 环境：2.5 服务：4.5 性价比：5.0 人均：70元,盆鲜🦞蒸肉饼，🐟，豆腐炒白🥬，钵鲳🐠。。评70150券后，实结格141。超高。段间住陆嘴，打算开，省开支四找打厅。间排第，或严格，单而言。么当然仅此证，周，此366超VIP，完后打包少。那务烹饪更留印。务妈验证橙V等后笑盈盈，殷情周，后免打包盒。此，今天阶段，务**严肃产生差感，而且确同。好，等感度升，妈端现红杂，免费送，当然出心底散聚中恶念，解，迟，此达歉。所，务满。半天味外。可味，真多夸。单招牌“鲳”，实肠酱炒干煎鲳，间味相，淮招牌鲳。回，鲳才68，。兜兜绕回。句，高逼浪费程度。证，片中邻对男女完298。对抛下感诧异，偷下望回接，后务，告诉已经结走。心里起店，该搞那么扣东西，政府让约吗？收起评价,2020-09-25 21:51,丰和日丽,"['http://www.dianping.com/photos/2340088192', 'http://www.dianping.com/photos/2340084526', 'http://www.dianping.com/photos/2340088193']"
丁小丁_1746,http://www.dianping.com/member/847690118,50,口味：5.0 环境：5.0 服务：5.0 性价比：5.0,[]：地稍难，上海中心b2，但也因为此，显格外幽静，里以聚餐为，没附、金那么喧闹。餐分。[务铃]务：务！门口迎接时，就非常情。落座，员就送了毒，并为位顾倒上柠檬茶。就餐前送羹（米羹、），值庆，朋友拿了旗气球，看，感叹真心了。「雪黄馄饨」牌，眉毛要下了。「状元苔烤」本最佳，红肉，配上苔，里辈，连连称地道。「雕醉鸡」我最，很，不咸不淡。「圆」特色，值称羹里浓浓，让想最走路上，心旷神怡。「肉生煎」底很，汁，吃总体讲，这顿简划算了嘛，吃意，我也评高。日！众评！收起评价,2020-09-30 18:58,丰和日丽,"['http://www.dianping.com/photos/2348124895', 'http://www.dianping.com/photos/2348128301', 'http://www.dianping.com/photos/2348128302', 'http://www.dianping.com/photos/2348108953', 'http://www.dianping.com/photos/2348108954', 'http://www.dianping.com/photos/2348128303', 'http://www.dianping.com/photos/2348108955']"
狮子座的黛熹,http://www.dianping.com/member/22341888,45,口味：4.5 环境：4.0 服务：4.5 性价比：4.5,太其丽5234人段时间，在。意，竟然橙V，366，毫犹豫、刻就抢（二，橙V）。，。老公以，据他应，。今完后，老公就改观，原先评确。都非。[荷]环境：，。每桌都瓶免手，评。客人也少，基本座。[]：赞桌员，态度友，主，眼力。在弄头，即盘，让头。说，便，才赞。质量心错。「辣望」，要5🌟。辣（其辣）调料，让鱿🦑得妙，筷么也停。「花雕」，功「双蒸蛏」个5🌟。双辣，合，剁泡，托新蛏异。非合辣、喜剁泡海人。「葱油蟹」蟹，笑。唯缺就，，广告那盘蟹「汤馄饨」汤，腥都。馄饨每个也。评缺馄饨偏软，韧。「楼苔方烤」个腐乳，功力，、软糯，同时，。海苔缀，就出。「生」生全酵，喜。馅，达心目生馅标准。「」5🌟call。麻馅。，而麻馅。馅也，。烂硬、处，水平流。起，麻馅，像只浙，个要胜那，就记。「椰汁蛋清米」，就足，椰饮料错厅，应会光顾。收起评价,2020-09-12 15:09,丰和日丽,"['http://www.dianping.com/photos/2318178007', 'http://www.dianping.com/photos/2318171245', 'http://www.dianping.com/photos/2318159722', 'http://www.dianping.com/photos/2318159723', 'http://www.dianping.com/photos/2318171246', 'http://www.dianping.com/photos/2318159724', 'http://www.dianping.com/photos/2318171247', 'http://www.dianping.com/photos/2318165117', 'http://www.dianping.com/photos/2318178008', 'http://www.dianping.com/photos/2318159725']"
小咖Shirley,http://www.dianping.com/member/775545488,40,口味：3.5 环境：4.0 服务：4.5 性价比：3.5 人均：340元,楼办事，三个人锁店，服务错，较多，都特，鳝拍，做错百笋壳面然铺全认识什么，狠狠滴呲呲呲很，处溅，一要心会溅身，蛮喜这种重制雪花牛排也江一带，制；浸既也一道，很像翅鲍汁；葱油膏蟹本说这店特，蟹，很过瘾……油豆腐烧然油赤子，真蛮，些油泡🥬那个麻将中糯，开始跟介绍，糯米食，真咋收起评价,2020-10-02 19:27,丰和日丽,"['http://www.dianping.com/photos/2352215784', 'http://www.dianping.com/photos/2352231450', 'http://www.dianping.com/photos/2352215783', 'http://www.dianping.com/photos/2352225338', 'http://www.dianping.com/photos/2352225339', 'http://www.dianping.com/photos/2352231451', 'http://www.dianping.com/photos/2352231452', 'http://www.dianping.com/photos/2352225340']"
tata,http://www.dianping.com/member/6649,40,口味：4.0 环境：3.5 服务：3.5 性价比：4.0,橙V套餐，366。上海中B2，境略，每桌洗洗手液，算用。品很错，人扶出。「望潮」，劲，拌卤略甜版钵钵，爱甜口定喜欢「陈年醉」再郁更，半卤半，「椒蒸蛏」丰收系列经式，功无，蛏，掉泥边边，注重细「馄饨」整条！若干馄饨！鲜，馄饨馅软，如果完「油蟹」，鲜，，很但别知「苔方」愉快红烧（腐乳）苔（卷貌），郁又爽，搭几河海鲜刚刚「鲜包」无比又软包，并会得腻和，因为软，鲜馅紧，完「圆」并圆，洋酥馅偷，到这「炒时」该空，可以「椰米」乎乎，通，分，没，甜整体366，赞！收起评价,2020-09-23 18:55,丰和日丽,"['http://www.dianping.com/photos/2336651589', 'http://www.dianping.com/photos/2336651588', 'http://www.dianping.com/photos/2336648654', 'http://www.dianping.com/photos/2336634817', 'http://www.dianping.com/photos/2336634822', 'http://www.dianping.com/photos/2336648658', 'http://www.dianping.com/photos/2336648660', 'http://www.dianping.com/photos/2336634825', 'http://www.dianping.com/photos/2336634827']"
永恒的猪肉卷126,http://www.dianping.com/member/36275765,40,口味：4.0 环境：5.0 服务：4.0 性价比：4.0,[薄荷]环境：坐沙宽，装修风格不[服铃]服：不来加，买单开票都等久「鲳焖饭」比想象吃，击率「娘手」适合拍照友，跟椰道差不「上海酱」为冷菜，这道般，酱不那「咸蛋鸡」入，够了不咸，配条蛮吃收起评价,2020-10-03 10:16,丰和日丽,"['http://www.dianping.com/photos/2353091876', 'http://www.dianping.com/photos/2353091877', 'http://www.dianping.com/photos/2353096502', 'http://www.dianping.com/photos/2353096503', 'http://www.dianping.com/photos/2353091878', 'http://www.dianping.com/photos/2353104518']"
我叫静静呀,http://www.dianping.com/member/37479893,45,口味：4.5 环境：4.5 服务：4.5 性价比：4.5,家蒂芙的浙菜管，环境不，餐甜，家藏店。鲳鱼焖：这的太了，分量，鲳鱼好，至更加不了，。整大虾锅贴：，的是整虾，而且都大，口下满。花雕酒肉：的酒，肉细腻，类蛮多，好。菌菇：这我的他全喝完了，超好的，而且菌菇好几，的叫不出名字，字。收起评价,2020-10-01 14:58,丰和日丽,"['http://www.dianping.com/photos/2349813855', 'http://www.dianping.com/photos/2349783276', 'http://www.dianping.com/photos/2349814434', 'http://www.dianping.com/photos/2349783275', 'http://www.dianping.com/photos/2349783277']"
看着好吃,http://www.dianping.com/member/17548168,45,口味：4.0 环境：4.0 服务：4.0 性价比：4.0 人均：150元,绿色装修在上地下晚上去候人多部里几口起去餐前送粉超个印象深刻但稍腥味馄饨馄饨也上土知道熟汤臭豆腐上来候烫好议店供更好酱膏蟹新上面小葱香葱我都小100多价格显得性价比般后单用劝3个基2人能150人般吧可能到特别惊艳但也卫新好收起评价,2020-09-21 08:59,丰和日丽,"['http://www.dianping.com/photos/2332601105', 'http://www.dianping.com/photos/2332605138', 'http://www.dianping.com/photos/2332605137', 'http://www.dianping.com/photos/2332601104']"
