FxL9E3ka92znGcuF,禧運發茶冰厅(湖滨店),"['不用排队(32)', '牛肉赞(26)', '上菜快(16)', '主食赞(15)', '海鲜棒(12)', '回头客(4)', '到店自提(16)', '下午茶(9)', '朋友聚餐(7)', '工作餐(5)']"
k4yct7Ucleaauvk4,osteria pelecanus鹈鹕野餐,"['回头客(228)', '上菜快(79)', '不用排队(33)', '闺蜜聚会(66)', '朋友聚餐(54)', '现做现卖(25)', '到店自提(21)', '店内消毒(7)', '下午茶(7)', 'Brunch(3)']"
H8UDHGpPhuvJdH0b,金猪,"['回头客(200)', '上菜快(149)', '不用排队(40)', '停车方便(3)', '到店自提(38)', '朋友聚餐(30)', '弄堂小店(27)', '工作餐(21)', '闺蜜聚会(10)', '请客(7)']"
k7Xduykg3ziUfgZg,宝中宝食府,"['回头客(151)', '上菜快(71)', '不用排队(9)', '发发呆(8)', '到店自提(55)', '朋友聚餐(23)', '弄堂小店(15)', '闺蜜聚会(10)', '深夜食堂(8)', '店内消毒(1)']"
G1WuNcQxjW8WeXFk,大力士,"['回头客(520)', '不用排队(135)', '上菜快(110)', '发发呆(27)', '朋友聚餐(84)', '闺蜜聚会(63)', '到店自提(51)', '深夜食堂(21)', '下午茶(8)', '店内消毒(1)']"
k4L6uT78FI89eMg1,朋友圈·鲜鱼馆一线湖景餐厅,"['回头客(43)', '停车免费(19)', '夜景赞(14)', '不用排队(12)', '到店自提(16)', '店内消毒(1)', '朋友聚餐(37)', '下午茶(19)', '文艺清新(16)']"
k5X8TTYfaInUK5H0,叶马茶楼(六和塔店),"['回头客(231)', '上菜快(96)', '停车方便(79)', '不用排队(45)', '到店自提(41)', '请客(37)', '朋友聚餐(34)', '下午茶(8)', '有江景(5)', '店内消毒(4)']"
k6SiGh5iVUpvKyYs,杭州酒家(延安路店),"['回头客(1329)', '上菜快(1117)', '不用排队(457)', '夜景赞(10)', '有表演(3)', '到店自提(413)', '下午茶(30)', '店内消毒(12)', '老洋房(6)', '有宝宝椅(4)']"
G5xiGHiPTDXcIH0k,茶人村·三代传承演绎杭帮,"['回头客(1043)', '上菜快(230)', '停车方便(189)', '不用排队(107)', '有萌宠(4)', '到店自提(211)', '下午茶(124)', '店内消毒(36)', '可带宠物(9)', '有宝宝椅(4)']"
H5Ca5yAkVNlRP0FU,新白鹿餐厅(湖滨银泰in77C区店),"['回头客(288)', '上菜快(279)', '不用排队(78)', '到店自提(141)', '朋友聚餐(84)', '弄堂小店(80)', '闺蜜聚会(34)', '家庭聚餐(26)', '下午茶(17)', '店内消毒(3)']"
l3gA3FsegKlRzTId,江萌主地锅鸡地锅鱼(中赢国际店),"['菜品健康(77)', '回头客(45)', '停车方便(27)', '上菜快(25)', '不用排队(19)', '朋友聚餐(65)', '现做现卖(52)', '到店自提(10)', '家庭聚餐(8)', '有宝宝椅(3)']"
G7KMd3DGqkn5qv0h,壹品轩·东坡家宴(湖滨店),"['回头客(223)', '上菜快(169)', '不用排队(62)', '请客(49)', '到店自提(43)', '家庭聚餐(33)', '朋友聚餐(31)', '年会(17)', '下午茶(6)', '店内消毒(1)']"
k60YFhbL6nGX2yeI,知竹,"['菜品健康(428)', '上菜快(26)', '不用排队(19)', '回头客(13)', '深夜食堂(55)', '到店自提(21)', '文艺清新(21)', '朋友聚餐(18)', '下午茶(13)', '店内消毒(1)']"
G2vbM6jYkQN0KC6Q,方老大面,"['回头客(781)', '不用排队(254)', '菜品健康(126)', '上菜快(87)', '发发呆(54)', '现做现卖(1311)', '到店自提(130)', 'Brunch(15)', '下午茶(11)', '店内消毒(6)']"
l98BZzVn8SxK5BAD,乔村二十八道(钱江世纪城店),"['回头客(897)', '上菜快(141)', '停车方便(82)', '不用排队(57)', '朋友聚餐(106)', '请客(95)', '到店自提(74)', '公司聚餐(69)', '店内消毒(3)', '下午茶(3)']"
k3Vj0HHbtl6a7BmT,炉鱼(之江银泰店),"['味道赞(27)', '服务热情(21)', '回头客(8)', '肉类好(8)', '环境很好(8)', '菜品不错(4)', '性价比高(4)', '体验很棒(4)', '价格实惠(3)', '午餐(4)']"
k2onwjFzM9usK4Hg,外婆家(西湖天地涌金店),"['回头客(115)', '上菜快(66)', '不用排队(39)', '夜景赞(4)', '到店自提(33)', '家庭聚餐(11)', '请客(11)', '下午茶(9)', '朋友聚餐(8)', '店内消毒(4)']"
EbmqX5GQzeVAxYkl,宴鲜森·创意杭帮菜(斗富一桥店),"['回头客(153)', '上菜快(82)', '不用排队(15)', '发发呆(14)', '弄堂小店(187)', '深夜食堂(77)', '到店自提(33)', '朋友聚餐(19)', '下午茶(8)', '店内消毒(2)']"
G7ncF9SULqLjQ36Q,Super27·万圣季,"['回头客(341)', '不用排队(163)', '停车免费(5)', 'Brunch(471)', '下午茶(385)', '到店自提(376)', '朋友聚餐(220)', '闺蜜聚会(213)', '店内消毒(28)', '有宝宝椅(4)']"
GaUVblXZjlUuwyoN,black rainbow coffee,"['回头客(58)', '发发呆(33)', '不用排队(9)', '到店自提(204)', '下午茶(118)', '现做现卖(29)', '朋友聚餐(25)', '闺蜜聚会(19)', '弄堂小店(18)', '文艺清新(17)']"
k1F5tdBBSXjKQWcq,黄鱼炙夜(华家池店),"['菜品健康(23)', '上菜快(8)', '回头客(6)', '撸串圣地(5)', '停车方便(4)', '不用排队(3)', '深夜食堂(6)', '到店自提(5)', '朋友聚餐(3)', '闺蜜聚会(3)']"
l7vEh7oMETmMCva5,大牌大传统菜(湖滨店),"['回头客(1182)', '上菜快(421)', '不用排队(185)', '夜景赞(3)', '到店自提(106)', '弄堂小店(102)', '朋友聚餐(91)', '闺蜜聚会(46)', '下午茶(11)', '店内消毒(8)']"
HaGyNOT7PGcGNk1M,新榆园·大隐于市(湖滨银泰旗舰店),"['回头客(553)', '不用排队(156)', '停车方便(18)', '夜景赞(3)', '到店自提(169)', '朋友聚餐(127)', '店内消毒(45)', '下午茶(44)', '有宝宝椅(6)']"
H92rDX9CbSigd9gS,杭州君悦酒店·湖滨28中餐厅,"['回头客(177)', '停车免费(20)', '不用排队(10)', '请客(115)', '到店自提(45)', '朋友聚餐(41)', '闺蜜聚会(32)', '下午茶(29)', '店内消毒(4)']"
ikiBajt3LU6C1jam,岚轩餐厅,"['上菜快(24)', '回头客(22)', '发发呆(22)', '停车方便(7)', '下午茶(25)', '公司聚餐(23)', '到店自提(21)', '文艺清新(19)', '朋友聚餐(19)', '店内消毒(1)']"
l1F8TwBOVpMUHPCe,陈艳红市井火锅(九堡店),"['菜品健康(92)', '上菜快(35)', '回头客(29)', '不用排队(24)', '停车方便(16)', '朋友聚餐(22)', '闺蜜聚会(7)', '公司聚餐(6)', '到店自提(4)', '有包厢(4)']"
G1IouBseKbNOghUA,老头儿油爆虾(湖滨银泰in77D区店),"['回头客(213)', '上菜快(86)', '不用排队(50)', '发发呆(13)', '到店自提(43)', '朋友聚餐(31)', '闺蜜聚会(28)', '弄堂小店(23)', '店内消毒(15)', '下午茶(6)']"
k5QWs1ObdJcDL8Va,桂语山房高级餐厅,"['菜品健康(960)', '回头客(325)', '停车方便(75)', '不用排队(13)', '请客(208)', '下午茶(164)', '到店自提(114)', '店内消毒(9)', '别墅(4)', '可带宠物(3)']"
k4cy7BZpJGdWlhiD,西子湖四季酒店·金沙厅,"['回头客(260)', '停车方便(31)', '不用排队(17)', '下午茶(123)', '请客(105)', '到店自提(76)', '店内消毒(9)', '别墅(3)', 'Brunch(3)']"
l3diMq4HohXdFcyo,西湖国宾馆·紫薇厅,"['回头客(107)', '不用排队(34)', '停车免费(19)', '夜景赞(6)', '请客(89)', '下午茶(79)', '到店自提(42)', '别墅(7)', '店内消毒(5)', '有宝宝椅(3)']"
k5K4KjjXuFgY0aE5,中国凉都黄牛肉馆(建国北路店),[]
l9yumftn9eug7jbb,满满初牛·不忘初心(国大店),"['回头客(606)', '不用排队(233)', '上菜快(195)', '夜景赞(18)', '停车方便(11)', '朋友聚餐(205)', '闺蜜聚会(139)', '到店自提(116)', '店内消毒(70)', '下午茶(18)']"
G46jFzPSqHGtwjKr,VIDA花园餐厅(嘉里中心店),"['回头客(84)', '不用排队(33)', '停车方便(7)', '夜景赞(5)', '下午茶(901)', '闺蜜聚会(240)', '朋友聚餐(106)', '到店自提(25)', 'Brunch(19)', '店内消毒(3)']"
G2j7ArtoaObwRsll,樨香(钱江新城店),"['回头客(17)', '停车方便(9)', '不用排队(7)', '请客(30)', '朋友聚餐(23)', '闺蜜聚会(20)', '到店自提(17)', '文艺清新(14)', '店内消毒(4)']"
G3quPCHx4THdHpAU,西溪别院(西溪天堂店),"['上菜快(115)', '回头客(97)', '停车方便(68)', '不用排队(22)', '到店自提(171)', '公司聚餐(79)', '请客(68)', '店内消毒(37)', '下午茶(19)', '别墅(11)']"
ka8g09ercnjx20m2,青蔬捞烫(下沙宝龙店),"['味道赞(16)', '菜品健康(10)', '性价比高(9)', '环境很好(9)', '价格实惠(7)', '服务热情(7)', '干净整洁(3)', '午餐(5)']"
l44OwnF11N3n2tUz,新榆园(总店),"['回头客(988)', '不用排队(127)', '夜景赞(4)', '下午茶(281)', '到店自提(95)', '别墅(19)', '有宝宝椅(6)', '可带宠物(5)', '店内消毒(3)']"
l9VMmsSaDxse1XM6,解香楼,"['回头客(61)', '停车方便(25)', '不用排队(4)', '请客(81)', '下午茶(40)', '到店自提(29)', '家庭聚餐(19)', '别墅(9)', '店内消毒(1)']"
G1GnKg9R8tbJ7AEd,荣先森·闽南菜(杭州大悦城店),"['上菜快(331)', '回头客(327)', '不用排队(167)', '停车免费(29)', '到店自提(141)', '朋友聚餐(75)', '文艺清新(57)', '店内消毒(36)', '下午茶(9)', '有宝宝椅(3)']"
H7eOYU0nNKZGo3VJ,秋粤台,"['回头客(54)', '上菜快(37)', '不用排队(24)', '停车方便(15)', '夜景赞(9)', '请客(53)', '朋友聚餐(26)', '下午茶(21)', '到店自提(19)', '店内消毒(4)']"
H2K4F7i1ZCEHCOGG,合興發茶冰室(湖滨银泰店),"['不用排队(90)', '上菜快(76)', '回头客(16)', '发发呆(11)', '到店自提(52)', '下午茶(20)', '闺蜜聚会(9)', '朋友聚餐(8)', '工作餐(4)', '店内消毒(1)']"
k9kHt55o1b1DuCFX,Home Thai,"['回头客(455)', '上菜快(376)', '不用排队(175)', '停车方便(14)', '朋友聚餐(132)', '闺蜜聚会(102)', '到店自提(101)', '工作餐(42)', '下午茶(12)', '店内消毒(10)']"
k3WdFHurKaCeZMi6,月龍吟(平安金融中心店),"['菜品健康(1166)', '上菜快(376)', '回头客(217)', '停车方便(48)', '夜景赞(12)', '不用排队(12)', '朋友聚餐(142)', '店内消毒(9)', '到店自提(6)', '下午茶(6)']"
H4CQZoqvOI86Koj3,乾湖会·海鲜姿造美学餐厅,"['菜品健康(304)', '回头客(77)', '停车方便(36)', '不用排队(34)', '夜景赞(5)', '朋友聚餐(77)', '店内消毒(5)', '下午茶(4)', '到店自提(3)', '有江景(3)']"
kaSbFVUOtB7p0gMQ,天伦里餐厅,"['回头客(332)', '停车方便(94)', '不用排队(44)', '请客(107)', '到店自提(90)', '朋友聚餐(53)', '公司聚餐(30)', '家庭聚餐(24)', '下午茶(5)']"
G3aNLAgLVnGdbIgO,鲁员外地锅鸡地锅鱼(古墩路店),"['肉类好(76)', '菜品不错(50)', '回头客(19)', '上菜快(10)', '不用排队(6)', '冬天吃过瘾(5)', '主食赞(5)', '到店自提(16)', '朋友聚餐(13)', '店内消毒(5)']"
H9BPoWXSNHcUNhHn,云山上餐厅,"['回头客(19)', '发发呆(11)', '不用排队(4)', '下午茶(29)', '朋友聚餐(16)', '闺蜜聚会(14)', '别墅(4)', '到店自提(3)', '店内消毒(2)']"
k1NYnMufEJKnZxi0,汉舍小雅汉舍小馆,"['回头客(676)', '停车方便(278)', '上菜快(201)', '不用排队(37)', '夜景赞(11)', '请客(170)', '到店自提(102)', '下午茶(34)', '别墅(9)', '店内消毒(2)']"
l2iaUbXYn9qQkHa0,木守西溪溪隐餐厅,"['停车方便(16)', '回头客(14)', '发发呆(13)', '下午茶(88)', '请客(18)', '闺蜜聚会(7)', '到店自提(4)', '别墅(3)', '店内消毒(1)']"
l2UYsVqOQxH69T63,里园·八角杯,"['回头客(7)', '上菜快(6)', '到店自提(11)', '下午茶(10)', '弄堂小店(10)', '闺蜜聚会(6)', '别墅(4)', '朋友聚餐(4)', '请客(4)', '现做现卖(3)']"
G7wprQ9V92CgMe1V,炉鱼(西湖银泰城店),"['回头客(278)', '上菜快(91)', '不用排队(88)', '停车方便(4)', '朋友聚餐(62)', '到店自提(23)', '闺蜜聚会(16)', '请客(9)', '下午茶(6)', '工作餐(5)']"
l8vrqLU6pzH8MlC8,南京大牌档(银泰in77C区店),"['回头客(271)', '上菜快(183)', '不用排队(128)', '有表演(16)', '到店自提(153)', '朋友聚餐(75)', '弄堂小店(39)', '闺蜜聚会(37)', '下午茶(19)', '店内消毒(2)']"
H2TnF6ngyS7offMN,肉本家·炭烤肉(杭州浙大总店),"['回头客(356)', '不用排队(197)', '上菜快(106)', '发发呆(45)', '朋友聚餐(120)', '到店自提(115)', '深夜食堂(80)', '闺蜜聚会(43)', '店内消毒(17)', '下午茶(3)']"
G1QlLbbeH70SX4Em,鸡啤咯哒(下沙华元店),"['回头客(177)', '不用排队(32)', '上菜快(31)', '发发呆(11)', '停车方便(4)', '到店自提(98)', '弄堂小店(95)', '朋友聚餐(52)', '闺蜜聚会(30)', '深夜食堂(5)']"
k8du4kodtdiWF5uA,新荣记(西溪湿地店),"['回头客(57)', '停车方便(11)', '发发呆(8)', '请客(53)', '下午茶(28)', '到店自提(26)', '朋友聚餐(15)', '闺蜜聚会(6)', '店内消毒(2)']"
k2fOeVKYrN1S774G,炉鱼(未来科技城万达店),"['服务热情(19)', '味道赞(13)', '肉类好(9)', '价格实惠(6)', '性价比高(5)', '环境很好(5)', '回头客(4)', '海鲜棒(4)', '菜品不错(4)', '到店自提(1)']"
H2jssVMG4zUztyro,默绿Molv restaurant,"['回头客(66)', '不用排队(16)', '弄堂小店(119)', '文艺清新(102)', '闺蜜聚会(91)', '到店自提(36)', '下午茶(7)', '店内消毒(5)', 'Brunch(5)']"
k6l66osawZ6sGmQy,杭州柏悦酒店·悦轩中餐厅,"['回头客(84)', '夜景赞(69)', '停车免费(7)', '不用排队(6)', '请客(63)', '下午茶(59)', '有江景(56)', '到店自提(29)', '店内消毒(2)']"
l3QHrjE2HuhuENe5,大力士(延安南路店),"['回头客(192)', '不用排队(189)', '上菜快(45)', '停车方便(15)', '弄堂小店(46)', '朋友聚餐(45)', '到店自提(32)', '闺蜜聚会(31)', '店内消毒(5)', '下午茶(4)']"
H1aa60VFdm7lU3TD,晌熏·欧巴年糕(和达城店),"['回头客(385)', '不用排队(84)', '上菜快(59)', '发发呆(19)', '停车免费(7)', '到店自提(330)', '朋友聚餐(73)', '闺蜜聚会(69)', '下午茶(4)', '店内消毒(3)']"
H9JmZ7gwmXOaKNLC,泉亭柳 ヤナギ,"['菜品不错(12)', '服务热情(12)', '情侣约会(8)', '高大上(6)', '味道赞(6)', '有包间(21)', '环境私密(17)', '朋友聚餐(5)', '午餐(3)']"
G3ChgwXndDdoH0Sd,tony’s house,"['回头客(140)', '上菜快(80)', '不用排队(15)', '停车方便(9)', '发发呆(9)', '到店自提(31)', '弄堂小店(23)', '朋友聚餐(23)', '闺蜜聚会(13)', '店内消毒(2)']"
k47iAF3mGoRNXcAn,澳骄 Aussie Kitchen,"['回头客(373)', '上菜快(53)', '不用排队(42)', '闺蜜聚会(76)', '朋友聚餐(62)', '文艺清新(40)', '到店自提(32)', '下午茶(21)', 'Brunch(10)', '店内消毒(2)']"
kaWlhAqStEr6Kagk,啫卤爷,"['回头客(54)', '不用排队(30)', '停车方便(21)', '深夜食堂(187)', '到店自提(36)', '朋友聚餐(34)', '闺蜜聚会(14)', '下午茶(4)', '店内消毒(1)']"
H2wmPU0H4jy74k7F,隐觅·私房菜,"['停车方便(59)', '上菜快(42)', '回头客(26)', '不用排队(14)', '朋友聚餐(24)', '到店自提(20)', '弄堂小店(19)', '隐于浮世(15)', '店内消毒(3)', '下午茶(3)']"
laazDc4oTXPL576y,觀芷隐轩,"['上菜快(263)', '停车方便(118)', '回头客(93)', '不用排队(38)', '隐于浮世(184)', '弄堂小店(167)', '下午茶(115)', '到店自提(12)', '店内消毒(8)', '别墅(8)']"
H9s2Y2V6AsQzcZUl,三嚥阁 La Villa Restaurant,"['回头客(17)', '发发呆(13)', '停车免费(12)', '不用排队(8)', '下午茶(304)', '工作餐(36)', '闺蜜聚会(32)', '别墅(4)', '到店自提(2)', '店内消毒(1)']"
ELf6XA87d1vAFShg,复兴面王(河东路店),"['回头客(212)', '不用排队(66)', '菜品健康(46)', '上菜快(35)', '发发呆(15)', '现做现卖(402)', '到店自提(62)', '开放厨房(30)', '朋友聚餐(18)', 'Brunch(3)']"
GaKIxdLOEx4MLft2,蟹觅(来福士店),"['回头客(311)', '上菜快(83)', '不用排队(66)', '停车方便(17)', '夜景赞(3)', '到店自提(78)', '朋友聚餐(76)', '店内消毒(35)', '下午茶(6)', 'Brunch(3)']"
G5vbQUBBk6Wx3sOW,mamala 西餐厅,"['回头客(527)', '停车方便(85)', '不用排队(7)', '闺蜜聚会(145)', '文艺清新(112)', '下午茶(96)', '到店自提(89)', '朋友聚餐(83)', '别墅(5)', 'Brunch(4)']"
ikYCgKlgFaKxkRDB,辣斗辣火锅(临平银泰店),"['味道赞(28)', '分量足(15)', '牛肉赞(12)', '菜品健康(11)', '海鲜棒(4)', '不用排队(3)', '到店自提(7)', '现做现卖(3)', '店内消毒(1)']"
jXALCKD626LmPb32,宴遇(大悦城店),"['回头客(187)', '不用排队(89)', '上菜快(70)', '停车免费(25)', '夜景赞(4)', '闺蜜聚会(187)', '文艺清新(72)', '到店自提(36)', '下午茶(26)', '店内消毒(6)']"
G4eAKfQVGxRYWr8d,庆春食堂·102道纯手工蔬食料理,"['菜品健康(2816)', '上菜快(250)', '回头客(174)', '停车方便(53)', '不用排队(37)', '朋友聚餐(115)', '开放厨房(84)', '到店自提(78)', '下午茶(22)', '店内消毒(10)']"
l8mhSe8P9IV2cA9m,101茶餐厅,"['回头客(132)', '菜品健康(114)', '上菜快(18)', '不用排队(5)', '停车方便(3)', '深夜食堂(43)', '朋友聚餐(24)', '到店自提(19)', '下午茶(3)', '店内消毒(2)']"
k9rV8Z25ytQQTEIJ,江浙荟(湖滨银泰B区店),"['上菜快(104)', '不用排队(48)', '回头客(43)', '夜景赞(3)', '到店自提(49)', '朋友聚餐(47)', '请客(43)', '闺蜜聚会(36)', '下午茶(11)', '店内消毒(3)']"
k1jwwZeygpgIHStD,阿发羊棒骨·桐乡羊肉面(庆春路店),"['羊肉(4)', '到店自提(1)']"
H6YiJuOvbjEgwPUt,文兴酒家•始于1990(平安金融中心店),"['回头客(34)', '上菜快(22)', '停车方便(14)', '不用排队(13)', '发发呆(9)', '请客(36)', '到店自提(24)', '朋友聚餐(21)', '下午茶(7)', '店内消毒(3)']"
kaiB9WsCX3v9rEuv,PASTO PAFÉ 怕事儿多(金沙龙湖天街店),"['菜品健康(30)', '不用排队(21)', '回头客(19)', '停车免费(4)', '文艺清新(50)', '工作餐(18)', '下午茶(14)', '到店自提(8)', '店内消毒(2)']"
H4JCLUf7Qx9DNwYa,大头隐食小馆,"['上菜快(57)', '回头客(37)', '不用排队(19)', '弄堂小店(54)', '到店自提(50)', '文艺清新(28)', '朋友聚餐(20)', '隐于浮世(17)', '下午茶(6)', '店内消毒(4)']"
k2wdIfxOIiVKcOWr,福昌洞,"['回头客(120)', '上菜快(55)', '不用排队(14)', '停车方便(13)', '冬天吃过瘾(12)', '工作餐(63)', '到店自提(22)', '朋友聚餐(17)', '闺蜜聚会(9)', '可带宠物(3)']"
G6UK7bp8PnNUcaBs,盛世蚝门·烧烤生蚝龙虾馆(下沙总店),"['回头客(24)', '不用排队(11)', '停车方便(6)', '发发呆(5)', '撸串圣地(4)', '深夜食堂(93)', '朋友聚餐(30)', '到店自提(27)', '弄堂小店(12)']"
k2vAAob7GQbvx5mF,瑾颖东北菜馆,"['回头客(56)', '上菜快(48)', '不用排队(24)', '发发呆(17)', '停车方便(5)', '到店自提(106)', '朋友聚餐(28)', '弄堂小店(12)', '闺蜜聚会(10)', '工作餐(8)']"
H9pWKlZuhpgPwFR2,Bistro été 夏久,"['回头客(39)', '上菜快(27)', '发发呆(11)', '不用排队(6)', '弄堂小店(124)', '闺蜜聚会(51)', '朋友聚餐(23)', '到店自提(8)', '店内消毒(6)', '下午茶(5)']"
l65aU6W5SXNA9pIw,意坊,"['回头客(45)', '不用排队(18)', '闺蜜聚会(129)', '下午茶(102)', '到店自提(25)', '店内消毒(19)', '别墅(17)', '老洋房(13)', 'Brunch(7)']"
FP4Aw8swViSltqpy,昊家露韩国料理,"['回头客(138)', '上菜快(45)', '不用排队(23)', '停车方便(16)', '发发呆(12)', '到店自提(51)', '朋友聚餐(26)', '闺蜜聚会(9)', '深夜食堂(5)', '店内消毒(4)']"
l8pU8pa2xoEJU1Kr,蜜菓(西田城旗舰店),"['味道赞(33)', '服务热情(26)', '性价比高(16)', '饮品赞(13)', '价格实惠(11)', '环境很好(6)', '体验很棒(5)', '干净整洁(4)', '到店自提(6)', '提供餐饮(3)']"
k2Kic7ki7dYjXqEf,BY AND BY coffee&food,"['菜品健康(45)', '停车方便(28)', '回头客(18)', '不用排队(5)', 'Brunch(359)', '下午茶(46)', '闺蜜聚会(29)', '到店自提(21)', '店内消毒(2)']"
k8X4nUoLCD2okSsI,青岚,"['停车方便(23)', '回头客(23)', '不用排队(5)', '下午茶(87)', '闺蜜聚会(48)', '朋友聚餐(34)', '请客(17)', '到店自提(12)', '店内消毒(2)']"
laXWdt6hVeOQ5oYd,明洞王妃家·和牛烤肉(湖滨银泰in77D区店),"['回头客(162)', '不用排队(112)', '上菜快(99)', '发发呆(26)', '停车方便(6)', '朋友聚餐(93)', '到店自提(85)', '闺蜜聚会(56)', '下午茶(8)', '店内消毒(7)']"
k6IiRX2nsQajiGg5,蝴蝶里(滨江天街店),"['上菜快(120)', '回头客(114)', '不用排队(56)', '夜景赞(17)', '停车方便(11)', '下午茶(169)', '到店自提(98)', '朋友聚餐(55)', '闺蜜聚会(36)', '店内消毒(3)']"
G6xuiEodNzpLDi3G,望江门小龙虾·靓虾(西湖店),"['回头客(88)', '上菜快(64)', '不用排队(49)', '到店自提(525)', '深夜食堂(199)', '朋友聚餐(72)', '现做现卖(19)', '闺蜜聚会(16)', '下午茶(12)', '店内消毒(5)']"
k7fBGYUvGkLVZd5q,月芽自由餐厅•酒肆小馆(中大银泰城店),"['回头客(40)', '不用排队(8)', '停车方便(3)', '弄堂小店(40)', '朋友聚餐(24)', '闺蜜聚会(19)', '到店自提(9)', '下午茶(7)', '店内消毒(1)']"
k4GtgsC8YoZhHYTA,金仲帮中餐厅,"['回头客(67)', '上菜快(39)', '不用排队(19)', '发发呆(8)', '有萌宠(6)', '弄堂小店(121)', '到店自提(45)', '朋友聚餐(16)', '隐于浮世(12)', '家庭聚餐(8)']"
l8N2vakmXQTsTNHi,香芙茗茶楼,"['回头客(588)', '上菜快(247)', '停车方便(80)', '不用排队(36)', '夜景赞(4)', '到店自提(88)', '朋友聚餐(82)', '下午茶(72)', '别墅(5)', '店内消毒(2)']"
H7yCO6NDy78aTeHK,澳骄 Aussie Kitchen(国大店),"['回头客(53)', '上菜快(40)', '不用排队(15)', '停车方便(7)', '发发呆(7)', '闺蜜聚会(28)', '到店自提(26)', '朋友聚餐(23)', '下午茶(4)', '店内消毒(3)']"
k7QEt3gjxITqpoVC,小合妖烤鱼·烧烤•牛蛙(老店),"['回头客(46)', '上菜快(26)', '不用排队(5)', '深夜食堂(66)', '到店自提(52)', '朋友聚餐(32)', '请客(5)', '闺蜜聚会(3)', '现做现卖(3)', '公司聚餐(3)']"
G8fPMbmuD77QcNBL,老鸭集(西溪龙湖天街店),"['菜品健康(207)', '回头客(106)', '不用排队(81)', '上菜快(25)', '停车方便(4)', '到店自提(303)', '朋友聚餐(33)', '店内消毒(21)', '家庭聚餐(14)', '下午茶(4)']"
k2X6c6nwGxwD2AA8,越英核桃酒,"['回头客(104)', '不用排队(7)', '到店自提(99)', '弄堂小店(58)', '朋友聚餐(37)', '闺蜜聚会(21)', '文艺清新(17)', '店内消毒(5)', '下午茶(4)']"
k2ZcB3c5CzX7YcYM,304/BRUNCHRESTAURANT,"['菜品健康(442)', '回头客(297)', '不用排队(170)', '停车方便(10)', 'Brunch(1928)', '下午茶(539)', '闺蜜聚会(417)', '到店自提(104)', '店内消毒(13)']"
izUpYoUGSBBoG9VH,曼陀林餐厅(西湖虎跑店),"['停车方便(43)', '不用排队(12)', '夜景赞(3)', '下午茶(535)', '闺蜜聚会(61)', '朋友聚餐(47)', '别墅(38)', '文艺清新(32)', '到店自提(11)']"
kaOqTKYKbTW7sE9h,海盗鲜生(新塘店),"['回头客(111)', '不用排队(22)', '有表演(4)', '深夜食堂(116)', '朋友聚餐(66)', '公司聚餐(64)', '到店自提(34)', '弄堂小店(32)', '店内消毒(1)']"
l3L8sRzF6E4Kb28S,食不食货(西湖大道店),"['回头客(139)', '上菜快(25)', '不用排队(19)', '停车方便(17)', '弄堂小店(131)', '深夜食堂(106)', '到店自提(44)', '朋友聚餐(20)', '闺蜜聚会(12)', '店内消毒(1)']"
H4OrMrxzGecgZlXZ,竹哩(滨江店),"['菜品健康(1118)', '上菜快(391)', '回头客(309)', '停车方便(49)', '不用排队(19)', '公司聚餐(159)', '朋友聚餐(153)', '到店自提(44)', '店内消毒(15)', '下午茶(11)']"
G8fPMbmuD77QcNBL,老鸭集(西溪龙湖天街店),"['菜品健康(207)', '回头客(106)', '不用排队(81)', '上菜快(25)', '停车方便(4)', '到店自提(303)', '朋友聚餐(33)', '店内消毒(21)', '家庭聚餐(14)', '下午茶(4)']"
k2X6c6nwGxwD2AA8,越英核桃酒,"['回头客(104)', '不用排队(7)', '到店自提(99)', '弄堂小店(58)', '朋友聚餐(37)', '闺蜜聚会(21)', '文艺清新(17)', '店内消毒(5)', '下午茶(4)']"
l3OpPQV0dxGGfMTt,陈艳红市井火锅(转塘店),"['菜品健康(60)', '回头客(19)', '不用排队(16)', '停车免费(7)', '朋友聚餐(18)', '闺蜜聚会(6)', '到店自提(5)', '弄堂小店(3)', '店内消毒(1)']"
k2ZcB3c5CzX7YcYM,304/BRUNCHRESTAURANT,"['菜品健康(442)', '回头客(297)', '不用排队(170)', '停车方便(10)', 'Brunch(1928)', '下午茶(539)', '闺蜜聚会(417)', '到店自提(104)', '店内消毒(13)']"
izUpYoUGSBBoG9VH,曼陀林餐厅(西湖虎跑店),"['停车方便(43)', '不用排队(12)', '夜景赞(3)', '下午茶(535)', '闺蜜聚会(61)', '朋友聚餐(47)', '别墅(38)', '文艺清新(32)', '到店自提(11)']"
l3L8sRzF6E4Kb28S,食不食货(西湖大道店),"['回头客(139)', '上菜快(25)', '不用排队(19)', '停车方便(17)', '弄堂小店(131)', '深夜食堂(106)', '到店自提(44)', '朋友聚餐(20)', '闺蜜聚会(12)', '店内消毒(1)']"
H4OrMrxzGecgZlXZ,竹哩(滨江店),"['菜品健康(1118)', '上菜快(391)', '回头客(309)', '停车方便(49)', '不用排队(19)', '公司聚餐(159)', '朋友聚餐(153)', '到店自提(44)', '店内消毒(15)', '下午茶(11)']"
l9owk5sfUmh2dAb0,乔村高压生蚝·私房菜·夜宵(滨盛路店),"['菜品健康(112)', '回头客(72)', '上菜快(26)', '不用排队(11)', '停车方便(9)', '深夜食堂(136)', '朋友聚餐(32)', '到店自提(19)', '公司聚餐(11)', '店内消毒(5)']"
G266SC1iILGCoJI0,Magnet磁石(杭州大悦城店),"['不用排队(94)', '上菜快(89)', '停车免费(24)', '下午茶(341)', '朋友聚餐(80)', '闺蜜聚会(67)', 'Brunch(26)', '到店自提(25)', '有宝宝椅(5)', '店内消毒(1)']"
l8Td6wAsEDAfVu3x,临湖素食,"['菜品健康(1177)', '回头客(63)', '停车方便(28)', '不用排队(9)', '下午茶(132)', '朋友聚餐(34)', '到店自提(17)', '别墅(8)', '店内消毒(1)']"
H1HYEhOS1yHj1vyy,羽创作·会席料理,"['菜品健康(285)', '停车方便(45)', '回头客(34)', '不用排队(5)', '现做现卖(75)', '朋友聚餐(30)', '店内消毒(22)', '到店自提(13)', '下午茶(6)']"
G1vOLEZ9vd4hxsaD,SEVENBUS(国大城市广场店),"['不用排队(134)', '回头客(83)', '上菜快(51)', '发发呆(42)', '纯原创(579)', '到店自提(197)', '下午茶(140)', '文艺清新(59)', '闺蜜聚会(54)', '店内消毒(1)']"
l6kyUryYtcCe2Iif,牛助你·贵州牛肉火锅(钱江世纪城店),"['菜品健康(70)', '上菜快(39)', '回头客(35)', '不用排队(6)', '停车方便(5)', '发发呆(5)', '到店自提(15)', '朋友聚餐(15)', '年会(11)', '店内消毒(2)']"
G3Lm1nSBiyu3nv5U,就是泰Just Thai泰式火锅(湖滨银泰店),"['菜品健康(161)', '回头客(83)', '不用排队(79)', '上菜快(16)', '到店自提(69)', '朋友聚餐(40)', '闺蜜聚会(37)', '弄堂小店(16)', '店内消毒(6)', '下午茶(3)']"
l7ubg6OVsbVXPVyn,忆暹罗·东南亚餐厅(来福士中心店),"['回头客(247)', '不用排队(73)', '停车方便(9)', '夜景赞(3)', '到店自提(219)', '朋友聚餐(83)', '下午茶(17)', '店内消毒(10)', '有宝宝椅(3)']"
G3QvyoOH8RbOvrS9,素描餐厅·你还欠我一幅素描,"['停车方便(150)', '不用排队(94)', '夜景赞(5)', '文艺清新(513)', '下午茶(271)', '到店自提(154)', '别墅(47)', '可带宠物(4)', 'Brunch(3)', '店内消毒(1)']"
k8mMpdQV3DWrbipN,AJIYA味屋日式烧肉(开元路店),"['回头客(268)', '不用排队(45)', '上菜快(32)', '停车方便(23)', '朋友聚餐(62)', '闺蜜聚会(35)', '弄堂小店(25)', '店内消毒(9)', '下午茶(5)', '到店自提(4)']"
l2whC4vE37iaMj9O,竹哩·井原里,"['菜品健康(409)', '上菜快(142)', '回头客(103)', '停车方便(24)', '有表演(6)', '不用排队(6)', '朋友聚餐(55)', '店内消毒(14)', '下午茶(13)', '到店自提(12)']"
Gaqvs4OKEpvT4lfA,么哈(西湖兰家湾店),"['回头客(100)', '上菜快(32)', '停车方便(14)', '歪果仁出没(12)', '不用排队(7)', '到店自提(73)', '朋友聚餐(63)', '闺蜜聚会(23)', '下午茶(16)', '店内消毒(2)']"
jhLymObmFY9NXhko,西湖国宾馆·红吧,"['发发呆(28)', '停车免费(6)', '不用排队(5)', '菜品健康(5)', '下午茶(401)', '闺蜜聚会(33)', '朋友聚餐(6)', '店内消毒(3)', '现做现卖(3)', '到店自提(1)']"
jI9Q1Z9IvKdJEP8G,孔雀川菜(万象城购物中心店),"['菜品健康(885)', '回头客(106)', '上菜快(93)', '不用排队(43)', '停车方便(4)', '文艺清新(168)', '到店自提(88)', '朋友聚餐(60)', '下午茶(17)', '店内消毒(16)']"
latRJsKyokdpsQto,本来精品川菜(嘉里中心店),"['回头客(111)', '上菜快(54)', '不用排队(25)', '停车方便(4)', '夜景赞(3)', '朋友聚餐(48)', '到店自提(37)', '闺蜜聚会(27)', '下午茶(8)', '店内消毒(2)']"
H8DwbnPFxMFIDHR7,鮨一日本料理,"['菜品健康(103)', '回头客(9)', '停车方便(7)', '不用排队(3)', '别墅(13)', '请客(12)', '工作餐(8)', '闺蜜聚会(7)', '朋友聚餐(6)', '到店自提(1)']"
l3zZ9nofnRRaeEm0,宴西湖,"['回头客(13)', '不用排队(5)', '停车方便(3)', '请客(17)', '朋友聚餐(13)', '下午茶(12)', '闺蜜聚会(10)', '文艺清新(5)', '到店自提(1)']"
G6EJhliplto1WuSM,惠食记私房精致餐厅,"['回头客(41)', '上菜快(36)', '不用排队(9)', '弄堂小店(180)', '到店自提(30)', '年会(19)', '朋友聚餐(18)', '隐于浮世(13)', '请客(11)', '店内消毒(2)']"
Ga7EbPYiPdmxecJv,哥老官重庆美蛙鱼头(杭州大厦店),"['回头客(565)', '不用排队(433)', '菜品健康(347)', '停车方便(13)', '到店自提(139)', '朋友聚餐(107)', '店内消毒(39)', '下午茶(29)', '24小时营业(7)', 'Brunch(3)']"
H3wDjfXVVYZghyM4,Burger LAB 汉堡实验室,"['回头客(67)', '菜品健康(36)', '发发呆(6)', '不用排队(4)', '到店自提(68)', '现做现卖(55)', '朋友聚餐(16)', '深夜食堂(13)', '下午茶(11)', '店内消毒(2)']"
H5uK8aXNh9IwC7aT,三谷 Sangu· bakery&bistro(钱江新城店),"['停车方便(21)', '不用排队(10)', '下午茶(177)', '工作餐(41)', '闺蜜聚会(39)', '到店自提(38)', '朋友聚餐(31)', 'Brunch(28)', '店内消毒(2)']"
l8c8LFISxkvdvLHW,HELLO 27,"['菜品健康(343)', '回头客(111)', '上菜快(58)', '不用排队(30)', '停车方便(17)', '到店自提(195)', '工作餐(104)', '下午茶(84)', 'Brunch(52)', '店内消毒(1)']"
G3Z0CeOoll6O9ZKb,西堤牛排(乐堤港店),"['菜品健康(92)', '回头客(79)', '不用排队(14)', '停车免费(12)', '到店自提(55)', '朋友聚餐(20)', '下午茶(11)', '工作餐(9)', '店内消毒(7)']"
l9kz7BUF1TK7FmTL,鱼宴馆·农家菜(千岛湖总店),"['上菜快(242)', '停车方便(94)', '回头客(88)', '不用排队(24)', '夜景赞(3)', '到店自提(45)', '店内消毒(3)', '朋友聚餐(56)', '有宝宝椅(7)', '24小时营业(3)']"
G84Pdr2Oy2RWIEFA,御牛道日式料理炭火烤肉(国大城市广场店),"['回头客(211)', '不用排队(63)', '上菜快(33)', '夜景赞(25)', '停车方便(8)', '朋友聚餐(43)', '闺蜜聚会(23)', '请客(14)', '到店自提(9)', '店内消毒(1)']"
k3wGabAYaHvt6fM1,烧烤狗·精酿·烤鱼(星光店),"['味道赞(8)', '环境很好(8)', '饮品赞(3)', '羊肉(3)']"
kaa9ohRjqyZaaksZ,有家面(河东路店),"['回头客(29)', '上菜快(23)', '不用排队(15)', '发发呆(5)', '到店自提(20)', '现做现卖(15)', '弄堂小店(5)', '工作餐(5)', '深夜食堂(4)', 'Brunch(3)']"
l8GXe36gc1PTxOUL,不万能先生市井火锅· 鲜切牛肉(武林总店),"['菜品健康(456)', '回头客(172)', '上菜快(130)', '不用排队(69)', '朋友聚餐(128)', '到店自提(92)', '现做现卖(86)', '闺蜜聚会(42)', '店内消毒(9)', '下午茶(6)']"
jWrMApPF20xAXEw3,忆暹罗·东南亚餐厅(金沙印象城店),"['回头客(87)', '上菜快(68)', '不用排队(33)', '停车方便(10)', '到店自提(107)', '朋友聚餐(44)', '闺蜜聚会(16)', '公司聚餐(11)', '店内消毒(7)', '下午茶(3)']"
G4gOmnHS1QTVxgGu,满满初牛·和风私宴(龙井店),"['停车方便(92)', '发发呆(42)', '回头客(37)', '不用排队(13)', '下午茶(771)', '闺蜜聚会(59)', '朋友聚餐(54)', '店内消毒(13)', '到店自提(10)', '别墅(9)']"
kaOqTKYKbTW7sE9h,海盗鲜生(新塘店),"['回头客(111)', '不用排队(22)', '有表演(4)', '深夜食堂(116)', '朋友聚餐(66)', '公司聚餐(64)', '到店自提(34)', '弄堂小店(32)', '店内消毒(1)']"
kaOlhhUHy1R5RvdP,巡山令酸汤牛肉火锅(滨江天街店),"['回头客(183)', '菜品健康(166)', '上菜快(39)', '不用排队(37)', '发发呆(12)', '停车方便(11)', '弄堂小店(111)', '到店自提(44)', '朋友聚餐(35)', '店内消毒(1)']"
G5IDvdn2X2CTAWiA,咖藤臻选 SunnyGarden,"['菜品健康(339)', '不用排队(13)', '停车免费(8)', '下午茶(164)', '闺蜜聚会(46)', '朋友聚餐(45)', '到店自提(41)', 'Brunch(39)', '有宝宝椅(5)', '店内消毒(3)']"
l70198dcUTmK3gpe,osteria pelecanus鹈鹕野餐(黄姑山路店),"['回头客(108)', '上菜快(41)', '不用排队(27)', '停车方便(18)', '闺蜜聚会(35)', '朋友聚餐(35)', '到店自提(13)', '深夜食堂(9)', '店内消毒(5)', '下午茶(3)']"
G3rnAWuh67TOKCj9,么哈(紫金港店),"['回头客(209)', '上菜快(63)', '不用排队(28)', '停车方便(20)', '朋友聚餐(120)', '到店自提(111)', '闺蜜聚会(34)', '深夜食堂(23)', '下午茶(12)', '店内消毒(1)']"
l2OyYsJwqmHvGEiQ,停不了·牛骨锅烧烤(星光大道店),['服务热情(3)']
k1O9i9ykS2HAH0Ma,捞王锅物料理(嘉里中心店),"['菜品健康(576)', '回头客(435)', '不用排队(104)', '上菜快(41)', '停车方便(8)', '朋友聚餐(72)', '到店自提(54)', '闺蜜聚会(47)', '店内消毒(37)', '下午茶(13)']"
GaSEuYBPn4xOOBs7,m.Tinbox by mamala(黄龙万科店),"['菜品健康(60)', '回头客(37)', '不用排队(14)', '停车方便(4)', 'Brunch(96)', '下午茶(44)', '闺蜜聚会(21)', '到店自提(12)', '店内消毒(1)']"
H7EgUiSohpzUmG88,C+自由餐厅,"['回头客(13)', '停车方便(9)', '到店自提(12)', '闺蜜聚会(12)', '朋友聚餐(12)', '下午茶(9)', '公司聚餐(8)', '文艺清新(4)', '店内消毒(1)']"
k3mq3ZVehJ8anuP7,满满初牛·烧鸟酒肆(新天地店),"['回头客(111)', '不用排队(77)', '停车方便(14)', '朋友聚餐(36)', '到店自提(33)', '深夜食堂(20)', '店内消毒(8)', '下午茶(7)', '有宝宝椅(3)']"
FYNwLqQXlclQCCDV,Jason's Library 杰森图书馆,"['回头客(36)', '停车方便(13)', '不用排队(3)', '闺蜜聚会(30)', '朋友聚餐(23)', '到店自提(15)', '文艺清新(12)', 'Brunch(4)', '下午茶(3)']"
l9VfeGb4sA9C1a5q,和萌吉烧肉屋(平海路店),"['回头客(351)', '菜品健康(213)', '不用排队(31)', '上菜快(25)', '停车方便(10)', '朋友聚餐(52)', '闺蜜聚会(33)', '深夜食堂(22)', '到店自提(14)', '店内消毒(3)']"
k16L5Ujv9V6b69Uy,鮨清日本料理,"['菜品健康(151)', '回头客(49)', '不用排队(5)', '朋友聚餐(16)', '深夜食堂(12)', '请客(10)', '闺蜜聚会(9)', '现做现卖(9)', '到店自提(2)']"
j7BDVcgj9VwTbhMY,哥老官重庆美蛙鱼头(西湖银泰十一哥店),"['回头客(624)', '不用排队(555)', '菜品健康(478)', '停车方便(10)', '朋友聚餐(147)', '闺蜜聚会(83)', '到店自提(69)', '下午茶(35)', '店内消毒(31)', '24小时营业(5)']"
l2n0lWGRCoaNKGHN,天伦里餐厅(乐堤港店),"['回头客(77)', '不用排队(27)', '停车方便(13)', '发发呆(9)', '请客(49)', '到店自提(34)', '家庭聚餐(27)', '朋友聚餐(22)', '店内消毒(2)']"
l3KB5iAlvUAk6tN1,Amour Kitchen&Bar爱慕餐吧(华家池店),"['环境很好(28)', '服务热情(20)', '味道赞(10)', '点心好(4)', '情侣约会(4)', '海鲜棒(3)', '主食赞(3)', '价格实惠(3)', '朋友聚餐(5)', '闺蜜聚会(3)']"
iBlbW9CmfOPBbJbF,FLAMINGOES·美食酒廊,"['回头客(17)', '停车方便(12)', '不用排队(7)', '下午茶(404)', '闺蜜聚会(109)', '朋友聚餐(33)', '到店自提(18)', 'Brunch(10)', '店内消毒(2)']"
H25NCDJ4VPVbqTnW,牛排家(武林路店),"['回头客(307)', '不用排队(48)', '下午茶(208)', '闺蜜聚会(184)', '工作餐(125)', '朋友聚餐(117)', '到店自提(69)', '现做现卖(40)', '店内消毒(18)']"
G9bEfITZ3wQeKd5y,颜路边摊火锅(武林总店),"['菜品健康(509)', '回头客(263)', '上菜快(107)', '不用排队(92)', '停车方便(5)', '朋友聚餐(92)', '到店自提(42)', '闺蜜聚会(39)', '店内消毒(5)', '下午茶(3)']"
G4j2WbrZ81gQf2pD,上房火鍋(来福士店),"['菜品健康(205)', '回头客(20)', '夜景赞(19)', '停车方便(7)', '不用排队(4)', '有江景(38)', '请客(21)', '工作餐(20)', '闺蜜聚会(12)', '到店自提(10)']"
l9edIYFjWSdxTpsC,蚝宅·狼爱上羊烧烤•团建(滨江店),"['上菜快(28)', '停车方便(15)', '回头客(12)', '不用排队(6)', '撸串圣地(5)', '朋友聚餐(15)', '到店自提(14)', '深夜食堂(9)', '现做现卖(5)', '公司聚餐(4)']"
H3vwcfabBf3wLHA8,月龍吟(滨江星澜里店),"['菜品健康(339)', '上菜快(126)', '回头客(102)', '停车方便(28)', '不用排队(4)', '朋友聚餐(59)', '公司聚餐(38)', '请客(26)', '闺蜜聚会(21)', '店内消毒(3)']"
l9pPEylJm5KcBCex,玖五京菜,"['回头客(349)', '不用排队(47)', '到店自提(243)', '请客(144)', '朋友聚餐(111)', '闺蜜聚会(75)', '下午茶(73)', '家庭聚餐(54)', '店内消毒(8)']"
l1QTiRkJZNrxlGe2,桐乡咬强羊肉面馆(清泰街店),"['不用排队(51)', '回头客(48)', '上菜快(28)', '菜品健康(12)', '发发呆(8)', '到店自提(81)', '朋友聚餐(16)', '深夜食堂(12)', '下午茶(5)', '店内消毒(4)']"
l5MkpDqAhn1rOa8e,味德Wade's Bar & Grill(武林店),"['回头客(191)', '歪果仁出没(42)', '不用排队(39)', '停车方便(4)', '朋友聚餐(81)', '到店自提(72)', '闺蜜聚会(29)', '下午茶(14)', '店内消毒(3)']"
H6vQAzMUhtxRSj8a,哥老官重庆美蛙鱼头(滨江龙湖店),"['回头客(347)', '不用排队(303)', '菜品健康(230)', '停车方便(9)', '朋友聚餐(80)', '到店自提(75)', '闺蜜聚会(50)', '店内消毒(49)', '下午茶(20)']"
k9Az8NdzsGg3o360,东宽巷子烤肉·炭烤鲜牛肉(下沙店),"['菜品健康(110)', '回头客(60)', '上菜快(42)', '不用排队(29)', '停车方便(28)', '到店自提(82)', '弄堂小店(53)', '朋友聚餐(50)', '文艺清新(19)', '店内消毒(8)']"
H43iJCltkGA2Vu6v,素食堂(解放路店),"['菜品健康(1627)', '回头客(131)', '不用排队(7)', '停车方便(4)', '弄堂小店(34)', '现做现卖(31)', '朋友聚餐(29)', '工作餐(23)', '到店自提(13)', '店内消毒(3)']"
k9XuKmwv2A5BxLe6,相撲家·成喜屋(滨江店),"['回头客(131)', '不用排队(36)', '停车方便(13)', '朋友聚餐(67)', '深夜食堂(57)', '到店自提(54)', '工作餐(36)', '店内消毒(5)', '下午茶(3)']"
H9mFx3R3rWvuhhWQ,满满初牛(黄龙K-lab店),"['回头客(180)', '不用排队(92)', '上菜快(52)', '停车方便(9)', '工作餐(83)', '到店自提(62)', '朋友聚餐(61)', '年会(23)', '店内消毒(9)', '下午茶(7)']"
HavVhNYKBTfCA877,重庆高老九火锅(工联CC店),"['服务热情(9)', '味道赞(7)', '价格实惠(5)', '性价比高(5)', '肉类好(4)', '回头客(3)']"
G1Kf0TaYSdGqmo5x,NIUNIUPARK和牛螃蟹酒吧(西溪天街店),"['回头客(21)', '不用排队(8)', '发发呆(7)', '停车方便(3)', '到店自提(27)', '下午茶(20)', '朋友聚餐(19)', '闺蜜聚会(10)', 'Brunch(4)']"
l1M3S4w5bx2sI1TC,BERNINI,"['不用排队(18)', '夜景赞(7)', '下午茶(451)', '闺蜜聚会(108)', '别墅(62)', '文艺清新(51)', '到店自提(22)', 'Brunch(14)', '老洋房(8)', '店内消毒(3)']"
k2H8FSPLRCl9oKMV,香樟花园法式铁板料理(来福士中心店),"['回头客(25)', '不用排队(6)', '停车方便(3)', '工作餐(57)', '请客(29)', '现做现卖(23)', '朋友聚餐(21)', '下午茶(10)', '到店自提(8)']"
jc25vt1ykiCYoAG8,东富酒家(平安金融中心店),"['回头客(31)', '不用排队(15)', '停车方便(8)', '请客(64)', '朋友聚餐(16)', '到店自提(14)', '闺蜜聚会(10)', '家庭聚餐(8)', '店内消毒(4)']"
G3aNLAgLVnGdbIgO,鲁员外地锅鸡地锅鱼(古墩路店),"['肉类好(76)', '菜品不错(50)', '回头客(19)', '上菜快(10)', '不用排队(6)', '冬天吃过瘾(5)', '主食赞(5)', '到店自提(16)', '朋友聚餐(13)', '店内消毒(5)']"
k4GGAObbFogKfDnU,宝荣鱼馆临湖之宴,"['上菜快(697)', '回头客(184)', '停车方便(92)', '不用排队(49)', '夜景赞(9)', '到店自提(108)', '店内消毒(2)', '现做现卖(43)', '下午茶(8)', '有江景(6)']"
H5oy1puckbK0hK4G,Show绣·红酒餐厅,"['海鲜棒(45)', '牛肉赞(28)', '回头客(10)', '主食赞(7)', '上菜快(4)', '闺蜜聚会(12)', '下午茶(9)', '朋友聚餐(5)', '公司聚餐(3)', '到店自提(1)']"
k2H8FSPLRCl9oKMV,香樟花园法式铁板料理(来福士中心店),"['回头客(25)', '不用排队(6)', '停车方便(3)', '工作餐(57)', '请客(29)', '现做现卖(23)', '朋友聚餐(21)', '下午茶(10)', '到店自提(8)']"
jc25vt1ykiCYoAG8,东富酒家(平安金融中心店),"['回头客(31)', '不用排队(15)', '停车方便(8)', '请客(64)', '朋友聚餐(16)', '到店自提(14)', '闺蜜聚会(10)', '家庭聚餐(8)', '店内消毒(4)']"
G3aNLAgLVnGdbIgO,鲁员外地锅鸡地锅鱼(古墩路店),"['肉类好(76)', '菜品不错(50)', '回头客(19)', '上菜快(10)', '不用排队(6)', '冬天吃过瘾(5)', '主食赞(5)', '到店自提(16)', '朋友聚餐(13)', '店内消毒(5)']"
k4GGAObbFogKfDnU,宝荣鱼馆临湖之宴,"['上菜快(697)', '回头客(184)', '停车方便(92)', '不用排队(49)', '夜景赞(9)', '到店自提(108)', '店内消毒(2)', '现做现卖(43)', '下午茶(8)', '有江景(6)']"
H5oy1puckbK0hK4G,Show绣·红酒餐厅,"['海鲜棒(45)', '牛肉赞(28)', '回头客(10)', '主食赞(7)', '上菜快(4)', '闺蜜聚会(12)', '下午茶(9)', '朋友聚餐(5)', '公司聚餐(3)', '到店自提(1)']"
l9A5aMwSHujjFDOD,犀鸟TOUCAN,"['回头客(25)', '停车方便(8)', '不用排队(6)', '下午茶(58)', '朋友聚餐(13)', '闺蜜聚会(12)', '别墅(6)', '到店自提(5)', '店内消毒(1)']"
G8yvTFq1xikf2ebI,艳台湾火锅,"['菜品健康(924)', '回头客(464)', '不用排队(59)', '上菜快(53)', '夜景赞(4)', '朋友聚餐(117)', '闺蜜聚会(63)', '到店自提(41)', '下午茶(9)', '店内消毒(5)']"
iKRqTRl1hIW4CMbA,弄口里烧烤·炭烤小黄鱼(滨江康康谷店),"['上菜快(230)', '菜品健康(140)', '回头客(133)', '停车方便(41)', '不用排队(24)', '到店自提(206)', '朋友聚餐(146)', '深夜食堂(86)', '店内消毒(18)', '下午茶(5)']"
lakUspGgwoTVw5Kd,舞渔日料美人胶原锅(国大城市广场店),"['菜品健康(97)', '回头客(49)', '不用排队(34)', '上菜快(21)', '发发呆(7)', '停车方便(6)', '到店自提(40)', '朋友聚餐(32)', '闺蜜聚会(23)', '店内消毒(6)']"
kaXw5fRXx19zckee,莫里·意大利餐厅(K-lab店),"['回头客(20)', '发发呆(5)', '闺蜜聚会(15)', '朋友聚餐(10)', '工作餐(8)', '请客(4)', '开放厨房(3)', '店内消毒(2)', '到店自提(1)']"
k1VXeRv5c7hgwpY5,火撸尖千岛小串(城西古墩路店),"['回头客(95)', '菜品健康(81)', '撸串圣地(78)', '不用排队(25)', '朋友聚餐(42)', '到店自提(35)', '深夜食堂(29)', '闺蜜聚会(12)', '公司聚餐(11)']"
jznLnALzF7fflaNy,本逸·割烹料理(湖墅店),"['菜品健康(176)', '回头客(26)', '停车方便(19)', '请客(20)', '朋友聚餐(17)', '闺蜜聚会(16)', '工作餐(9)', '到店自提(2)', '店内消毒(1)']"
k1x41QUWiHJiCNbq,老鸭集(临平银泰店),"['服务热情(7)', '性价比高(4)', '价格实惠(3)']"
H6yxKW3tPIcW3RFu,御牛道日式料理炭火烤肉(万象城购物中心店),"['回头客(179)', '上菜快(45)', '不用排队(35)', '发发呆(14)', '停车方便(5)', '朋友聚餐(30)', '闺蜜聚会(21)', '到店自提(14)', '店内消毒(3)', '下午茶(3)']"
H1rw4rsPQqqCUYRZ,柏悦酒店·潮餐厅&酒吧,"['夜景赞(98)', '不用排队(10)', '停车方便(3)', 'Brunch(82)', '下午茶(81)', '有江景(59)', '闺蜜聚会(37)', '到店自提(14)', '店内消毒(6)']"
G3pG7AOMdpeoUn41,本格寿司·深夜料亭(星光大道店),"['菜品健康(144)', '回头客(22)', '上菜快(18)', '停车免费(16)', '不用排队(3)', '朋友聚餐(26)', '请客(19)', '弄堂小店(16)', '现做现卖(12)', '到店自提(7)']"
l7ubg6OVsbVXPVyn,忆暹罗·东南亚餐厅(来福士中心店),"['回头客(247)', '不用排队(73)', '停车方便(9)', '夜景赞(3)', '到店自提(219)', '朋友聚餐(83)', '下午茶(17)', '店内消毒(10)', '有宝宝椅(3)']"
l9cm3IXojjQwsFPt,大美乐抓饭(华星路店),"['回头客(296)', '上菜快(71)', '不用排队(17)', '发发呆(10)', '到店自提(49)', '工作餐(25)', '弄堂小店(16)', '朋友聚餐(14)', '闺蜜聚会(6)', '店内消毒(3)']"
FM5HRxF0wELTonSI,方家厨房,"['海鲜棒(23)', '回头客(20)', '上菜快(17)', '不用排队(12)', '弄堂小店(58)', '到店自提(34)', '朋友聚餐(9)', '请客(4)', '家庭聚餐(3)', '店内消毒(2)']"
k6XprfttjIqphO3v,mamala西餐厅(嘉里中心店),"['回头客(163)', '不用排队(21)', '停车方便(6)', '闺蜜聚会(122)', '下午茶(72)', '朋友聚餐(58)', '到店自提(34)', 'Brunch(5)', '店内消毒(4)']"
HavtKjsxT5HJVWwu,兰轩村庄食坊,"['回头客(20)', '发发呆(15)', '下午茶(70)', '文艺清新(10)', '请客(9)', '朋友聚餐(8)', '闺蜜聚会(7)', '家庭聚餐(6)', '到店自提(5)']"
k39qCB2ylrHSceAR,湊湊火锅·茶憩(杭州湖滨银泰in77店),"['菜品健康(696)', '回头客(371)', '不用排队(151)', '停车方便(3)', '到店自提(581)', '朋友聚餐(128)', '下午茶(72)', '店内消毒(17)', '24小时营业(3)']"
H5gEkrQEy4UVzakr,蚝仔蚝大侠特色生蚝(湖滨店),"['上菜快(59)', '回头客(28)', '不用排队(17)', '深夜食堂(117)', '朋友聚餐(23)', '到店自提(19)', '年会(14)', '弄堂小店(8)', '闺蜜聚会(8)', '下午茶(3)']"
G6hOGLQoC1mbQCMS,Foamy Foamy(国大店),"['回头客(50)', '菜品健康(20)', '发发呆(18)', '不用排队(8)', '夜景赞(3)', '到店自提(109)', 'Brunch(49)', '文艺清新(23)', '弄堂小店(13)', '下午茶(10)']"
laRDIpRmmipsa2Ao,Amanda’s kitchen 晓曼私厨家庭式西餐(新天地店),"['上菜快(33)', '不用排队(19)', '停车方便(9)', '文艺清新(45)', '闺蜜聚会(34)', '朋友聚餐(30)', '下午茶(22)', '到店自提(9)', '有宝宝椅(3)', '店内消毒(1)']"
k4L6uT78FI89eMg1,朋友圈·鲜鱼馆一线湖景餐厅,"['回头客(43)', '停车免费(19)', '夜景赞(14)', '不用排队(12)', '到店自提(16)', '店内消毒(1)', '朋友聚餐(37)', '下午茶(19)', '文艺清新(16)']"
k3hI6Y0zLCGwy2qP,天辣·芙蓉里(大悦城店),"['回头客(165)', '上菜快(75)', '不用排队(59)', '发发呆(18)', '停车免费(14)', '朋友聚餐(53)', '到店自提(51)', '闺蜜聚会(24)', '下午茶(4)', '店内消毒(3)']"
ka4wGc8TaspiVSOd,NIUNIUPARK和牛螃蟹(龙湖杭州滨江天街店),"['菜品健康(137)', '回头客(36)', '不用排队(14)', '停车方便(6)', '现做现卖(46)', '下午茶(40)', '到店自提(26)', 'Brunch(4)', '店内消毒(2)']"
l7ixu8wkOn6IPhfJ,江南茶语庭院餐厅(九溪店),"['发发呆(19)', '回头客(12)', '停车方便(10)', '不用排队(3)', '下午茶(36)', '公司聚餐(16)', '到店自提(12)', '文艺清新(11)', '朋友聚餐(10)']"
l9owk5sfUmh2dAb0,乔村高压生蚝·私房菜·夜宵(滨盛路店),"['菜品健康(112)', '回头客(72)', '上菜快(26)', '不用排队(11)', '停车方便(9)', '深夜食堂(136)', '朋友聚餐(32)', '到店自提(19)', '公司聚餐(11)', '店内消毒(5)']"
H5jbyRowDSLIK1Ve,柴火人家,"['肉类好(43)', '海鲜棒(14)', '回头客(7)', '停车方便(6)', '上菜快(3)', '主食赞(3)', '到店自提(2)', '现做现卖(16)', '有包厢(4)', '朋友聚餐(3)']"
G4wubg3z2LzEl2Gf,传家,"['回头客(49)', '发发呆(9)', '不用排队(7)', '到店自提(81)', '深夜食堂(57)', '24小时营业(52)', '朋友聚餐(27)', '现做现卖(22)', '店内消毒(1)']"
l3wQ0Lw76IyJVG6t,娃哈哈同乐舫(庆春店),"['回头客(412)', '上菜快(147)', '停车方便(72)', '不用排队(35)', '下午茶(186)', '请客(163)', '到店自提(68)', '家庭聚餐(66)', '店内消毒(9)', 'Brunch(6)']"
l2K4z3qvePSh6RXR,湊湊火锅·茶憩(杭州龙湖滨江店),"['菜品健康(444)', '回头客(276)', '不用排队(104)', '停车方便(5)', '到店自提(305)', '朋友聚餐(81)', '公司聚餐(58)', '下午茶(34)', '店内消毒(7)']"
H7tFxWV5clgzTnAo,牛鲜生·中国凉都黄牛肉馆(武林夜市店),"['菜品健康(151)', '上菜快(83)', '回头客(32)', '不用排队(13)', '冬天吃过瘾(4)', '到店自提(80)', '朋友聚餐(26)', '闺蜜聚会(13)', '深夜食堂(5)', '公司聚餐(4)']"
H6G6Oc0DPAwJLw1p,御牛道日式料理炭火烤肉(城西银泰店),"['回头客(87)', '上菜快(32)', '不用排队(27)', '停车方便(3)', '公司聚餐(28)', '朋友聚餐(22)', '请客(13)', '闺蜜聚会(10)', '到店自提(5)', '店内消毒(5)']"
H21bzDBlH6JkBhzR,巴依老爷·新疆美食(江干区天城路店),"['回头客(153)', '上菜快(96)', '有表演(71)', '停车方便(14)', '不用排队(11)', '到店自提(118)', '下午茶(6)', '别墅(3)', '有宝宝椅(3)', '店内消毒(2)']"
l5bP1usplIWRmoqi,六金餐廳·海南鸡饭(皇后公园店),"['回头客(177)', '上菜快(68)', '不用排队(42)', '发发呆(15)', '弄堂小店(47)', '到店自提(25)', '朋友聚餐(24)', '工作餐(19)', '下午茶(17)', '闺蜜聚会(11)']"
k4HrgL4x35mBL37o,海底捞火锅(西湖店),"['回头客(682)', '菜品健康(510)', '不用排队(113)', '停车免费(28)', '有表演(9)', '夜景赞(4)', '到店自提(115)', '店内消毒(29)', '24小时营业(24)', '下午茶(13)']"
ElU7pqWzyAfyUyJl,LENBACH兰巴赫西餐啤酒坊(城西银泰店),"['回头客(41)', '不用排队(16)', '到店自提(33)', '朋友聚餐(33)', '下午茶(24)', '闺蜜聚会(19)', '现做现卖(7)', '店内消毒(4)', '有宝宝椅(3)']"
l7Pu0h3BT34VsLoV,海底捞火锅(铂澜大象城店),"['回头客(233)', '菜品健康(105)', '不用排队(81)', '上菜快(10)', '停车方便(3)', '到店自提(53)', '朋友聚餐(23)', '公司聚餐(20)', '闺蜜聚会(12)', '店内消毒(11)']"
l4Te30JQf31neaj3,宴杭·江宴,"['上菜快(33)', '回头客(26)', '停车方便(10)', '不用排队(10)', '请客(31)', '朋友聚餐(28)', '到店自提(20)', '家庭聚餐(12)', '工作餐(9)', '店内消毒(2)']"
EAyIiaQ3ymT2OtYx,新白鹿餐厅(西湖文化广场店),"['回头客(588)', '上菜快(520)', '不用排队(148)', '停车方便(14)', '夜景赞(8)', '到店自提(143)', '朋友聚餐(96)', '下午茶(12)', '店内消毒(6)', 'Brunch(3)']"
l65zbJ4uZozAac38,外婆湾匠心菜·私房海味,"['海鲜棒(81)', '上菜快(33)', '回头客(11)', '不用排队(4)', '冬天吃过瘾(3)', '到店自提(31)', '弄堂小店(12)', '朋友聚餐(10)', '深夜食堂(6)', '家庭聚餐(4)']"
G55dA0B4PlEMcu7N,溪畔十九,"['发发呆(8)', '回头客(4)', '下午茶(208)', '闺蜜聚会(38)', '朋友聚餐(11)', 'Brunch(4)', '隐于浮世(4)', '到店自提(2)', '店内消毒(1)']"
l4TFeGTrLplnru9F,海底捞火锅(天虹店),"['回头客(396)', '菜品健康(204)', '不用排队(92)', '停车方便(8)', '到店自提(82)', '朋友聚餐(54)', '闺蜜聚会(23)', '店内消毒(10)', '24小时营业(5)', '下午茶(4)']"
G8UkrctgawYz7zeI,e路吃·演绎经典杭帮菜(西湖店),"['上菜快(210)', '回头客(68)', '停车方便(34)', '不用排队(23)', '发发呆(16)', '到店自提(74)', '朋友聚餐(47)', '店内消毒(31)', '弄堂小店(15)', '下午茶(9)']"
G9cM3Y6C5kDWVrUd,紫樱花·金成屋寿司日料,"['菜品健康(64)', '回头客(17)', '停车方便(7)', '工作餐(19)', '现做现卖(16)', '朋友聚餐(12)', '闺蜜聚会(7)', '到店自提(1)', '店内消毒(1)']"
l3r3k4sj4ReuvEDM,割烹·红,"['菜品健康(75)', '停车方便(6)', '上菜快(6)', '现做现卖(18)', '弄堂小店(17)', '工作餐(17)', '朋友聚餐(10)', '闺蜜聚会(6)', '到店自提(3)', '店内消毒(3)']"
G3BBDFcWtYmQ9a0b,丁记盐蘸牛肉·新杭菜(双菱路店),"['上菜快(32)', '回头客(31)', '深夜食堂(42)', '到店自提(21)', '朋友聚餐(16)', '请客(5)', '弄堂小店(4)', '工作餐(3)', '文艺清新(3)', '店内消毒(2)']"
jjfXiwUEWdyprApd,一味大院,"['上菜快(33)', '停车方便(11)', '回头客(8)', '不用排队(5)', '到店自提(11)', '店内消毒(1)', '开放厨房(4)', '朋友聚餐(4)', '家庭聚餐(4)', '请客(4)']"
l7WtJ2bk9BLxxbBZ,花泰Blooming Thai(西溪天街店),"['回头客(139)', '上菜快(76)', '不用排队(27)', '发发呆(9)', '停车免费(8)', '闺蜜聚会(89)', '到店自提(38)', '朋友聚餐(38)', '文艺清新(12)', '下午茶(11)']"
H4XYheJV3cSutwTM,付小姐在成都(滨江店),"['回头客(405)', '上菜快(123)', '不用排队(97)', '停车方便(47)', '撸串圣地(25)', '到店自提(102)', '朋友聚餐(89)', '闺蜜聚会(29)', '店内消毒(6)', '下午茶(4)']"
H6tRA8RmxAtcVfNP,九甲里·老底子杭帮菜(西湖音乐喷泉店),"['上菜快(249)', '回头客(49)', '不用排队(19)', '发发呆(12)', '到店自提(87)', '朋友聚餐(29)', '弄堂小店(27)', '店内消毒(9)', '24小时营业(3)', '下午茶(3)']"
l9D5mQC2SWjOJyWh,猪廊(撸猪会馆),"['有萌宠(25)', '发发呆(14)', '不用排队(8)', '回头客(6)', '停车免费(4)', '店内消毒(49)', '到店自提(19)', '朋友聚餐(17)', '闺蜜聚会(16)', '下午茶(13)']"
G3BeQWZzxIvWUMLP,蟹屋(来福士旗舰店),"['回头客(124)', '不用排队(53)', '停车方便(9)', '朋友聚餐(75)', '工作餐(50)', '到店自提(38)', '店内消毒(7)', '下午茶(4)', '有宝宝椅(3)']"
l75nzFawHvTmX3sX,Homie Canteen,"['发发呆(31)', '回头客(26)', '停车方便(12)', '不用排队(9)', '下午茶(102)', '文艺清新(45)', '到店自提(39)', '现做现卖(31)', '闺蜜聚会(29)', '朋友聚餐(29)']"
H5upMl8QPpR8J4q5,老头儿油爆虾(武林店),"['回头客(775)', '上菜快(493)', '不用排队(143)', '弄堂小店(592)', '到店自提(214)', '朋友聚餐(90)', '别墅(7)', '下午茶(7)', '老洋房(4)', '店内消毒(3)']"
l175TppZes6w3oIe,1%coffee,"['回头客(28)', '停车方便(13)', '发发呆(12)', '不用排队(5)', '到店自提(45)', '下午茶(16)', '深夜食堂(11)', '弄堂小店(7)', '文艺清新(6)', '有故事(5)']"
ErWqNvA7hp9VrJQs,舟东奶酸菜鱼(滨江天街铂金岛店),"['回头客(210)', '不用排队(58)', '停车方便(4)', '到店自提(70)', '朋友聚餐(52)', '文艺清新(50)', '下午茶(5)', '店内消毒(4)', '有宝宝椅(4)']"
H9bc0LKlyjy91D4T,御牛道日式料理炭火烤肉(滨江天街店),"['回头客(113)', '不用排队(33)', '上菜快(30)', '停车方便(6)', '发发呆(5)', '公司聚餐(25)', '请客(23)', '朋友聚餐(22)', '闺蜜聚会(10)', '到店自提(6)']"
EPze1qzqK6orQFDl,品回味清真西北菜餐厅,"['回头客(34)', '上菜快(18)', '不用排队(7)', '停车免费(6)', '到店自提(39)', '朋友聚餐(13)', '店内消毒(8)', '工作餐(7)', '现做现卖(6)', '下午茶(3)']"
G2clH7f8Y9Iiq6Cv,厚貞牛舌烧肉(湖滨银泰in77C区店),"['牛肉赞(211)', '主食赞(80)', '回头客(44)', '不用排队(27)', '上菜快(12)', '发发呆(10)', '朋友聚餐(13)', '闺蜜聚会(11)', '到店自提(6)', '请客(3)']"
H4u9wT5hFT4NjLQB,付小姐在成都(杭州总店),"['回头客(490)', '菜品健康(262)', '不用排队(213)', '上菜快(188)', '停车方便(18)', '到店自提(179)', '朋友聚餐(159)', '下午茶(9)', '店内消毒(6)', '有宝宝椅(4)']"
k4089TnJbabt0PU6,初·居食屋(中山北路店),"['回头客(281)', '不用排队(90)', '上菜快(60)', '深夜食堂(134)', '现做现卖(79)', '朋友聚餐(41)', '到店自提(39)', '闺蜜聚会(33)', '下午茶(5)', '店内消毒(4)']"
F7HQrV6ZjK5hy5wA,和一料理(黄龙店),"['菜品健康(221)', '回头客(201)', '上菜快(64)', '停车方便(52)', '不用排队(10)', '朋友聚餐(43)', '闺蜜聚会(23)', '店内消毒(18)', '到店自提(13)', '下午茶(3)']"
EpsVm71wgpkcreae,鸟上烧鸟居酒屋,"['回头客(38)', '不用排队(8)', '深夜食堂(122)', '朋友聚餐(23)', '闺蜜聚会(20)', '到店自提(7)', '弄堂小店(6)', '现做现卖(5)', '店内消毒(1)']"
l6i9GsLTRECKLIhg,老雷家的菜,"['上菜快(198)', '回头客(117)', '停车方便(92)', '不用排队(46)', '到店自提(74)', '店内消毒(2)', '现做现卖(32)', '朋友聚餐(22)', '文艺清新(16)', '下午茶(4)']"
H3whFgaoT6Xi7y64,舞渔日料美人胶原锅(湖滨银泰in77C区店),"['回头客(57)', '不用排队(35)', '发发呆(7)', '朋友聚餐(26)', '闺蜜聚会(20)', '现做现卖(19)', '到店自提(17)', '工作餐(5)', '店内消毒(2)']"
l9pgfEGaXgeVrTWm,东富酒家(嘉里中心店),[]
G8bZuT3NM1JTO5w0,栖溪里·江景餐厅(30年老字号店),[]
k4itVjL9t4sCh3GB,猪爸(嘉里中心店),[]
k7jEri8OQbKEOceH,骏府料理炭火烤肉(湖滨银泰in77店),[]
