标题,2020年春季金融专硕中心召开工作会议,时间,2020-06-08
内容,2020年5月31日，经管学院召开了2020年春季金融专硕中心工作线上会议。杨棉之院长、马春爱副院长和各金融专硕、金融系教师参加会议。会议由金融专硕中心主任孙竹教授主持。
内容,会上，杨棉之指出金融专硕中心工作应坚持以学生为中心，明确定位，处理好标准与特色的关系，形成人才培养质量持续改进机制，进一步完善教学质量评价体系。马春爱就专业品牌课、学生在校实习等教学工作提出针对性指导性意见。金融专硕中心和金融系教师汇报各自工作，并就中心未来工作计划展开了研讨。
内容,此次会议明确了金融专硕中心近期的任务，分析了面临的问题，为中心工作指明了方向，有利于下一步工作的顺利开展。
内容,"版权所有 ©中国石油大学(北京)    地址：北京市昌平区府学路18号    邮编：102249  
				京公网安备110402430032号 "
标题,经济管理学院MPAcc中心举行校外导师聘任仪式暨座谈会,时间,2020-01-08
内容,　　12月28日，经济管理学院MPAcc中心在翠宫第五会议室举行校外导师聘任仪式暨座谈会。本次共新聘校外导师22名，来自石油行业、基金公司、信托公司、银行、企业等部门的财务负责人、全国会计领军人才、国际化高端会计人才等，10名校外导师出席了此次会议。经济管理学院院长杨棉之、副院长马春爱及会计系老师参加了本次聘任与座谈会。
内容,　　杨棉之院长代表学院对各位校外导师的到来表示热烈的欢迎和衷心的感谢。他介绍了学院基本情况，希望校外导师能运用自身丰富的理论知识和实践经验，助力学生成长成才，进一步提升我院会计专业硕士人才培养质量。马春爱副院长详细介绍了MPAcc项目背景，招生、培养和就业整体情况，并对校内外导师的合作方式进行了说明。杨棉之院长为校外导师颁发了聘书并合影留念。
内容,　　
内容,　　聘任仪式结束后，与会人员就MPAcc人才培养模式、面临的挑战和机遇、课程设置、案例开发与教学、职业道德的塑造、实习质量的提升、双导师制及合作方式等进行了深入的讨论。
内容,　　本次MPAcc校外导师聘任与座谈会的成功举行，为我院MPAcc实践型人才培养质量的持续提升奠定了坚实基础。
内容,"版权所有 ©中国石油大学(北京)    地址：北京市昌平区府学路18号    邮编：102249  
				京公网安备110402430032号 "
标题,经济管理2个专业入选首批国家级一流本科专业建设点,时间,2020-01-06
内容,　　日前，教育部公布了2019年度国家级和省级一流本科专业建设点名单，中国石油大学申报的11个专业入选首批国家级一流本科专业建设点，经济管理学院会计学和能源经济2个专业首批入选。
内容,　　经济管理学院现有本科招生专业6个，分别为会计学、能源经济、市场营销、财务管理、信息管理与信息系统、金融学，一流本科专业占比33%。学院将以一流本科专业建设为契机，进一步深化教育教学综合改革，加强专业内涵建设，强化专业特色，加大投入力度，全面提升本科教学质量和人才培养能力。
内容,"版权所有 ©中国石油大学(北京)    地址：北京市昌平区府学路18号    邮编：102249  
				京公网安备110402430032号 "
标题,我院举办2019年“笃定前行 不负韶华”教职工新年联欢会,时间,2020-01-06
内容,　　1月3日，我院2019年“笃定前行 不负韶华”教职工新年联欢会在教职工活动中心成功举办，学院领导班子、全体教职工和部分学生代表参加了本次活动。
内容,　　杨棉之院长代表学院向全体教职员工致以新年问候，总结了2019年学院各项事业取得的优异成绩，并对学校领导的关怀指导，学院教职工的辛勤付出表示衷心的感谢。他希望大家在新的一年，以饱满的热情、昂扬的斗志和务实的作风推进学院各项事业迈上新台阶。
内容,
内容,　　新年联欢会在一段优美的民族舞蹈《山鬼》中拉开帷幕，企业管理系牛琦彬老师的配乐诗朗诵《将进酒》豪迈洒脱，应用经济系冯连勇老师的歌曲《卓玛》婉转悠扬，党政办公室和学生工作组的舞蹈《红昭愿》清新灵动，管理科学与工程系的小合唱《我们走在大路上》慷慨激昂，会计系与党政办公室的小合唱《歌唱祖国》和金融系与党政办公室的小合唱《我和我的祖国》将联欢会推向了高潮，学院全体教职员工精心准备、尽情展示，深切表达了广大教职员工的爱国情怀和不忘初心，砥砺前行的坚定信念。
内容,
内容,　　总结过去，展望未来！新的一年，学院将在全体教职员工的共同努力下，凝心聚力，追求卓越，再创辉煌！
内容,"版权所有 ©中国石油大学(北京)    地址：北京市昌平区府学路18号    邮编：102249  
				京公网安备110402430032号 "
标题,经济管理学院举办“春华”奖学金暨研究生论坛颁奖典礼、优良学风建设月表彰大会,时间,2019-12-30
内容,　　12月25日，经济管理学院在第四教学楼401教室举办了经济管理学院“春华”奖学金暨研究生论坛颁奖典礼、优良学风建设月表彰大会。经济管理学院院长杨棉之，党委书记郭海涛，副院长马春爱、赵晓丽，党委副书记沈庆宁，各系主任、班主任、辅导员和学生代表参加了典礼。
内容,　　杨棉之院长做了致辞，向各位获奖学生表示了热烈祝贺，对原石大党委书记华泽澎教授对学院的关心和支持表示感谢。他表示，学院今年在人才培养、学科建设、科学研究等各项方面上硕果累累，希望同学们脚踏实地、勤学善思、勇于创新、追求卓越，努力使自己成为经管类复合创新型人才。
内容,　　沈庆宁宣读了《关于表彰2019年度“春华”奖学金获奖学生的决定》和《关于表彰经济管理学院2019-2020学年度秋季学期优良学风班级、宿舍和个人的决定》，马春爱介绍了研究生论坛在过去一年所取得的喜人成绩，公布了研究生论坛获奖学生名单。杨棉之和郭海涛共同为“春华”奖学金获奖学生颁奖；马春爱、赵晓丽、沈庆宁和教师代表共同为研究生论坛获奖学生、 “优良学风班级”、“优良学风宿舍”、“优秀学习笔记个人”和“先进工作者”颁发获奖证书。
内容,　　
内容,　　北京市三好学生、“春华”风采奖获得者刘红德分享了成长经历和学习经验，校十佳十强、“春华”自强奖获得者崔晓敏讲述了励志故事，“春华”集体奖、校先锋团支部书记冯异立介绍了如何开展班团建设工作，学风建设先进工作者于嘉铭分享了如何发挥带头作用共促学风。最后郭海涛总结讲话，他总结了学风建设月的各项活动，肯定了党员、学生干部在学风建设月中发挥模范带头作用，党团支部发挥的战斗堡垒作用，激励同学们以榜样为标杆，再创佳绩。
内容,　　此次典礼对优秀集体和学生个人进行了表彰，不仅激励了受表彰的同学，更以此为契机引领广大学子用勤奋、努力书写大学篇章，努力成为社会主义合格建设者和可靠接班人。
内容,　　
内容,　　
内容,"版权所有 ©中国石油大学(北京)    地址：北京市昌平区府学路18号    邮编：102249  
				京公网安备110402430032号 "
标题,我院与昌平市场监督管理局共赴香山双清别墅开展主题教育活动,时间,2019-12-25
内容,　　为扎实推进“不忘初心、牢记使命”主题教育，传承革命历史传统，加强党员党性修养。2019年12月19日，我院师生党支部联合昌平区市场监督管理局党支部共赴香山双清别墅参观学习。
内容,
内容,　　香山双清别墅是毛泽东同志在北京最早的办公和居住地。在这里，毛泽东同志发表了《论人民民主专政》，同各民主党派、各界人士共商国是，筹备中国人民政治协商会议，建立中华人民共和国，为新民主主义革命胜利奠定坚实基础，实现了几代中国人梦寐以求的民族独立和人民解放。
内容,"　　党员们参观了“毛泽东主席在双清活动展览室”、“毛泽东主席旧居陈列”，包括毛泽东主席的多幅生活照片、电文手迹和诗文手稿等，了解了主席当时的生活和办公场景。通过讲解员的描述，重温了毛泽东和其他中央领导人从西柏坡到北平香山艰苦奋斗的革命历程和“进行赶考”取得的丰功伟绩。通过参观学习，大家深刻感受到毛泽东等老一辈领导人高瞻远瞩、胸怀天下的革命情怀，以及运筹帷幄、决胜千里的大智慧。在新的历史时期，各位党员表示要深入学习贯彻习近平新时代中国特色社会主义思想，不断强化“四个意识”,坚定“四个自信”，做到守初心、担使命，走好新时代的长征路。"
内容,
内容,"版权所有 ©中国石油大学(北京)    地址：北京市昌平区府学路18号    邮编：102249  
				京公网安备110402430032号 "
标题,我院领导班子召开“不忘初心，牢记使命”专题民主生活会,时间,2019-12-11
内容,　　12月9日上午，我院领导班子在主楼B1115会议室召开“不忘初心，牢记使命”主题教育专题民主生活会，校党委副书记雷玉江、学院党政领导班子成员参加了会议。会议由学院党委书记郭海涛主持。
内容,　　会前，领导班子成员在学习教育、调查研究、征求意见的基础上，深入开展谈心谈话，认真撰写对照检查材料，为开好专题民主生活会做了充分的准备，奠定了良好基础。
内容,　　会上，郭海涛首先代表学院领导班子作对照检查，汇报了主题教育以来领导班子的主要收获，围绕“四个对照”“四个找一找”逐一查摆问题，分析存在问题。随后，领导班子成员依次进行对照检查，作自我批评，其他成员依次提出批评意见。
内容,　　雷玉江点评指出，此次学院领导班子民主生活会聚焦主题教育活动主线，准备充分，班子成员认真准备了对照检查材料，开展了批评与自我批评并明确了整改措施。但还存在查找问题不够聚焦，剖析问题不够深刻以及互相批评辣味不够的问题。他希望学院领导班子要进一步加强理论武装，促进班子团结，强化责任担当，落实整改任务，真正做到让师生群众满意。
内容,　　
内容,"版权所有 ©中国石油大学(北京)    地址：北京市昌平区府学路18号    邮编：102249  
				京公网安备110402430032号 "
标题,经济管理学院人才培养与学科建设研讨会在我院成功举办,时间,2019-12-06
内容,　　12月4日，经济管理学院人才培养与学科建设研讨会在主楼B座1115会议室成功举办。本次研讨会邀请了中国矿业大学（北京）管理学院院长丁日佳、华北电力大学经济与管理学院院长李彦斌、北京化工大学经济管理学院院长唐方成、北京邮电大学经济管理学院副院长闫强、太原理工大学经济管理学院党委书记李玮、西安石油大学经济管理学院院长王君萍。会议由中国石油大学（北京）经济管理学院院长杨棉之主持。
内容,
内容,　　杨棉之首先代表学院对各位院长远到而来参会表示由衷的感谢及热烈的欢迎，介绍了学院在学科建设、人才培养、国际交流、社会服务等方面取得的成绩，希望借此机会与各位院长共同探讨人才培养及学科建设发展问题，互相借鉴优秀经验，实现共同发展。随后，各大高校院长、党委书记就学院在学科建设管理、人才培养模式及学院未来发展的问题进行了深入的讨论。
内容,
内容,　　本次研讨会的成功举办，推动了院校间沟通协作，对经济管理学院发展建设工作及人才培养质量起到了促进作用。
内容,"版权所有 ©中国石油大学(北京)    地址：北京市昌平区府学路18号    邮编：102249  
				京公网安备110402430032号 "
标题,2019能源战略与创新发展高峰论坛在中国石油大学（北京）举行,时间,2019-12-05
内容,　　12月4日，2019能源战略与创新发展高峰论坛在中国石油大学（北京）举行。此次论坛由中国石油大学（北京）主办，中国石油大学（北京）经济管理学院承办。著名经济学家、北京大学新结构经济学研究院院长林毅夫，海南省政协副主席、省政协党组副书记李国梁，中石油科技管理部总经理匡立春，北京国家会计学院院长秦荣生，国家应急管理部研究中心副主任贺定超，商务部研究院区域经济合作研究中心主任张建平，中国石油大学（北京）校长张来斌出席论坛。
内容,
内容,领导与嘉宾合影
内容,　　本次论坛的主题是“能源战略与创新发展”，旨在探讨新时代全球能源战略、能源转型与经济高质量发展等重大问题。
内容,
内容,主旨报告现场
内容,　　4日上午，论坛主旨报告在中国石油大学（北京）中油大厦报告厅举行。开幕式由中国石油大学（北京）经济管理学院院长杨棉之主持。
内容,
内容,杨棉之主持
内容,　　张来斌致大会开幕词，代表学校对嘉宾的到来表示热烈欢迎。他指出，能源生产和消费革命是推动生态文明建设的关键环节，能源消费、供给、技术、体制革命意义重大。中国石油大学（北京）针对能源转型革命、服务“一带一路”建设，成立克拉玛依校区，优化学科布局，进行学院设置改革调整，在“双一流”建设上开启了新征程。他希望，通过本次论坛希望搭建政府、企业、高校等的交流平台，加强各方务实合作，积极开拓创新，为能源转型与经济高质量发展贡献力量。
内容,
内容,张来斌致辞
内容,　　林毅夫作了“新结构经济学：新古典经济学的结构革命”主旨报告。他简述了新中国70年经济发展的框架，以此反思现代经济学，分析了国际主流经济学理论及其适用的局限性，提出现代经济学需要一场革命，这个革命就是新结构经济学革命。他认为现代经济学是基于发达国家的资本密集型、技术密集型产业下形成的理论，在劳动力密集型的发展中国家推行西方现代经济学理论，存在一定问题。实践证明，发展经济学和新自由主义在发展中国家转型升级过程，这些国家无不出现经济崩溃、停滞、危机不断等问题，而且在这些国家腐败和收入分配问题都普遍存在且比较严重，其原因是当时的发展经济学没有认识到这种产业结构的差异性的内生性。因此，用发展经济学帮助发展中国家发展现代化的产业，是违背了比较优势的，很难发展现代化的产业。针对这些问题，他提出了新结构经济学理论，根本是以马克思的历史唯物主义为主导，主张用现代经济学的方式来研究结构跟结构变迁，提出一套不同于现代主流经济学的理论，实现对现代主流经济学三维结构的变革。新结构经济学具有中国特色、中国风格、中国气派，依据发展中国家的经验提出，更能帮助发展中国家抓住机会，提供中国智慧、中国道路、中国方案，把认识世界和改造世界统一起来，有利于构建人类命运共同体实现共赢共享。 他希望石油大学在“双一流”建设进程中，引领优势学科理论新思潮，实现建成石油石化领域世界一流的研究型大学的宏伟目标。
内容,
内容,林毅夫做主旨报告
内容,　　匡立春作了“中国陆相页岩油气革命”主题报告。他认为，我国油气对对外依存度高，加大勘探开发力度是保障国家能源安全的重要因素。在勘探开发领域，北美海相页岩油气革命的巨大成功，推动了美国能源独立，冲击了世界能源格局。我国陆相页岩油资源丰富，分为中高成熟度和低成熟度两个类型。中高成熟度的页岩油气在新疆准噶尔盆地、东部渤海湾盆地、鄂尔多斯盆地以及四川盆地勘探开发已取得了重要成果。中低成熟度的页岩油气潜力巨大，需要攻克原位转化技术，对实现我国能源独立，保障能源安全意义重大。他分析了页岩油革命在理论创新、核心技术、效益开发等方面存在的机遇和挑战，提出中国陆相的页岩油气必将在中国能源战略接替中发挥重要作用，希望大家共同努力为保障国家能源安全贡献力量。
内容,
内容,匡立春做主题报告
内容,　　秦荣生作了“数字化引领财务创新”主题报告。他表示，新一轮科技革命和产业革命中，互联网、大数据、云计算、物联网、区块链、人工智能、5G等数字技术飞速发展，各行各业在数字技术的冲击下发生了翻天覆地的变化。他介绍了数字化的含义、特征和技术。他提出，数字化时代的财务变革包括财务管理对象从实物资产向数据资产转变，账务体系从封闭式向开放式转变，财务管理工作从自成体系向业财融合转变，财务服务重点从综合性向个性化转变，财务管理信息从严重滞后向及时性转变，财务分析技术从小数据向大数据转变，财务管理系统从分散化向平台化转变。面对业务经营和管理活动的数字化，财务部门和人员应审时度势，更新财务观念、技术和方法，加快实施财会变革，构筑新的财务管理体系与模式，创新我国财务管理的发展道路。
内容,
内容,秦荣生做主题报告
内容,贺定超作了“能源安全新战略与高质量发展”主题报告。他说，根据习近平总书记“四个革命、一个合作”能源安全新战略的要求，我国能源消费结构不断优化，能源体质机制改革稳步推进，能源民生保障持续改善，但是在保障能源安全、提升清洁能源比重、解决关键核心技术瓶颈、完善能源市场结构和市场体系、能源供给侧结构性改革方面仍存在挑战。他提出，推动能源高质量发展，要立足我国基本国情和发展阶段，多元发展能源供给，全面提升能源利用效率，推动清洁能源消费，充分发挥技术创新和体制机制创新的重要推动力。
内容,
内容,贺定超做主题报告
内容,张建平作了“一带一路建设进程中的能源合作机遇”主题报告。他强调 “一带一路”是我国重大的国际发展和国际合作倡议，建立在共商、共建、共享的逻辑下，是一个多元的系统的合作工程、合作领域、合作系统。“一带一路”建设，对我国经济结构转型升级、能源多元化供给渠道的巩固提升、能源技术创新发展意义重大。
内容,
内容,张建平做主题报告
内容,　　来自北京大学、清华大学、中国人民大学等高校的经济管理学院院长、专家学者和企业界人士参加此次论坛。论坛设“企业管理与高质量发展”，“能源环境系统发展管理与政策”，“能源经济与金融”三个分论坛，并组织召开了“人才培养与学科建设”研讨会。与会人员针对学术热点，分享了最新成果，深入开展了交流研讨。
内容,
内容,与会人员合影
内容,"版权所有 ©中国石油大学(北京)    地址：北京市昌平区府学路18号    邮编：102249  
				京公网安备110402430032号 "
标题,经管学院学生参加2019年“读懂中国”活动喜获佳绩,时间,2019-11-22
内容,　　近日，学校离退休工作处发布了《中国石油大学（北京）关于表彰2019年“读懂中国”活动获奖作品的决定》，经济管理学院上报的微视频作品《风骨锋磨砺 克艰筑油魂》、征文作品《身出津门处国难 克艰弄潮筑油魂》均获得了校内评比二等奖。其中，由江宁撰写，李明指导的征文作品《身出津门处国难 克艰弄潮筑油魂》作为石大选送作品参加教育部关工委2019年“读懂中国”活动获得“优秀征文奖”，成为全校两个教育部获奖作品之一。
内容,
内容,　　《身出津门处国难 克艰弄潮筑油魂》讲述了石油大学原党委书记、经济管理学院华泽澎教授在石油大学三次建校、三次创业时期，如何将自己的命运与学校的命运、国家的命运相结合。华教授常说:“我们石油大学是从盐碱地里一点一点建起来的，也是从多次石油大会战中建立起来的，石大的风骨‘实事求是，艰苦奋斗’就是在这种艰难困苦的条件下形成的，这种风骨也是我们石油大学面对未来种种挑战的底气所在、根基所在。”正是有一大批像华泽澎教授这样的老一辈奋斗者，用他们自己的青春建设新中国，才造就了今天这极不平凡的伟大成就。
内容,
内容,　　“读懂中国”活动由教育部关工委主办，通过征文、微视频等形式深入挖掘、记录、整理、展示、宣传老教师、老专家、老干部、老战士、老模范（“五老”）参加革命斗争、社会主义建设、改革开放等奋斗历程、感人事迹和真实感悟，通过听“五老”讲述亲历故事、重大事件和切身感悟，了解新中国成立70年以来发生的巨大变化，反映中华民族在中国共产党领导下取得的光辉成就，引导大学生树立社会主义核心价值观，进一步坚定“四个自信”。
内容,　　
内容,　　作品名称
内容,　　作品类别
内容,　　参与学生
内容,　　指导教师
内容,　　《风骨锋磨砺 克艰筑油魂》
内容,　　微视频
内容,　　李杰妮、施其睿、万知祥、高源、程瀚轶
内容,　　李明
内容,　　《身出津门处国难 克艰弄潮筑油魂》
内容,　　征文
内容,
标题,【主题教育进行时】我院组织教工参观庆祝新中国成立70周年大型成就展,时间,2019-11-21
内容,　　根据学校 “不忘初心、牢记使命”主题教育工作的安排，11月19日下午，我院组织近50名教工参观“伟大历程 辉煌成就――庆祝中华人民共和国成立70周年大型成就展”。
内容,
内容,　　展览围绕开辟和发展中国特色社会主义道路，建设社会主义现代化国家的主题，以编年体为时间主线，分为“序厅”“屹立东方”“改革开放”“走向复兴”“人间正道”5个部分，通过图片展板、实物模型和视频资料等，充分展示了新中国成立70年来的伟大光辉历程。
内容,　　大家驻足观看，聆听讲解，切身感受新中国成立以来中国共产党带领全国人民发奋图强、艰苦奋斗的历史。大家表示要始终以习近平新时代中国特色社会主义思想为指导，牢固树立“四个意识”，坚定“四个自信”，坚决做到“两个维护”，严守政治纪律和政治规矩。不忘入党初心，补足精神之钙，强化责任担当，做好教育工作。
内容,　　
内容,"版权所有 ©中国石油大学(北京)    地址：北京市昌平区府学路18号    邮编：102249  
				京公网安备110402430032号 "
标题,经济管理学院3名师生参与赴辽宁省开展国庆群众游行活动宣讲报告,时间,2019-11-20
内容,　　为深入学习贯彻习近平总书记国庆系列重要讲话精神，充分挖掘和宣传师生在服务保障国庆活动中的先进典型和感人事迹，切实把庆祝活动形成的宝贵精神财富更好转化为立德树人、教育报国的实际行动，11月4日至7日，由中国石油大学（北京）和北京石油化工学院的11名师生联合组建的首都教育系统服务保障国庆活动宣讲团，赴辽宁省开展宣讲，经济管理学院团委书记李明、2018级本科生代表刘惠文、于嘉铭作为宣讲团成员参与了活动。
内容,
内容,　　李明作为“艰苦奋斗”方阵23中队中队长，讲述了十年间从把上天安门机会让给替补队员的排头兵，到参与组织工作保障团队运转的螺丝钉，从学生到教师的角色转变，初心不改、勇担使命的故事。刘惠文与父亲在八号方阵惊喜相遇、互相鼓励，共同走过天安门，为祖国献礼。于嘉铭是一名替补队员，她回顾了在替补小队与大家一起参与训练和服务方阵，从“不甘心”走向“我接受”的坚毅与光荣。
内容,
内容,　　期间，宣讲团一行先后赴沈阳师范大学、沈阳工程学院、沈阳理工大学、沈阳化工大学、辽宁工业大学和锦州医科大学，分组参加主题党日活动、主题团日活动、青马班学员交流、社会实践分享会、学生社团活动等，分享在国庆活动中参与阅兵、群众游行、联欢活动、志愿服务的难忘故事和真挚情感，重现了国庆盛大活动背后的感人瞬间，用庆祝活动激发的拳拳爱国之心、奋斗之情感染了在场师生。
内容,"版权所有 ©中国石油大学(北京)    地址：北京市昌平区府学路18号    邮编：102249  
				京公网安备110402430032号 "
标题,【主题教育进行时】“不忘初心，牢记使命”争创党员先锋岗,时间,2019-11-11
内容,　　11月上旬，根据“不忘初心，牢记使命”主题教育工作的安排，我院开展了“教师党员先锋岗”和“学生党员宿舍挂牌”活动。学院为所有教工党员制作了刻有名字的“党员示范岗”的摆台，提醒教工党员时刻牢记党员身份，自觉树立服务意识，发挥先锋模范作用。
内容,
内容,
内容,　　11月8日，在主楼B1118会议室举行党员践诺承诺活动，由各支部书记代表支部全体党员郑重承诺，将始终以习近平新时代中国特色社会主义思想为指导，增强“四个意识”、坚定“四个自信”、做到“两个维护”。教工党员将以身作则，率先垂范，带头锤炼党性、联系群众，坚守立德树人初心使命，做新时代“四有好老师”。
内容,
内容,
内容,　　11月9日，学院在润杰公寓2号楼举行了学生“党员宿舍”挂牌仪式，为14个学生党支部发放了学院统一制作的“党员宿舍”标牌。
内容,
内容,
内容,"版权所有 ©中国石油大学(北京)    地址：北京市昌平区府学路18号    邮编：102249  
				京公网安备110402430032号 "
标题,【主题教育进行时】我院组织教工观看主题教育影片《小巷管家》,时间,2019-11-11
内容,　　11月7日，我院组织开展“不忘初心，牢记使命”主题教育观影活动，全院教职工党员近60人集中观看主题教育电影《小巷管家》。
内容,
内容,　　电影《小巷管家》以全市2.3万名小巷管家的先进事迹和“街乡吹哨，部门报到”工作机制为主要内容，将北京市的基层治理工作和百姓的实际生活紧密结合，集中表现了在基层治理过程中如何打通最后一公里，甚至最后一米的感人故事。
内容,"　　影片从街巷治理这一“小切口”出发，来呈现和释读“街乡吹哨、部门报到”党建引领基层治理体制机制创新改革。通过一条小巷的变化,折射出国家的发展和时代的变化;通过一个个发生在小巷老百姓身边的故事,彰显出广大基层党员和社区工作者在实践中牢记初心、践行使命的自觉。"
内容,　　影片结束后，大家纷纷表示通过此次观影活动，对“不忘初心，牢记使命”有了更深层次的理解，党员要带头发挥先锋模范作用，时刻把人民群众利益放在心上，勇于担当做好每一项工作。
内容,　　企业管理系教工支部书记夏良玉说：对于居住在楼房的高校老师而言，“小巷管家”这个胡同味十足的名词是陌生的。不过，胡同里发生的那些闹心事儿――邻里纠纷、占道停车、私搭乱建、环境杂乱――却能引起大家共鸣。这些生活中难解的疙瘩，在小巷管家的“软磨硬泡”下，竟如春风化雨般一一解开了。于是，一个邻里和谐、互帮互让、环境美好的国风胡同回来了，一个洋溢着传统中华美德的国风胡同回来了。浓浓的胡同情浓缩成了吴奶奶烂肉面馆前的合影，打动着观众的心，而这背后是小巷管家的无私付出，更是推动“街巷吹哨，部门报到”这一惠民制度落地实施的全体公务人员的不懈努力。大学是社区，也是“胡同”，也应有“胡同味”。这“胡同味”是“立德树人”的初心和使命，是师生共读、教学相长的和谐之风，是淳朴民风扎根校园生长而成的常青之树。
内容,　　应用经济系与金融系联合教工支部书记梅应丹说：通过观影，深刻体会到基层管理的不易。该影片重在弘扬并推动基层从传统管理向现代治理转变的一场系统性变革，是基层党建与基层治理同步推进所带来的党建引领基层治理体制机制之变，是在重构基层治理的体制机制。电影《小巷管家》的推出正逢其时，是对坚持和完善中国特色社会主义制度、推进国家治理体系和治理能力现代化这一全会主题的生动诠释，是对落实习近平总书记强调的“城市管理要像绣花一样精细，越是超大城市，管理越要精细”重要指示精神的艺术表达。
内容,"版权所有 ©中国石油大学(北京)    地址：北京市昌平区府学路18号    邮编：102249  
				京公网安备110402430032号 "
标题,2019年经济管理学院四届三次教代会顺利召开,时间,2019-11-08
内容,　　11月7日，我院在主楼B座1118会议室召开了“经济管理学院四届三次教代会”，学院全体教职工参加了会议，会议由工会主席马郑玮主持。
内容,
内容,　　会上，院长杨棉之和党委书记郭海涛为从教三十周年的四位教师颁发了荣誉证书和纪念奖杯。随后，杨棉之介绍了学院的主要工作和成绩，并对《经济管理学院年度岗位考核管理及绩效发放办法(试行）》、《经济管理学院专业技术岗位聘任管理办法(试行）》和《经济管理学院公用房管理办法(试行）》三个文件进行了详细说明。办公室主任佟研汇报了2018年学院财务收支状况，郭海涛总结了“不忘初心，牢记使命”主题教育活动开展情况。全院教职工分组讨论并审议通过了以上三个文件。
内容,
内容,　　此次会议有利于教职工统一思想、凝心聚力，对促进学院的高质量发展具有重要意义。
内容,　　
内容,　　
内容,　　
内容,　　
内容,　　
内容,"版权所有 ©中国石油大学(北京)    地址：北京市昌平区府学路18号    邮编：102249  
				京公网安备110402430032号 "
标题,经济管理学院举办“薪火今聚，琼玖初逢”2019级迎新晚会,时间,2019-11-05
内容,　　11月3日晚，石大经济管理学院举办“薪火今聚，琼玖初逢”2019级迎新晚会。院长杨棉之、党委书记郭海涛、副院长张奇、党委副书记沈庆宁，各系主任以及2019级全体新生等参加了晚会。
内容,
内容,　　杨棉之代表学院对2019级新生表示热烈欢迎，介绍了2019年学院学科建设进展和科学研究成果，并勉励同学们打好基础，追求卓越，学有所成。
内容,　　晚会在优美的开场舞《红昭愿》中拉开帷幕。2019级本科新生管欣萍演唱了歌曲《野子》，嘹亮的歌声震撼全场。舞蹈《山鬼》灵动妩媚，歌曲《一曲相思》余韵不断、萦绕耳旁。学院合唱团和手语团共同表演的压轴节目《大鱼》更是引人入胜，激励人心。晚会上优美的舞蹈，悠扬的歌声，充分展示了学院青年学子朝气蓬勃，积极向上的精神风貌。
内容,
内容,"版权所有 ©中国石油大学(北京)    地址：北京市昌平区府学路18号    邮编：102249  
				京公网安备110402430032号 "
标题,【主题教育进行时】院领导讲授“不忘初心 牢记使命”专题党课,时间,2019-11-01
内容,　　按照“不忘初心，牢记使命”主题教育工作部署，我院领导班子成员结合学习体会、工作实际、调研心得，为师生党员讲授专题党课。
内容,　　10月30日，学院党委书记郭海涛以“紧抓矛盾主要方面，以党建促进学院的高质量发展”为题为应用经济系及金融系联合教工党支部及院办党支部全体党员讲授党课。他阐释了中国社会主要矛盾的转变和“新时代”的内涵，总结了在新形势下我院党建工作取得的成绩、存在的问题和改进的措施。他希望师生凝心聚力，促进学院的高质量发展。
内容,
内容,　　院长杨棉之以“谈教师的使命与担当”为题，为教职工党员讲授党课。他阐述了教师的初心和使命是立德树人，要时刻把“四有好老师”标准作为立身之本。他总结了我院整体建设情况，分析了新时期学院教育教学综合改革面临的问题，提出了多项促进学院长远发展的改进措施。
内容,
内容,　　副院长张奇以“不忘初心，牢记使命，找差距，抓落实”为题为企业管理系教工党支部和能源战略学生党支部讲授党课，副院长赵晓丽以“如何成为一名优秀的大学教师”为管理科学与工程系教工党支部讲授党课，副院长马春爱以“实施共工作创新推动研究生科研活动及人才培养”为院办党支部讲授党课，副书记沈庆宁以“潜心育人，做一名优秀的高校教师”为会计系教工党支部讲授党课学院各基层党支部书记也在支部汇报了主题教育学习活动心得体会
内容,　　专题党课是学院“不忘初心，牢记使命”主题教育的重要一环，有利于全体师生坚定理想信念，牢记初心和使命，推动学院各项事业不断发展。
内容,"版权所有 ©中国石油大学(北京)    地址：北京市昌平区府学路18号    邮编：102249  
				京公网安备110402430032号 "
标题,【主题教育进行时】我院召开“不忘初心，牢记使命”调研成果交流会,时间,2019-10-25
内容,　　按照“不忘初心，牢记使命”主题教育工作部署，10月24日下午，我院在主楼B1115会议室召开主题教育调研成果交流会。校党委副书记雷玉江到会指导，院领导班子成员参加会议。
内容,
内容,　　院领导班子坚持问题导向，聚焦中心共工作，根据分管工作和重点问题，深入基层听取意见，扎实开展调查研究，形成了全方位的调研成果。交流会上，书记郭海涛，院长杨棉之，副院长张奇、赵晓丽、马春爱，副书记沈庆宁分别就“以党建促进学院的高质量发展”，“新时代经管学院教育教学综合改革”，“寻找差距，落实科研‘顶天立地’发展”，“实施工作创新，推动研究生科研活动及人才培养工作”，“落地应用经济学科如何更好地发展”，“大学生基层党支部和社团组织建设”六个主题进行交流汇报，并进行了深入的讨论。
内容,　　雷玉江对院领导班子调研成果给予了充分肯定。同时对进一步深化调研工作提出了要求，一是要继续深入学习习近平新时代中国特色社会主义思想，真正做到学懂弄通做实；二是要以党建促进学院教学、科研和学生工作的全面发展，加强党员理想信念教育，推动课程思政建设，把立德树人落到实处。三是要将调研成果转化为整改落实的具体举措，细化整改措施，明确整改时间，建立健全长效机制。
内容,"版权所有 ©中国石油大学(北京)    地址：北京市昌平区府学路18号    邮编：102249  
				京公网安备110402430032号 "
标题,【主题教育进行时】我院教工党支部与企业党支部开展共建活动,时间,2019-10-21
内容,　　根据 “不忘初心、牢记使命”主题教育活动的要求，我院教工党支部扎实开展理论学习，提高教师政治站位，积极推进共建合作，服务地区经济发展。10月14日下午，应用经济与金融系联合党支部和管理科学与工程党支部与中海油政策与发展研究所党支部开展共建活动。10月17日下午，管理科学与工程系、会计系与企业管理系三个教工党支部与市场监督管理局企业监督管理科党支部开展共建活动。
内容,　　10月14日下午，应用经济与金融系联合党支部和管理科学与工程党支部教师党员代表前往中海油政策与发展研究所参观学习。研发中心党委副书记贾劲松，所长孙曼丽、资深分析师谢旭光等参加了座谈会。
内容,
内容,　　研发中心党委副书记贾劲松首先对我院教师党员的到来表示欢迎，并简要介绍了气电发展历史及研发中心基本情况。我院副院长赵晓丽教授对气电所表示感谢，并介绍了学院的基本情况和主要科研领域。孙所长就中海油的LNG产业、市场及技术做了详细介绍。随后，双方围绕党支部凝聚力建设、党员先锋模范作用发挥、产学研能力提升等内容展开了细致的讨论，就结对共建机制的模式达成了共识。
内容,　　10月17日下午，昌平区市场监督管理局企业监督管理科党支部一行6人来访我院，与管理科学与工程系、会计系、企业管理系三个教工党支部开展了以“了解需求、寻求合作、解决问题”为主题的座谈会。管理科学与工程系教工党支部书记王建良主持会议。
内容,
内容,　　学院党委书记郭海涛首先对昌平区市场监督管理局的到来表示欢迎，并简要介绍了学院的学科发展、专业设置、人才培养、师资结构、党建工作等基本情况。市场监督管理局党支部殷华芳书记介绍了市场监督管理局的机构设置、组织职能、人员配备以及企业监督管理科的主要业务。随后，双方针对关注的问题展开了热烈讨论。我院教工党员代表张宝生教授、牛琦彬教授、许文静教授针对市场监督管理局在调研工作、社区整治问题、优化营商环境、研究支持等方面的需求提出了系列解决思路与共建切入点。双方就学习型党支部建设，人才培养需求，学生实习基地建设等方面达成了合作意向。
内容,　　校企党支部共建活动是我院落实立德树人根本任务的重要内容，是我院教师“不忘初心，牢记使命”主题教育活动的重要实践，取得了良好的效果，促进了教工党支部作用发挥落到实处
内容,"版权所有 ©中国石油大学(北京)    地址：北京市昌平区府学路18号    邮编：102249  
				京公网安备110402430032号 "
标题,经济管理学院在第十届教职工趣味运动会中喜获佳绩,时间,2019-10-16
内容,　　10月13日，第十届教职工趣味运动会在红旗操场举办，经济管理学院80余名教师积极参与，最终获得了团体总分第五名，教学院系第二名的成绩，实现了历史性突破。
内容,　　
内容,　　微风阵阵，秋雨蒙蒙，经管学院迎来了新学院成立以来的第一次学校教职工趣味运动会，也是院系调整后全院教师第一次大型集体活动。开幕式上，我院教师方队身着靓丽统一的服装，昂首阔步，口号响亮，步伐整齐、意气风发。“魅力经管，共谋发展”的口号充分展示了我院教师齐心合力、团结一致的强烈归属感。赛场上，院领导带头参与，在彩虹飞舞、跳大绳、鼓动人心、能量传输线、沙包掷远和男、女4*100米接力等集体项目中均取得了优异的成绩。全院教师冒着秋雨，相互协助、努力争先，展示出浓烈的拼搏精神和集体荣誉感。
内容,　　
内容,　　
内容,　　在学院领导积极动员、院工会的精心组织和全院教师的紧密配合下，学院圆满完成了本次学校教职工趣味运动会的组织参赛任务，实现了历届运动会中参与人数最多、参赛项目最全、获得成绩最好的历史性突破。新起点、新气象，希望广大学院教职工以本次运动会为契机，再接再厉，在教学、科研、管理、服务等各方面工作中取得更好的成绩，齐心协力为学校、学院事业发展贡献力量。
内容,
内容,"版权所有 ©中国石油大学(北京)    地址：北京市昌平区府学路18号    邮编：102249  
				京公网安备110402430032号 "
标题,校领导深入我院开展主题教育专题调研,时间,2019-10-11
内容,　　按照学校“不忘初心、牢记使命”主题教育工作安排，10月10日上午，党委书记山红红，校长张来斌，副校长吴小林、鲍志东、李根生带队深入我院开展“不忘初心，牢记使命”主题教育专题调研工作。学院党政领导班子、学科负责人、教师党支部书记、青年教师代表和学生代表参与了座谈交流。
内容,
内容,　　会上，山红红书记强调了主题教育专题调研要求，本次调研坚持问题导向，聚焦党的建设和思想政治工作以及学科建设、专业建设、团队融合等方面。通过查摆问题、开展调研、寻找差距，狠抓落实。学院党委书记郭海涛从党委会和党政联席会运行，系务会制度落实，教工党支部建设及作用发挥三个方面汇报了党建和思想政治工作情况。院长杨棉之汇报了学院学科建设、专业建设以及团队融合的情况，并提出了学院发展中存在的重点难点问题。
内容,　　与会人员畅所欲言，特别是围绕调研主题，针对学校、学院工作中面临的挑战、问题等，积极献言献策，提出了意见和建议。校领导班子成员结合分管工作，回应了大家普遍关心的问题，并就相关工作提出了指导意见和工作建议。
内容,　　张来斌对学院当前工作和发展成绩表示肯定，学院融合不仅要做好架构融合、班子融合、队伍融合，更要实现文化的融合。他指出，主题调研要聚焦突出问题，解决主要矛盾。他要求学院进一步剖析存在的问题，找准症结，拿出切实可行的改进措施和办法。他强调，学院党委要围绕中心工作抓好党建和思想政治工作，不断加强基层组织建设，充分发挥党支部战斗堡垒作用和党员先锋模范作用。学校高度重视新形势下教师队伍的建设，特别是高层次人才队伍、青年教师队伍和团队的建设发展，学院要结合实际，通过方向凝练、项目支撑、传帮带机制等进一步加强青年教师队伍建设和团队建设，要让青年教师融入团队，在团队中成长。
内容,　　山红红充分肯定了学院各方面的工作成效，对学院“不忘初心、牢记使命”主题教育开展情况进行了点评，并对做好下一步工作提出了要求。她强调，主题教育的目的就是要取得实际效果、解决实际问题，还要牢牢把握主题教育的总要求和总目标，结合实际，探索方法、创新形式，把学习教育、调查研究、检视问题、整改落实四项重点措施贯通起来，统筹推进。学院要及时总结主题教育工作中的亮点特色，形成经验做法，切实提高主题教育的工作成效。
内容,　　党政办公室、组织部、宣传部、教务处、研究生院、科学技术处、人事处、发展规划处负责人以及主题教育领导小组办公室成员参加了集中调研。
内容,"版权所有 ©中国石油大学(北京)    地址：北京市昌平区府学路18号    邮编：102249  
				京公网安备110402430032号 "
标题,“用智慧教书，用情感育人”系列讲座第一讲——高校教师之精彩从讲好一门课开始,时间,2019-10-14
内容,　　为提升我院青年教师工程教育教学能力，・10月10日下午，在主楼B 座1118会议室举办了以“高校教师之精彩从讲好一门课开始”为题的讲座。北京市教学名师及师德先进个人张宝生教授应邀担任了主讲人，学院副院长赵晓丽主持了本次讲座，60余名教师参加了本次讲座。
内容,
内容,　　张宝生围绕智慧教书，情感育人的主题，从高校教师精彩成长、如何讲好一门课、用“师范”精神成就教学人生三个方面为到场教师进行了讲解。他认为教师不忘初心首先要以德施教，以德立身，成为一个好老师，并不仅仅需要上好一门课，还需要高尚的师德师风，这才是对学生最生动、最具体、最深远的教育。他强调，对于在校教师，特别是新上岗教师，必须时刻铭记立德树人，为学生树立榜样的初心，这是他们最重要的任务。最后他提出了高校教师的具体“师范”，表示没有科研成果就难以成为名师，教师在用心教学的同时也要提升自我，达到立德树人的教学境界。会后，与会人员展开了热烈的讨论。
内容,　　本次讲座通过对提升高校教师工程教育教学能力方法的分析，引导教师潜心教书育人，有针对性的对青年教师工程教育教学能力给与指导，提高教育教学水平，将有力地促进师资队伍建设。
内容,"版权所有 ©中国石油大学(北京)    地址：北京市昌平区府学路18号    邮编：102249  
				京公网安备110402430032号 "
标题,【主题教育进行时】经济管理学院召开“不忘初心，牢记使命”主题调研会,时间,2019-10-14
内容,　　根据“不忘初心，牢记使命”主题教育活动的要求，我院立足学院发展需要，学院领导班子于10月9日下午深入系、中心开展调研。
内容,
内容,　　郭海涛书记就“不忘初心，牢记使命”主题教育活动整体安排做详细说明，他强调要把“守初心、担使命，找差距，抓落实”的总要求贯穿主题教育全过程。此次调研着眼于查摆问题，领导班子成员分别确定了1个调研项目，3个主要问题，希望教师积极发言，立足实际谈问题，为学院发展献计献策。
内容,
内容,　　与会人员依次发言，就党支部建设、青年教师成长、专业设置情况、培养方案制定、教学与科研平衡、考核评价体系等方面进行深入研究讨论，并对学院当前工作开展和未来发展思路提出了意见和建议。
内容,　　杨棉之院长进行了总结发言，感谢各位教师针对学院发展存在的问题和挑战献计献策，同时希望教师要坚守立德树人的初心和使命，凝心聚力，共同助力学院发展。
内容,"版权所有 ©中国石油大学(北京)    地址：北京市昌平区府学路18号    邮编：102249  
				京公网安备110402430032号 "
标题,经济管理学院师生同贺新中国七十年华诞,时间,2019-10-02
内容,　　为庆祝中华人民共和国成立七十周年， 10月1日上午，经济管理学院于主楼B座1118会议室组织师生观看了阅兵仪式。院长杨棉之，辅导员时艺宁和近60名留校学生共同观看了直播。
内容,
内容,　　10点整，阅兵仪式正式开始。大家全体起立，齐唱国歌，认真聆听习近平总书记的重要讲话。观看阅兵式环节，师生深刻感受中国人民军队听党指挥的军魂，七十年改革强军的成就以及新时代军民的风采。官兵们整齐划一的飒爽英姿，群众们热情饱满的欢呼，都深深地感染了在场的每一位师生。本次群众游行，石大经管学院的学生也参与其中，通过观看直播，师生们为亲临现场的经管学子感到骄傲和自豪。
内容,
内容,　　本次活动激发了学院师生的爱国情，树立了报国志，激励着每一位师生不忘初心，牢记使命，为实现中华民族伟大复兴中国梦不懈奋斗。
内容,"版权所有 ©中国石油大学(北京)    地址：北京市昌平区府学路18号    邮编：102249  
				京公网安备110402430032号 "
标题,我院召开优秀毕业生返校报告会,时间,2019-09-30
内容,　　9月26日下午，我院在第三教学楼305教室召开了优秀毕业生返校报告会。会计系主任张先美、2006届会计专业毕业生张鹏出席了报告会，2019级30余名同学聆听了报告会，报告会由张鹏主讲，张先美主持。
内容,
内容,　　张鹏自本科毕业后曾就职于中国石油国际工程公司及中国石油国际事业公司，被美国哥伦比亚大学商学院录取，并在纽约全职攻读了MBA，现就职于花旗集团纽约总部。会上，张鹏围绕“大学生职业规划”这一主题，通过讲述个人经历，从大学阶段应为就业做哪些准备、大学生应如何发挥自身优势找到适合自己的工作、大学生应如何把握机遇三方面，向在座同学分享了经验。他认为同学们应充分利用校内外资源挖掘特长，同时建立良好的学习生活习惯，以勇气和信心应对挑战，为大家进行了生动而具体的职业规划指导。随后，张鹏就同学提出的问题进行了详细的解答，并讲述了自己对于职业规划的思考。最后，张先美进行了总结，她指出大学时代应做好职业规划，明确目标，不懈奋斗。
内容,"版权所有 ©中国石油大学(北京)    地址：北京市昌平区府学路18号    邮编：102249  
				京公网安备110402430032号 "
标题,【主题教育进行时】我院举行“不忘初心，牢记使命”主题观影活动,时间,2019-09-30
内容,　　为庆祝新中国成立70周年，重温中国共产党人的初心和使命，9月26日下午，我院组织教工党支部和学生党支部集体观看了革命历史题材电影《决胜时刻》。
内容,
内容,　　该影片讲述了1949年中共中央进驻北京香山，在国共和谈破裂的千钧一发之际，全力筹划新中国，在此会见民主人士、指挥渡江战役、筹备新政协会议和开国大典等一系列大事，展示出了这段历史不为人知的紧张的一面，体现了中国人民解放军的铁骨铮铮、英勇无畏和中国共产党和平统一的坚定信念。通过影片，大家回溯了新中国成了的初心和使命，切实感受到了中国共产党带领中国人民解放全中国的艰难以及党对人民利益的看重、对和平统一的坚持。
内容, 
内容,　　观影结束后，全体党员被老一辈无产阶级革命家和无数英雄先烈浴血奋战建立新中国的光辉事迹深深打动。大家深入交流，互相讨论，观影活动取得热烈反响。
内容,　　管理科学与工程教工支部书记王建良说，新中国诞生的过程是由一段段不为当代青年所熟知的真实故事所构成的，决胜时刻就是这一过程中最后一段惊心动魄的故事，了解历史，才能更好的正视历史，创造历史。同时，电影也让我们了解了一个生活化的、更为真实的革命领导人。看完之后很激动，为新中国的诞生不易而激动，也为祖国现在取得的成绩而自豪。
内容,　　会计系教工支部书记吕鹏说，解放军炮击英国军舰“紫石英”号的炮声振奋人心，它宣告了一百多年屈辱的中国近代史的终结，这是历代仁人志士前赴后继奋斗的方向，但只有在中国共产党的领导下才真正得以实现。新中国来之不易，开国大典上人们灿烂的笑容是无数先烈用热血和生命换来的，激烈的渡江战役中全身起火仍奋勇向前的解放军战士震撼性地展示了什么才是血与火的考验。历史必须牢记，初心应当坚守，我们要珍视当前的幸福生活，坚定跟党走，为党和国家的教育事业贡献自己的绵薄之力。
内容,　　经管本16-2党支部杨新强同学说，在老一辈革命家身上体现出的，是共产党人为国为民浴血奋战的牺牲精神，是共产党人面对外强的民族脊梁，是一切为了人民的执政为公。他们闪耀着共产党人的光辉，展现的是国家和民族的希望，是对美好生活的向往，是为理想和信仰不懈奋斗的献身精神。我们需要回顾历史，追忆先烈，需要一场心灵的洗礼。不管前方的路有多难走，未来有多遥远，我们要秉承党的优良传统，坚持党的领导，艰苦奋斗，为了中国梦而砥砺前行！
内容,　　经管研18-1党支部张烨同学说，影片全方位体现了共产党人的初心和使命。在共产党人的领导下，全体人民为实现民族的独立富强坚定信念，不怕牺牲，最终建立新中国的历史是对当下全体党员的一次精神洗礼。作为一名党员必须坚守对中国特色社会主义的信念，从而坚持正确政治方向，做到“风雨不动安如山”，自觉在思想上政治上行动上同党中央保持高度一致，始终忠诚于党、忠诚于人民、忠诚于马克思主义。不断增强自身政治意识，坚固理想信念，与党同心的情感更加深厚，听党指挥的行动更加有力。
内容,　　经管博士生党支部任凯鹏同学说，影片塑造了以毛泽东为代表的老一辈无产阶级革命家的光辉形象，生动刻画了领袖人物丰沛感人的情感世界，展现了中国共产党的初心和使命。毛泽东的每次出场，伴随着的都是睿智的话语、大度的气概，让人感觉这位领袖既有宽阔胸怀，又有“凡人”情怀。依靠人民、热爱人民是共产党建立新中国的核心法宝。
内容,　　本次观影活动是对伟大祖国70华诞的庆祝，也是激励我们每一位党员都要将斗争精神融入到为实现中华民族伟大复兴而不懈努力奋斗中去，内化于心，外化于行，筑牢信仰之基，补足精神之钙，为祖国高歌，向祖国喝彩！
内容,"版权所有 ©中国石油大学(北京)    地址：北京市昌平区府学路18号    邮编：102249  
				京公网安备110402430032号 "
标题,我校召开“油然而生，逐梦同行”89级校友座谈会,时间,2019-09-23
内容,　　9月21日下午，中国石油大学第一届校友返校日“油然而生，逐梦同行”座谈会在主楼C座304召开。副校长陈大恩，中国石油集团公司政策研究室副主任王震，经济管理学院退休教师李妙兰，克拉玛依校区管委会副主任肖磊，宣传部常务副部长李丽平，就业指导中心主任黄磊，发展规划处处长胡庆喜，理学院党委书记梁景伟，经济管理学院院长杨棉之，党政办公室副主任孙超，教务处副处长雍太军以及89级经济管理学院工业外贸专业17名校友代表参加了座谈会。杨棉之主持座谈会。
内容,
内容,　　今年，学校第一次设立校友返校日（九月第三个周周六），邀请2019年毕业秩年校友重聚母校。陈大恩代表学校对校友的到来表示了热烈的欢迎，对学校从北京办学到形成“两地办学新格局”，克拉玛依校区人才培养新探索做了详细的介绍。校友代表逐一发言，回忆了三十年前的青春岁月，学习生活，表达了对母校和老师的感恩之情，为学校今天的发展和成就感到欣喜和自豪。校友们交流分享了个人成长经历、事业发展情况，表示学校“实事求是、艰苦奋斗”的校风一直是指引自身成长的领航标，在学习、工作、生活中一直牢记石油人的初心和使命。与会人员围绕人才培养、学科建设、创新能力、校友工作等方面，为学校发展建言献策。
内容,　　陈大恩为校友代表颁发毕业全家福，对校友们长期以来对学校发展的关心和支持表示衷心的感谢，他指出大学之道在于立德树人，人才之根在于终身学习、不断反省和有所敬畏。校友是学校最好的宣传名片，学校是校友最好的精神家园。学校将继续加强校友联络沟通，建立校友联络机制，希望校友们一如既往地关心和支持学校发展，常回家看看。
内容,
内容,"版权所有 ©中国石油大学(北京)    地址：北京市昌平区府学路18号    邮编：102249  
				京公网安备110402430032号 "
标题,我院校友参加第一届校友返校日活动,时间,2019-09-21
内容,　　感恩母校忆旧貌，笑谈友情聚新颜。9月21日，中国石油大学（北京）举办了第一届校友返校日活动，我院100余名校友从天南海北共返石大，追忆师生情谊，共话学校发展。
内容,　
内容,　1989级工业外贸专业本科生合影
内容,　
内容,　校友们签到，祝福母校越来越好
内容,　
内容,1999级校友于图书馆南侧集体留念。
内容,　　
内容,　1995级校友于北门口集体留念。
内容,　　校友们重走校园，参观了校史馆、教职工摄影展及返校日主题活动，纷纷感慨母校变化之大、发展之快，并表示看见母校新颜，内心十分自豪，希望母校能够越来越好。
内容,　　
内容,　　
内容,　　1989、1999级校友举行座谈会，追忆似水年华，畅谈往日岁月，现场气氛融洽热烈。
内容,　　本次校友返校日活动让校友了解了学校发展近况，展现了学校、学院对校友工作的重视，加强了学院和校友之间的情感联系，共同推进学校更好更快发展。
内容,　
内容,"版权所有 ©中国石油大学(北京)    地址：北京市昌平区府学路18号    邮编：102249  
				京公网安备110402430032号 "
标题,我院领导慰问军训新生,时间,2019-09-10
内容,　　9月7日上午，我院党委副书记沈庆宁，学院辅导员前往平北军训基地慰问经济管理学院2019级军训学生。
内容,
内容,　　沈庆宁前往训练场观看了学生训练情况，为军训学生发放水果并前往学生宿舍参观了学生内务，了解住宿情况以及现阶段的训练内容。沈庆宁表示，军训在于让学生体验生活、磨砺意志，希望参训学生在保证身体健康的前提下，出色完成训练任务。带队辅导员要密切关注学生身心健康状况，做好后勤保障服务工作，同时要在军训期间开展理想信念教育，把搞好军训、树立远大理想、锤炼优秀学风结合起来，培养学生养成良好的习惯，优秀的作风，系好大学生生活的“第一颗纽扣”。
内容,
内容,　　
内容,"版权所有 ©中国石油大学(北京)    地址：北京市昌平区府学路18号    邮编：102249  
				京公网安备110402430032号 "
标题,我院教师马郑玮获“我眼中的新北京”主题摄影展一等奖,时间,2019-09-09
内容,　　9月3日，“我眼中的新北京”主题摄影展在首都博物馆隆重开幕，北京市委常委、统战部部长齐静出席并讲话。我院会计系教师，民建昌平工委副主任马郑玮参展作品《新北京新地标》获一等奖称号。
内容,　
内容,　　此次展览是首都统一战线“同心同行七十年，坚定不移跟党走”主题教育活动的意向重要内容。主题摄影活动开展以来，各民主党派市委、统战系统各单位、各区共推荐摄影作品1300余幅，经过初审、复审，评选出一等奖15幅，二等奖25幅。三等奖30幅、优秀奖30幅。9月3日至11日在首都博物馆集中展出的100幅为其中获奖作品，之后还将赴有关区进行巡展。
内容,　　《新北京新地标》作品以光影技巧和统战特色的融合升华为特点，重点展现新时代首都统一战线聚力高质量发展的新使命、新面貌、新成就，表达了作者强烈的爱国之情和历史责任感。作品获人民网、光明网等多家媒体转载。
内容,
内容,"版权所有 ©中国石油大学(北京)    地址：北京市昌平区府学路18号    邮编：102249  
				京公网安备110402430032号 "
标题,我院举行2019级新生开学典礼暨入学教育大会,时间,2019-08-30
内容,　　8月29日下午，我院2019级新生开学典礼在中油大厦三层报告厅举行。院长杨棉之，党委书记郭海涛，副院长张奇、马春爱、赵晓丽，党委副书记沈庆宁，各系主任、中心主任，班主任、辅导员及2019级新生共同出席典礼。会议由沈庆宁主持。
内容,
内容,　　典礼在雄壮的国歌声中拉开序幕，院长杨棉之发表了题为“让卓越成为一种时代担当”的讲话。他代表全院师生员工，对新同学的到来表示了热烈欢迎。他提出学院的初心和使命是培养经济管理卓越拔尖人才，希望青年学生能涵养自身品格，培养探究精神，开拓广阔视野，祝福2019届学生取得卓越的成绩，拥有精彩的人生。
内容,　　教师代表齐明阐明了在大学中充分展现自我，保持求知精神的重要性。在校学生代表崔晓敏分享了学习和实践经验。新生代表本科生安彤、博士研究生孟思琦、MBA学员杨洋依次发言，表达了初入校园的激动和对未来的期盼。孙仁金教授做学术道德讲座，团委书记李明从职业生涯规划、人身安全、宿舍文明等方面对新生进行了入学教育。
内容,　　党委书记郭海涛进行了总结致辞，希望同学们能够在大学中保持积极的心态，为自己创造一个丰富绚丽的人生。
内容,　　
内容,"版权所有 ©中国石油大学(北京)    地址：北京市昌平区府学路18号    邮编：102249  
				京公网安备110402430032号 "
标题,我院领导看望2019级本科新生,时间,2019-08-26
内容,　　2019年8月24日-25日，我院2019级268名本科新生，250名硕士研究生，18名博士研究生入院报到。学院院长杨棉之，党委书记郭海涛，党委副书记沈庆宁前往迎新点和宿舍看望新生。
内容,　　24日下午，杨棉之来到青年园公寓旁南广场迎新报到处看望报到新生，了解迎新流程和新生报到情况。
内容,
内容,
内容,　　25日晚上，杨棉之、郭海涛和沈庆宁来到学生宿舍看望入住新生，亲切询问了同学们初入大学的感受和对新环境的适应情况，对他们的到来表示了祝贺，希望他们能尽快融入大学生活，找到自己前进的方向。同学们表达了自己入学之后的感受、对未来学习生活的期盼，并纷纷表示，一定不负父母师长期望，努力学习、积极进取，在大学里充实提高自己。
内容,
内容, 
内容,　　
内容,"版权所有 ©中国石油大学(北京)    地址：北京市昌平区府学路18号    邮编：102249  
				京公网安备110402430032号 "
标题,院长杨棉之带队走访中国石油大学（华东）经济管理学院,时间,2019-08-08
内容,近日，学院院长杨棉之、党委书记郭海涛与各学科负责人、系主任等走访中国石油大学（华东）经济管理学院。中国石油大学（华东）经济管理学院院长周鹏、常务副院长王军、党委书记李逸龙等党政领导班子接待了杨棉之一行。
内容,
内容,周鹏对杨棉之一行来访表示欢迎，双方相互介绍了学院师资队伍、人才培养、学科建设、科学研究等基本情况，探讨了学科发展、人才引进、双万工程、专业学位项目、专业设置与人才培养等工作的建设思路。双方重点就第五轮学科评估指标进行了分析，深入交流了基本数据指标，分析了各自的短板和优势，就如何进行协同评估进行了详细的讨论。
内容,杨棉之表示要加强学院间在学科建设、人才培养、科学研究、师资队伍建设等方面的合作交流，共同推进两院事业发展，最后双方一致同意尽快组建联合学科评估工作组，启动第五轮学科评估工作。
内容,会后，杨棉之一行参观了中国石油大学（华东）虚拟仿真实验实验和经济管理学院。
内容,     
内容,"版权所有 ©中国石油大学(北京)    地址：北京市昌平区府学路18号    邮编：102249  
				京公网安备110402430032号 "
标题,我校学生在第五届全国大学生能源经济学术创意大赛决赛中获得佳绩,时间,2019-07-22
内容,　　2019年7月6日，由中国优选法统筹法和经济数学研究会（中国“双法”研究会）举办、低碳发展管理专业委员会和全国20多所高校联合发起的第五届全国大学生能源经济学术创意大赛总决赛在中国矿业大学举行。本届大赛由中国“双法”研究会低碳发展管理专业委会和中国矿业大学管理学院共同承办，同时大赛受到中国能源模型论坛和中国工程院工程科技知识中心能源分中心能源专业知识服务系统等多家单位大力支持。
内容,
内容,　　本届大赛从2019年1月发布通知以来，共收到来自118所高校的901个团队参赛报名，最终进入评审的有效作品数量为637份，参赛学生人数达到二千多人，经50余位专家的初赛通讯评审和会评，确定25支研究生队伍、28支大学生队伍入围决赛，42支研究生队伍、71支大学生队伍获得三等奖。
内容,　　决赛分本科生组和研究生组分别进行。中国科学院数学与系统科学研究院研究员杨晓光教授担任本科决赛组专家组长，评委包括：北京航空航天大学经济管理学院院长范英教授、中国工程院工程科技知识中心能源分中心田亚峻研究员、哈尔滨工业大学管理学院副院长梁大鹏教授、华北电力大学经济与管理学院张兴平教授、中国石油大学（华东）经济管理学院王辉教授和中国矿业大学管理学院院长陈红教授。清华大学能源环境经济研究所张希良教授担任研究生决赛组专家组组长，评委包括：国家发改委能源研究所能源经济和战略研究中心高虎教授、中国石油大学（北京）经济管理学院副院长赵晓丽教授、天津大学管理学院副院长杨宝臣教授、中国科学院科技战略咨询研究院对外交流合作处处长郭剑锋研究员、中国地质大学（武汉）经济管理学院副院长肖建忠教授和中国地质大学（北京）人文经管学院副院长吴三忙教授。
内容,　　决赛选手经过为期一天的汇报展示和师生问答交流，最终决出大赛特等奖、一等奖、二等奖。其中，我校学生曹高航、苏锐、刘新村在冯连勇老师指导下的参赛作品《净能源和最大能量原理在生物进化中的公平问题研究――模拟数据的提取与分析》获本科生组一等奖，我校学生孟椿雨、林竞立、王佳豪在杨曦老师指导下的参赛作品《北京四大功能区工业碳足迹时空演化及影响因素研究――基于疏解非首都功能政策》、我校学生王婕在李明老师指导下的参赛作品《一带一路背景下国内外新闻对能源的关注方向分析》、我校学生张文园、姚琼在李明老师指导下的参赛作品《基于新浪微博的新能源导向舆情分析――以“水氢汽车”为例》均获本科生组二等奖，我校硕士研究生孙月、王影、罗仁英、诺木格日勒在孙竹、冯连勇、何继江老师指导下的参赛作品《光伏发展新模式调研报告――以库布齐沙漠光伏项目为例》、我校硕士生张诚成在黄中伟老师指导下的参赛作品《液氮压裂在地热储层改造的应用研究》、我校博士生闫君在冯连勇老师指导下的《Biophysical economics as a new economic paradigm》获研究生组二等奖，我校中国石油大学（北京）获优秀组织奖。
内容,
内容,　　全国大学生能源经济学术创意大赛受到了社会各界越来越多的关注和重视，已经成为该领域人才培养中的重要赛事。组委会一直致力于为能源经济领域的学生提供交流平台，鼓励学生把所学知识应用到解决实际问题中，鼓励广大学生加强调研实践和科学研究，为能源经济热点问题提供解决方案和政策建议，为国家培养更多具有社会责任感、创新精神和实践能力的能源经济领域高级专门人才。
内容,　　2020年第六届全国大学生能源经济学术创意大赛将由中国石油大学（华东）承办，欢迎更多关注能源经济的大学生和研究生们积极参与，共同推动能源经济领域的学术研究和实践应用。
内容,　　
内容,"版权所有 ©中国石油大学(北京)    地址：北京市昌平区府学路18号    邮编：102249  
				京公网安备110402430032号 "
标题,我院教工深入开展“不忘初心，牢记使命”主题教育活动,时间,2019-07-22
内容,　　为引领我院教工党员深入学习党的历史，提高党性修养水平，进一步发挥先锋模范作用，增强党支部的创造力、创造力和战斗力，我院党委在建国70周年前夕，组织开展了“不忘初心，牢记使命”主题教育活动。2019年7月9日至14日，学院党委副书记沈庆宁带领教工党员赴贵州、重庆两省参观学习，缅怀先烈，学习传承长征精神，重温革命光荣岁月。
内容,　
内容,       活动中，大家在贵州参观了息烽集中营、遵义会议遗址、娄山关战役遗址、红军山、四渡赤水纪念馆、耿飚将军纪念馆等地。通过视频、图片资料和讲解，大家重温了中国革命历史的艰难历程，聆听了在漫漫长征路上红军所经受的各种严峻考验的故事，感受到红军长征的艰难困苦，对长征精神有了更深刻的认识。在重庆，大家参观了渣滓洞、白公馆监狱等地，切身体会到革命时期先烈们宁折不屈、斗阵到底的顽强精神。
内容,
内容,　　通过此次红色教育学习活动，教工党员身临其境地接受革命教育，教工党员们纷纷表示受益匪浅。同时也表示，一定将革命精神、长征精神大力弘扬，铭记“为中国人民谋幸福，为中华民族谋复兴”的“初心”和“使命”，发扬不畏艰难困苦的优良作风，做好立德树人的本职工作，为培养合格的社会主义接班人贡献自己的力量。
内容,
内容,　　
内容,"版权所有 ©中国石油大学(北京)    地址：北京市昌平区府学路18号    邮编：102249  
				京公网安备110402430032号 "
标题,经济管理学院成功举办“全国优秀大学生夏令营”活动,时间,2019-07-02
内容,　　6月30日至7月1日，我院成功举办“中国石油大学（北京）经济管理学院2019年全国优秀大学生夏令营”活动，来自119所院校的368名同学提交入营申请，经过专业资格审查小组的筛选，共计91名同学获得入营资格，参加为期2日的夏令营活动。最终学院向72名学生签发了“推免生预录取意向书”，向16名学生签发了“推免生预录取（候补）意向书”，向88名学生颁发了结业证书。
内容,
内容,　　6月30日上午，夏令营开营仪式在第四教学楼207教室举行。杨棉之院长出席仪式并致词，杨院长代表学院向参加夏令营的同学表示了热烈欢迎，并介绍了学校和学院的发展历史及学科优势。马春爱副院长介绍了我院研究生项目的优势、特色和招生计划，并回答了学生疑问。出席仪式的还有教务办公室主任回淑玲老师和学院教师。
内容,　　6月30日下午，学院安排营员与各学科导师见面交流，组织了各学科的预录取面试，预录取了一批优秀大学生作为硕士研究生。
内容,
内容,　　本次夏令营活动为各全国来自多所院校的同学们提供了走进中国石油大学（北京）的机会，增进了他们对经济管理学院的了解，取得了圆满成功。
内容,"版权所有 ©中国石油大学(北京)    地址：北京市昌平区府学路18号    邮编：102249  
				京公网安备110402430032号 "
标题,我院举办2019年专业型硕士研究生毕业典礼,时间,2019-07-01
内容,　　传承石大精神，谱写青春乐章。6月26日下午，中国石油大学（北京）经济管理学院在主楼C308举行专业型硕士研究生毕业典礼，为顺利完成学业的176名学子送上毕业祝福。研究生院常务副院长金衍、学院院长杨棉之、党委书记郭海涛以及专业型硕士研究生导师、相关职能部门负责人、毕业生、毕业生家长代表等共同出席典礼。毕业典礼由学院党委书记郭海涛主持。
内容,　　典礼仪式上，金衍院长致辞，祝贺同学们经过两年的不懈努力，即将告别校园生活，踏上人生的新征程。他勉励毕业生，获得硕士学位只是人生的起步，应树立终身学习的理念，不断继续提升自我，在自己的岗位上做出更大的贡献。
内容,"　　杨棉之院长在典礼上为毕业生献上感谢与祝福，并为学生们在两年学习生活中收获的累累硕果骄傲。他希望同学们倾心于学习，敬业于岗位，慎思勤勉，沟通协作，在人生崭新开始的阶段不断奉献,实现自身价值，将母校系于心中。"
内容,　　
内容,　　
内容,　　研究生院专业学位办公室主任耿娇娇宣布了2019届专业硕士评优评先名单。2019届全体专业型硕士研究生在校期间刻苦努力、勤于实践，不断提高自身思想政治素质和知识能力水平，涌现出一批综合素质高、品学兼优的先进典型，8名学生获得2019年度“北京市普通高等学校优秀毕业生”荣誉称号，16名学生获得2019年度“中国石油大学（北京）优秀毕业生”荣誉称号。典礼上，优秀毕业生受到表彰。
内容,　　导师代表夏良玉老师表达了对毕业生深深的不舍，送上了深情的祝福。学生代表李一民发言，深情讲述了自己对母校的热爱和感恩，抒发了对师长无私教诲的感谢，也表达对美好未来奋斗的志愿。
内容,　　
内容,　　经济管理学院专业型硕士研究生毕业典礼在热烈的氛围中圆满结束。
内容,"版权所有 ©中国石油大学(北京)    地址：北京市昌平区府学路18号    邮编：102249  
				京公网安备110402430032号 "
标题,我校MBA教育中心与昌平区工商联签署战略合作协议,时间,2019-06-19
内容,       为加强校企合作，全面推动政产学研融合发展与共同进步，6月14日下午，我校MBA教育中心与昌平区工商联在中国石油大学(北京)校区签署战略合作框架协议。双方就招生宣传、校外导师聘任、校外实习基地建立、毕业生就业、企业专业培训等方面展开热烈探讨，初步拟定多方面合作构想，并表明希望促成长期稳定合作的积极态度。区委统战部副部长、区工商联常务副主席靳红与我校经济管理学院院长、MBA教育中心主任杨棉之代表出席签约仪式并致辞。
内容, 
内容,       会上，双方领导简要介绍各自现状和当前阶段取得的成果，肯定战略合作框架协议的签订对于MBA项目发展具有重要意义，并希望借此契机，双方通力合作，携手共进，促进工商联和学校在技术、人才、信息等多方面达成双赢，共同培养结合国情、中西合璧的多领域管理人才，助力昌平的发展进步。双方在签约仪式后就合作构想展开进一步深入交流。
内容, 
内容,       出席此次活动的还有工商联方企业家潘晓军董事长、王剑元董事长、赵斌董事长、张世新董事长、张伟革总经理、刘爱国副总经理和我院罗东坤教授、张宝生教授、冯连勇教授、孙仁金教授、刘毅军教授、牛琦彬教授、孙竹教授、殷建平副教授、马郑玮副教授、王建良副教授。
内容,"版权所有 ©中国石油大学(北京)    地址：北京市昌平区府学路18号    邮编：102249  
				京公网安备110402430032号 "
标题,以色列驻华大使馆代表团与我院教师进行交流,时间,2019-06-18
内容,　　2019年6月14日，以色列驻华大使馆参赞兼政治处主任罗南先生及政治处研究员巴拉克先生来访，与我院金镭副教授进行了深入的交流，经济管理学院院长杨棉之、国际合作于交流处副处长陆尚等人出席了此次交流活动。
内容,　　
内容,　　双方围绕上海石油期货交易市场、中印在石油业务方面的合作、中国对中东石油的依赖等议题进行了深入交流与讨论，就双方机构在未来加强交流与合作交换了意见。
内容,　　
内容,　　据悉，今年4月，我院金镭副教授曾接受《环球时报》采访，就中印度两国在石油进口方面的合作发表看法。
内容,"　　采访原文：http://www.globaltimes.cn/content/1148029.shtml?from=""timeline&isappinstalled=0"
内容,"版权所有 ©中国石油大学(北京)    地址：北京市昌平区府学路18号    邮编：102249  
				京公网安备110402430032号 "
标题,我院金融专硕教育中心负责人参加第三届中国金融教育发展论坛,时间,2019-06-11
内容,　　6月1日，由全国金融专业学位研究生教育指导委员会主办，上海财经大学金融学院、上海国际金融与经济研究院、中国金融期货交易所、东方证券股份有限公司联合承办的第三届中国金融教育发展论坛在上海隆重举行。重庆市原市长、全国人民代表大会财政经济委员会原副主任委员黄奇帆，全国金融专业学位研究生教指委主任委员郭庆平等来自全国180多所金融硕士培养院校的院长和项目负责人、金融机构代表近300人参加此次论坛。我院金融专硕教育中心主任孙竹、副主任张媛媛参加此次论坛。
内容,
内容,　　本次论坛以“新时期的中国金融：改革、稳定与发展”为主题，旨在探索符合金融发展趋势的人才培养理念，学界与业界深度合作，校企联手打造具有新金融思维、应对新挑战的复合型高端金融人才。
内容,　　论坛首次采用了“移动论坛”的形式，分别在中国金融期货交易所及东方证券股份有限公司平行开展，29位金融监管部门领导、业界精英、知名学者围绕“新时代金融教育的使命和机遇”和“金融科技、监管科技与金融业新趋势”的主题举行了四场圆桌论坛。教育界和金融业界专家就金融业的发展趋势及金融部门用人需求进行了热烈的交流讨论，共同为中国金融发展和高端金融人才培养贡献智慧。
内容,"版权所有 ©中国石油大学(北京)    地址：北京市昌平区府学路18号    邮编：102249  
				京公网安备110402430032号 "
标题,校长张来斌一行莅临我院座谈指导工作,时间,2019-06-03
内容,　　5月31日，校长张来斌，研究生常务副院长金衍，教务处处长梁永图，科技处处长季汉成，研究生院培养办公室主任牛花朋、专业学位办公室主任齐昌政，人事处副处长姜福杰，校办副处长孙超，教务处副处长雍太军、教务科科长侯庆磊、质量监督与评估中心科长徐悦莅临我院座谈指导工作，学院领导班子成员、专家组组长、各系负责人、教师代表参加此次会议。
内容,
内容,　　会上，院长杨棉之代表学院对校长一行的到来表示欢迎，介绍了学院师资队伍、学科专业、机构设置、制度文化、科学研究的建设成果和发展思路，并针对本科生和研究生教育做了重点阐释。他强调本科教育要以培养具有独立人格、宽厚基础、创新思维和社会责任感的高素质经管类人才为目标，拓展教学发展路径，强化专业升级改造。
内容,　　与会人员针对研究生培养、学科建设、本科生教育等多方面进行了交流。
内容,　　校长张来斌指出，经济管理学院作为新成立的学院，领导班子积极谋划，各项工作推进良好。他强调应始终坚持“重教学，强科研”的发展理念，以学科发展为龙头，打好专业建设基础，加强教师水平和能力建设。他提出学院应探索以本硕一体化为主，本博一体化为辅的发展思路，做好教学、科研和实践平台的建设。杨棉之表示学院将以学科与专业结合，科研与教学并举，做好规划布局，产出有显示度的成果。
内容,
内容,"版权所有 ©中国石油大学(北京)    地址：北京市昌平区府学路18号    邮编：102249  
				京公网安备110402430032号 "
标题,我院孙竹教授获第十届中国金融教育论坛优秀论文一等奖,时间,2019-05-30
内容,　　2019年5月25日，由中国高等教育学会高等财经教育分会、中央财经大学金融学院、上海立信会计金融学院共同主办，上海立信会计金融学院承办的第十届“中国金融教育论坛”在上海顺利召开。我院孙竹教授及张媛媛副教授参加了本次论坛，孙竹在教研类分论坛发表论文《国内外高校金融科技教育项目及课程设置对比研究》。
内容,　　本届论坛两方面主题，一是金融学科的金课建设与教学改革（教学类），二是绿色智能金融研究（学术类），旨在为广大金融教育者、研究者和从业者搭建一个金融教育教学研究和学术交流平台。论坛设“中国金融教育论坛优秀论文奖”，我院孙竹教授发表的论文《国内外高校金融科技教育项目及课程设置对比研究》荣获教学类优秀论文一等奖。
内容,
内容,"版权所有 ©中国石油大学(北京)    地址：北京市昌平区府学路18号    邮编：102249  
				京公网安备110402430032号 "
标题,经济管理学院MBA全日制班学生参与企业走访活动,时间,2019-05-27
内容,      5月15日、17日下午，受北京昌平科技园发展有限公司邀请，2018级全日制班级学生在MBA教育中心执行主任马郑玮、副主任佟研的带领下，先后走访了乐华仕健康产业园和创新服务中心奇点中心，与园区内北京景大空间科技有限公司、英赛克科技（北京）有限公司、氦舶科技公司、国际精准医疗创新科技中心、鑫精合激光科技发展（北京）有限公司等的相关负责人开展交流座谈。
内容,"
 "
内容,"
       各企业相关负责人先后介绍了企业的基本情况、现有产品、企业使命和未来期望，并分享公司创始人的创业故事。师生与各负责人交流讨论行业发展现状及面临的挑战，明确坚持企业战略路线的重要性。在各负责人的带领下，师生参观了园区内多家企业，并在我校工商管理硕士的招生宣传和毕业生招聘就业等方面初步达成合作意向。
      本次企业走访活动坚定了我院MBA项目校企合作的发展思路，拓宽了学生的就业方向，指导学生在未来工作生活中吸取经验，把握机遇，规划人生蓝图。"
内容, 
内容,"版权所有 ©中国石油大学(北京)    地址：北京市昌平区府学路18号    邮编：102249  
				京公网安备110402430032号 "
标题,我院举办青年教师中国特色社会主义理论培训班,时间,2019-04-29
内容,     4月25日至26日，我院和非常规油气科学技术研究院于主楼A座1402会议室和主楼B座1118会议室举办了2019年青年教师“习近平新时代中国特色社会主义”理论培训班。中国中共党史学会学科建设研究专业委员会秘书长耿化敏，中国人民大学首批青年杰出学者毛学峰，我校机械与储运工程学院师德标兵张仕民，中国纪检监察报社评论部副主任陈治治应邀担任了主讲人，经济管理学院党委副书记沈庆宁和非常规油气科学研究院徐樟有主持了开班仪式，经济管理学院和非常规油气科学研究院20余名青年教师参加了培训。
内容,
内容,    25日，耿化敏以“中国共产党的一百年”为题，回顾了中国共产党的历史，阐述了一百年来中国共产党党内发生的深刻变化，表示要从多元纬度认识中国共产党，回答了中国共产党是什么样的政党等多个问题。
内容,
内容,毛学峰重点讲解了农村经济发展问题，从“重塑中国粮食安全观”出发，阐释了粮食的概念范畴，分析了中国食物平衡表，点明了粮食安全的关键，提出了在大国崛起背景下的中国更应该注重农业生产的观点。
内容,
内容,26日，陈治治进行了纪检监察专题报告，通过生动具体的实例详细阐述了党的“八项规定”出台给党风党纪和党员工作环境带来的变化，讲解了党风建设需要依靠党中央进行系统地开展，不能只靠个人力量，并阐明了习近平关于全面从严治党的重要论述。
内容,张仕民以师德师风为主题，阐释了科研过程中要遵循王国维治学三境界，讲解了如何在教学和科研的过程中渗透“做人、做事、做学问”的思想，并通过展示对青年教师的培养方法和教学成就，分享了自己的教学方法和教学心得，呼吁老师们积极弘扬社会主义道德和中华传统美德。
内容,
内容, 此次青年教师理论培训班主题鲜明，内容充实，为经济管理学院和非常规油气科学研究院青年教师提供了深入学习习近平中国特色社会主义理论的机会，提高了青年教师的政治理论素养，促进了多学科教师间的交流，扩宽了教学科研的视野，激发了教师深入学习的热情，有利于青年教师共同学习、共同进步，为学校一流学科建设贡献力量。
内容,"版权所有 ©中国石油大学(北京)    地址：北京市昌平区府学路18号    邮编：102249  
				京公网安备110402430032号 "
标题,油气政策与法律专家委员会在中国石油大学（北京）成立,时间,2019-04-26
内容,
内容,2019年4月20日，中国石油大学（北京）（以下简称“中石大”）油气政策与法律研究中心/中澳天然气技术伙伴关系基金北方培训中心（以下简称“中心”）在综合楼C304召开专家委员会成立大会及“国家管网公司对中国油气行业发展的影响”研讨会。
内容,
内容, 国家能源局原副局长、中石大兼职教授张玉清，中国城市燃气协会理事长刘贺明，国家能源局油气司副司长刘红，国家能源局法改司原副司长、中石大兼职教授丁志敏，国务院发展研究中西对外研究部副部长、研究员王金照，中石大校长张来斌，我院院长杨棉之、书记郭海涛等出席会议。
内容,张来斌代表学校致欢迎词，他对与会专家的到来表示感谢，介绍了学校“双一流”建设情况。他指出中心要充分发挥专家委员会的作用，定期邀请专家开展讲座，加强油气政策与法律等软科学研究，提高中石大在油气政策和法律制定方面的影响力。
内容,刘红对专家委员会的成立表示祝贺。她充分肯定油气政策与法律专家委员会的成立的重要意义，希望在油气行业新时代的形势下，中心能够集中油气行业专家智库，为中国油气行业发展问诊把脉，提出切实可行的政策建议和研究报告。
内容,张来斌向与会专家颁发了聘书，会议推举张玉清为专家委员会主任。张玉清表示，专家委员会除了定期召开年会，还要针对行业热点问题不定期召开研讨会，为油气行业管理、企业管理出谋划策，真正发挥油气行业智库作用，同时通过成果发布、政策建议等方式，积极扩大中石大在油气政策与法律方面的影响。
内容,随后召开“国家管网公司对中国油气行业发展的影响”专题研讨会，丁志敏做主题发言。与会专家围绕国家管网公司运营模式及其对油气市场的影响，天然气和管输价格，油气行业监管体制等问题进行了热烈讨论。
内容,参加会议的专家有中国石油经济技术研究院国家高端智库首席专家王震，中国石化集团法律部副主任徐志远，中国海洋石油集团公司政策研究室副主任陈卓彪，自然资源部油气战略研究中心研究员潘继平，北京国际能源专家俱乐部总裁陈新华，新奥集团总法律顾问张利宾，中海油能源经济研究院原首席能源研究员陈卫东，国家发改委能源研究所研究员刘小丽，尤尼伟国际能源服务公司总裁朱九成，世创能源咨询公司首席研究员杨建红，壳牌（中国）战略规划部原总经理，慧闻纳米科技公司总裁吴庆乐，香港中华煤气有限公司高级副总裁刘杰，壳牌（中国）有限公司中国天然气战略与研究主管任宪芳，埃克森美孚中国公司LNG
标题,我院顺利完成2019年各项基金申报工作,时间,2019-03-18
内容,"     近日，我院顺利完成了2019年国家自然科学基金和社会科学基金两项基金的申报工作，共申请基金24项，其中自然科学基金19项，社会科学基金5项，。
     我院领导班子和各个系主任高度重视基金申报工作，全院动员、带头申报，多次邀请知名专家学者召开基金申报讨论会。科研副院长张奇教授参加各系基金项目推进会，杨棉之院长和赵晓丽副院长分别参与了会计系和经济系的推进会，深入讨论，分类指导，大大提高了教师申报的积极性和质量。2019年我院各项基金申报数达到了历年最高。
     一分耕耘一分收获，预祝各位申报老师都能马到功成。本年度基金申报工作为我院科研工作的开展打下了良好的基础，营造了浓厚的学术氛围。下一步，学院将提早规划、积极筹备各项科研工作。"
内容,
内容,
内容,
内容, 
内容,"版权所有 ©中国石油大学(北京)    地址：北京市昌平区府学路18号    邮编：102249  
				京公网安备110402430032号 "
标题,副校长吴小林一行莅临我院调研指导工作,时间,2019-03-18
内容,
标题,我院市场营销专业和金融学专业专家论证会成功举办,时间,2019-03-12
内容,        2019
标题,我院获批2019年度教育部人文社会科学研究一般项目3项,时间,2019-01-30
内容,
标题,我院国际联合培养项目获CSC滚动支持,时间,2019-01-26
内容,
内容,
标题,研究生院领导莅临我院调研指导工作,时间,2019-01-11
内容,
标题,经济管理学院召开2018年度总结大会,时间,2019-01-09
内容,
标题,经济管理学院召开党员大会选举产生第一届委员会,时间,2018-12-23
内容,"      12月22日下午，经济管理学院于学生活动中心410报告厅召开了党员大会，选举中共经济管理学院委员会委员。经济管理学院全体教工党员和学生党员代表参加大会，会议由党委副书记沈庆宁主持。
      大会在庄严的国歌中开幕。大会通过了选举办法，党委委员候选人名单，总监票人及监票人名单。大会经无记名投票，以差额方式选举产生了中共经济管理学院第一届党委委员，分别是：郭海涛、沈庆宁、杨棉之、赵晓丽、张奇。党委书记郭海涛致闭幕词，他表示新一届党委委员将不负全体党员的重托，深入学习宣传贯彻党的十九大精神和习近平新时代中国特色社会主义思想，全面加强学院党建工作，不断提升履职能力和水平，为学院中心工作作出新的贡献。大会圆满完成了各项议程，在雄壮的国际歌中落下了帷幕。"
内容,
内容, 
内容,"版权所有 ©中国石油大学(北京)    地址：北京市昌平区府学路18号    邮编：102249  
				京公网安备110402430032号 "
标题,经济管理学院举办2018年团校第一期第四讲,时间,2018-12-27
内容,12月25日，经济管理学院于主楼B座1118会议室组织了团校培训，经济管理学院团委老师李明担任主讲。
内容,李明从对共青团的认识、对学生干部的认识、能力要求和工作抓手三方面引领团干部树立正确的工作作风并提高团干部的工作能力。李明强调了坚定不移跟党走就是我们的初心，为党和人民不断奋斗就是我们的使命，我们要以提高自身凝聚力、学习力、持久力、战斗力为团建目标，逐步解决团建工作的主要问题，阐述了团干部要担任起强国使命，要争当有理想、有本领、有担当的进步青年，要始终以为大家服务为基本的工作理念。李明以新木桶理论为例，讲述了团干部要不断放大自身优势，达到自身优势最大化，在工作过程灵活运用班委会，主抓思想建设和基础工作。
内容,通过此次团校培训，团干部树立了良好的党团思想，党旗所指就是团旗所向，坚持党管青年，坚持党建带团建是团干部始终秉承的初心和使命。
内容,
内容,"版权所有 ©中国石油大学(北京)    地址：北京市昌平区府学路18号    邮编：102249  
				京公网安备110402430032号 "
标题,经济管理学院举办迎新年联欢活动,时间,2018-12-26
内容,"    12月22日，经济管理学院在学生活动中心举办了迎新年联欢活动。学院近80名教职工参加了活动。
    学院院长杨棉之和党委书记郭海涛代表学院党政领导班子诚挚祝愿教职工新年快乐，万事如意！之后，开展了精心设计的多项趣味游戏，包括“动物园里有什么”、“螃蟹跑”、“踩气球”、“能量传输”等。游戏“动物园里有什么”考察了大家的反应灵敏度；“螃蟹跑”和“能量传输”考验了团队协作和配合默契度；“踩气球”游戏更是营造了紧张刺激而又欢快的氛围。教职工们踊跃参加游戏，现场气氛热烈，充满了欢声笑语，大家共同感受着新年的气息和学院大家庭的温暖。"
内容,
内容,"版权所有 ©中国石油大学(北京)    地址：北京市昌平区府学路18号    邮编：102249  
				京公网安备110402430032号 "
标题,经济管理学院举办新闻摄影主题培训,时间,2018-12-17
内容,12月16日晚，经济管理学院新闻中心在主楼B1118会议室举办了新闻摄影主题培训。此次培训邀请了石大学工处助管叶鹏担任主讲，经济管理学院新闻中心31名学生参加了此次培训。
内容,  叶鹏从拍照前的准备工作、相机的基本参数、拍摄中的方法与技巧、照片后期制作四个方面进行了系统介绍。首先，叶鹏为同学们详细地讲解了相机的光圈大小、快门速度、ISO参数、相机档位的调节方式，并结合自身工作经验分析了在不同情况下应当采取的拍照方式，列举了紧急情况下解决摄影问题的方法。其次，叶鹏针对Photoshop软件的基本功能和使用方法，为同学们详细介绍了亮度调节、旋转、剪裁和保存格式大小的方法，以及如何根据具体操作达到理想的照片效果。最后，叶鹏详细地解答了同学们提出的问题，分享了自身的摄影经验，令同学们获益匪浅。
内容,  此次摄影培训内容丰富，具有较强的普适性。不仅使同学们掌握了摄影快速入门的方法，具有针对性地学习到了新闻摄影的知识，深化了同学们对新闻摄影的认知，而且解决了同学们的摄影问题，为同学们日后进行新闻拍摄工作，成为一名合格的摄影工作者打下了良好的基础。
内容,
内容,"版权所有 ©中国石油大学(北京)    地址：北京市昌平区府学路18号    邮编：102249  
				京公网安备110402430032号 "
标题,经济管理学院举办“习近平与新时代的中国共产党”高水平人文素质讲座,时间,2018-11-12
内容,   11月10日上午，经济管理学院邀请了中国人民大学马克思主义学院中共党史研究室主任、副教授耿化敏在学生活动中心410报告厅举办了以“习近平与新时代的中国共产党”为主题的高水平人文素质讲座。
内容,讲座中，耿化敏回顾了习近平总书记的知青岁月和在改革开放时期的人生选择，讲述了习近平作为新时代领路人的执政之路，循序渐进、条理清晰地展现了中国过去几年的成就，解读了全面深化改革中的创新模式，阐述了党法问题的新突破，强调了中国进入新时代的重要性，运用多方数据讲述了中国共产党在应对新挑战、新定位时做出的全面从严治党的新要求，阐释了十九大党建新要求的具体内容，剖析了中国当下的国情，寄予了新青年实现中华民族伟大复兴中国梦的期许。
内容,本次讲座内容丰富，内涵深刻，不仅使入党积极分子们了解了习近平总书记的人生经历，明晰了国家的基本国情和未来发展情况，理解了中国共产党的新时代特性和历史使命，而且加强了对学院入党积极分子的思想政治建设工作，提高了入党积极分子自身的党性和素养。
内容,
内容, 
内容,"版权所有 ©中国石油大学(北京)    地址：北京市昌平区府学路18号    邮编：102249  
				京公网安备110402430032号 "
标题,经济管理学院组织观看庆祝改革开放40周年大会,时间,2018-12-19
内容,"     12月18日上午，为庆祝改革开放40周年，经济管理学院于主楼B座1118会议室组织开展了“庆祝改革开放40周年大会”电视节目观看活动，经济管理学院领导、教师和学生干部一同收看了庆祝改革开放40周年大会实况转播。 
     嘹亮的国歌在会场响起，与会师生齐唱国歌。大会进行第一项，党中央、国务院决定授予袁隆平等100名同志改革先锋称号，颁授改革先锋奖章。为感谢国际组织、国际友人对中国改革开放40年来发展提供的支持与帮助，向阿兰?梅里埃等10名国际友人颁授中国改革友谊勋章。宣读完毕后，伴着激昂的军乐，中央部分领导为获奖人员颁发奖章，少先队员为获奖人员献花。在座师生以热烈的掌声向为我国改革开放事业做出杰出贡献的代表表示衷心的祝贺和崇高的敬意。大会第二项，中共中央总书记、国家主席、国家军委主席习近平同志发表了重要讲话。习近平回顾了改革开放40年来的历史，强调了十一届三中全会重要转折意义，肯定了改革开放的正确决定。习近平指出，建党、建国、改革开放是“五?四”运动以来的三大历史性事件，是近代中华民族伟大复兴的里程碑。习近平回顾了40年来我国取得的伟大成就，颂扬了中国人民改革开放40年来的用努力和奋斗谱写的不朽赞歌，强调在未来依旧要让社会主义的旗帜在中国高高飘扬，对未来经济建设、政治建设、文化建设、社会建设、生态文明建设做出了展望。师生们聚精会神地观看了庆祝改革开放40周年大会，会场不断响起雷鸣般的掌声。"
内容,   
内容,"
    “庆祝改革开放40周年大会”电视节目内容丰富，内涵深刻，回顾了改革开放四十年历程和取得的伟大成就，表彰了为我国改革开放做出杰出贡献的同志。此次活动不仅使师生们更深入地了解了改革开放的重要意义，学习了习近平总书记的重要讲话内容，对中国的昨天、今天和未来有了更深刻的认识，而且使学生们更加明确了当代青年人身上肩负的责任和光荣使命，为民族复兴贡献自己的青春力量。"
内容, 
内容,"版权所有 ©中国石油大学(北京)    地址：北京市昌平区府学路18号    邮编：102249  
				京公网安备110402430032号 "
标题,经济管理学院经济大类人才培养国际化成效显著,时间,2018-12-19
内容,"      经济管理学院经济大类包括能源经济专业和国际经济与贸易专业，连续两年本科生招生成绩位于全校首位，生源质量高。为贯彻落实学校国际化战略，培养面向世界的一流本科人才，我院在专业课讲授、师资队伍建设、短期英文培训方面做出了积极的努力。
邀请外教讲授专业核心课程
      国际能源合作课程邀请Mikael H??k副教授，博士生导师，瑞典乌普萨拉大学全球能源系统研究所所长主讲。该专家在能源经济研究领域发表了大量有价值的学术文章，在能源开发递减率、能源系统预测、新能源与矿产关系等方面研究成果突出。课程主要内容为经济活动中能源及各种金属对未来贸易的影响、如何考虑这方面的约束、如何规避风险等。此外，在Mikael Hook的支持下，我院多名博士生前往该校进行交流学习，合作发表了多篇学术论文。 "
内容,
内容,      能源经济分析方法与模型课程邀请GARVIN BOYLE，国际生物物理经济学学会加拿大分会主席主讲。该专家在能源经济领域运用Agent模拟模型方面积累了深厚的基础，连续两年为我院本科生开设能源经济分析方法与模型（I）、（II）两门课程。在能源、资本及演化的复杂系统建模方面对学生有指导意义。 
内容,
内容,"
着力打造全英文教学团队
      为提升师资队伍建设国际化水平，在引进海归博士的基础上，我院重视全英文教学团队建设。2017年，学院聘请美国外教Monica Thiel为全英文教学团队的指导老师。2018年，Monica Thiel围绕着跨学科融合课程为主题，为全英文教学团队开设了6次全英文教学方法培训。"
内容, 
内容,"
开办短期英文培训班
      018年11-12月，Monica Thiel为全院本科生和研究生开设了为期2个月共8次的短期英文培训班，旨在提高学生的领导力和沟通技能，共计40余名学生参加。"
内容,
内容,"
国际化成效显著
      近年来，学院经济大类人才培养国际化成效显著。能源经济专业在保研及出国留学深造等方面效果明显，连续多人保送到国内知名高校，留学海外名校的同学也已形成小“气候”。国际贸易专业学生的外语水平在出国和就业方面有显著优势。"
内容,"版权所有 ©中国石油大学(北京)    地址：北京市昌平区府学路18号    邮编：102249  
				京公网安备110402430032号 "
标题,经济管理学院举办“十九大思维导图绘制大赛”党支部活动,时间,2018-12-13
内容,     
标题,经济管理学院召开第一次全院大会,时间,2018-12-07
内容,"      12月6日下午，经济管理学院在综合楼C座308会议室召开第一次全院大会，院长杨棉之，书记郭海涛，副院长张奇、赵晓丽、马春爱，副书记沈庆宁，学院全体教职工参加了会议，会议由郭海涛主持。
 "
内容,
内容,"
      杨棉之在讲话中提出学院将着力构建“一体两翼”的发展格局，从而实现学术研究顶天与服务社会落地的良性互动。他部署了近期工作安排，明确了学院领导分工，各系设置和师资调整原则，强调了学院要规范完成工作交接、内部调整，全面做好软文化建设。
      学院班子成员分别作表态发言，张奇表明要做好基金申报、研究中心及高水平学术论坛。马春爱从招生工作、培养环节、学位论文质量控制三个方面对研究生工作提出了要求。赵晓丽梳理了本科教学质量考核体系指标，表示教师应从本科教学工作中获得快乐。沈庆宁强调要以学生成长发展为中心，积极开展促进学风建设的各项活动。
      郭海涛希望全体教职工树立政治意识和大局意识，加强师德师风建设，积极支持新领导班子做好学院改革发展各项工作。会后，为转变行政人员工作作风，全院教职工对办公室职员进行了考核。
      本次大会对学院过去的工作进行了总结，对未来的建设提出了要求，明确了新学院新的发展理念，有利于全院师生立足新起点，凝心聚力，协同发展。"
内容, 
内容,"版权所有 ©中国石油大学(北京)    地址：北京市昌平区府学路18号    邮编：102249  
				京公网安备110402430032号 "
标题,经济管理学院召开部分青年教师座谈会,时间,2018-12-05
内容,    12月4日下午，经济管理学院在综合楼B座1215会议室举行”学院改革发展与青年教师职业规划“座谈会。院长杨棉之，书记郭海涛，10余名青年教师参加了座谈会。
内容,
内容," 
     座谈会上，院长杨棉之介绍了新学院在学科专业建设、本科生教育、人才培养、科研工作等方面的发展规划。他鼓励青年教师在做好科研和教学工作的同时，以主人翁的心态积极参与学院建设发展。与会教师介绍了各自研究方向、学术专长及承担课程，针对职称评转、年度考核、教学工作等问题进行了交流。
    书记郭海涛表示学院将始终秉持公平、公正、公开的原则做好改革发展。各项工作，希望青年教师能积极融入新学院、新环境、新氛围，为学院建设贡献力量。"
内容, 
内容,"版权所有 ©中国石油大学(北京)    地址：北京市昌平区府学路18号    邮编：102249  
				京公网安备110402430032号 "
标题,中国石油大学（北京）经济管理学院正式成立,时间,2018-11-28
内容,"       经过近一年的酝酿、论证和筹备，在原工商管理学院和能源战略研究院的基础上，中国石油大学（北京）经济管理学院正式成立。11月26日上午，在中油大厦报告厅举行新成立学院揭牌仪式，校长张来斌与经济管理学院院长杨棉之共同为学院揭牌。
      院长杨棉之作表态发言，他表示将不辜负学校的信任，认真落实学校党委和行政的各项工作部署，做好新学院的建设工作。"
内容,"
 
校长张来斌与经济管理学院院长杨棉之共同为学院揭牌
 
校领导与经济管理学院第一任领导班子"
内容,"
      11月27日上午，在综合楼C308召开经济管理学院新任班子任职宣布大会，学院全体教职工及学生代表参加了会议，会议由组织部部长梁喜书主持。
      梁喜书宣读了学院干部任命决定。杨棉之同志为经济管理学院院长，郭海涛同志为经济管理学院党委书记，张奇同志为经济管理学院副院长兼中国能源战略研究院院长，马春爱为经济管理学院副院长，赵晓丽同志为经济管理学院副院长，沈庆宁同志为经济管理学院党委副书记。
      校长张来斌在讲话中对学院筹备工作组组长张宝生教授及原商学院党委书记殷建平表示感谢，并对新任领导班子提出三点要求。他要求新班子团结协作、相互支持、共同推进新学院发展；落实从严治党要求，认真履行一岗双责，充分发挥党委会、党政联席会的作用；充分考虑原有学院人员特点，吸收好的做法，抢抓发展机遇，在人才培养、学科建设和科学发展方面取得新的突破。他希望教职员工支持新班子，真正形成统一的整体，推动学院又好又快发展。
      经管学院院长杨棉之表示新学院的成立是经济管理学科、专业发展的重要里程碑。学院领导班子将深刻领会、努力践行学校的指示精神，在学院融合工作中把握方向、加强沟通、共谋发展。同时将秉承“依靠教师、服务教师、回馈教师”的发展理念，贯彻“学生、学者与学术”的指导思想，内求团结，外求发展，以和谐奋进的文化，推动学院发展迈上新台阶。
      经管学院书记郭海涛表示将在学校党委的领导下，领导班子将团结协作，高效平稳完成学院融合，平等对待教职员工，听取意见和建议，关注学生健康成长，抓好学院党组织建设工作。"
内容, 
内容,"版权所有 ©中国石油大学(北京)    地址：北京市昌平区府学路18号    邮编：102249  
				京公网安备110402430032号 "
标题,“油”缘携手，与“石”共进,时间,2018-09-25
内容,     六十五年峥嵘岁月；六十五年砥砺前行；六十五年薪火相传。9月22日，中国石油大学（北京）迎来了第65个生日。整个校园焕然一新，一草一木勃勃生机；每位校友满怀热情，一颦一笑都是欢喜。为共同欢度65周年校庆活动，中国石油大学工商管理学院于下午14：30在第四教学楼401举办大学生成长与经验分享校友交流会。本次活动还得到了中国MBA教育网的大力支持。
内容,"
"
内容,
内容,    不到下午14:00，就有不少校友陆陆续续签到入场，参加本次校友经验分享交流会的有各届石大校友、在读本科生、在读研究生、师生代表等，其中年龄最大的校友是1968年毕业的杨槐荫老师。据了解，毕业50年的他，从事石油行业42年，因为对石油行业的特别情怀，因为对石大的特别关注，今天特意坐约两个小时的车来参加校庆活动。时光匆匆，青丝换白发，可初心仍未改。
内容,
内容,    在马春爱教授欢快幽默地主持致辞下，交流会在用热烈的掌声欢迎各届校友回归校园中渐渐拉开帷幕。出席本次分享会的优秀校友和嘉宾有北京市工商局昌平分局副局长李俊杰，中国石油国际勘探开发公司战略发展中心副主任赵林，百校国际教育集团创始人黄华，华能国际电力开发公司燃气资源开发部副经理李良，重庆科技学院安全工程学院常务副院长邹碧海以及首都机场海关主任科员胡明章。 
内容,"
 
马春爱教授
 
北京市工商局昌平分局副局长李俊杰
 
中国石油国际勘探开发公司战略发展中心副主任赵林
 
百校国际教育集团创始人黄华
 
重庆科技学院安全工程学院常务副院长邹碧海
 
    华能国际电力开发公司燃气资源开发部副经理李良    
 
首都机场海关主任科员胡明章"
内容,"    92届学长李俊杰首先分享自己在石大的成长经历。他说，踏进校园，心情像凉爽的金秋一样轻快舒服，每走一步，都心怀感恩，每看一眼，都满怀敬意。“石大厚积薄发开物成务的校训一直激励着我不断进步和成长。”他强调，在人生中最美好的大学时光，要用心成长、不断成熟、积累知识。大学是人生重要的转折点，要学会规划自己的人生，确立自己的时间表和路线图，为步入社会打下基础；找好自己的人生导师，树立正确的人生、价值观、世界观；找到自己的短板，正确面对不断改进；注重沟通能力和文字表达能力、领导能力以及良好的心理素质的培养。而想像和得到之间是做到，所以要有持之以恒的毅力。
   在石大呆了9年的赵林学长，本硕博连读的他，在石大良好的学习氛围，雄厚的师资下一路开挂，不仅在科研上小有成就，同时也摸透了教育的本质。他说：“大学教育的本质是让我们自我成长为强大、正能量、有善念的人。”所以他希望在读的石大人能做一个有“油味”的人――打好石油理论基本功，做一个现代化四好――身体好、学习好、学生工作好、科研好的大学生。
   02届的黄华学长谈到大学生要有积极向上、乐观的 精气神，要及时反思、每日复盘。特意从重庆做飞机而来的邹碧海学长则强调在学校要结交两个朋友――图书馆和操场，要充分利用大学的资源， 要珍惜当下、珍惜自己、珍惜时代、珍惜他人。 李良学长谈到了做事就要寻找一个目标，做人就要做复合型人才，只有这样才能不断突破自我。"
内容,"
 
    活动会场    "
内容,"
   活动结束后，不少同学拍手称赞，感叹收获满满。大三学生张佳说：“学长们给的建议都很实在，自己受益匪浅，会定下目标好好加油，像学长们看齐，努力为校争光，祝愿石大的明天更加美好。”"
内容,"
 
校友嘉宾大合影"
内容,"
    随后，马春爱教授陪同嘉宾和校友游览校园、参观校史馆。校史馆每处都安排了校史讲解志愿者，他们说起学校的历史，滔滔不绝；他们谈到优秀校友创下的佳绩，无比自豪；他们讲到雄厚的师资，慷慨激昂。校友们看到校史馆的照片、听志愿者的讲解，思绪仿佛回到了大学最青春的年华，仿佛看到了自己在校园里稚嫩的面庞，不少校友在校史馆电子留言台和书法留言区留下了自己对石大深深的爱和祝愿。"
内容," 
    马春爱教授和校友嘉宾参观校史馆
 
校友胡明章留言石大"
内容,"
    石大六十五年，一代代石大人将“我为祖国献石油”的豪情融入到血脉中；将厚积薄发开物成务的校训铭记在心中；将“实事求是、艰苦奋斗、爱国奉献、开拓创新”的石大精神落实在行动中。六十五年，石大立德树人，弦歌不缀，不忘初心，桃李芬芳。今天，来自五湖四海的校友，重返校园，重温同窗之情；重走青春，追忆激扬岁月。明天，执梦前行，共创未来。
    中国石油大学65周年校庆暨工商管理学院大学生成长与经验分享校友交流会圆满落幕。"
内容,"版权所有 ©中国石油大学(北京)    地址：北京市昌平区府学路18号    邮编：102249  
				京公网安备110402430032号 "
标题,中国石油大学管理科学与工程一级学科硕士学位授权点合格评估会议成功举办,时间,2018-09-11
内容,"    2018年9月5日，中国石油大学管理科学与工程一级学科硕士学位授权点合格评估会议在翠宫第五会议室成功召开。国务院管理科学与工程学科组成员、中国科学院大学校长助理董纪昌教授任此次评估会议的专家组组长，专家组成员包括中国科学院系统科学研究所副所长杨晓光研究员、中国矿业大学（北京）管理学院院长丁日佳教授、华北电力大学经济与管理学院副院长张兴平教授、北京邮电大学经济管理学院王长峰教授。中国石油大学（北京）副书记雷玉江出席此次会议，并代表学校致欢迎辞。研究生院、工商管理学院、能源战略研究院相关负责人以及教师代表等参加了评估会。
    评估会上，雷玉江介绍了中国石油大学的发展历程和办学特色。他表示，持续推进学科建设、提升人才培养质量是学校不断的追求，希望专家组为管理科学与工程硕士学位授权点进行把脉，促进学位授权点建设和学科健康发展。管理科学与工程学科负责人张宝生教授围绕学位授权点的基本概况、目标和标准、基本条件、人才培养、特色和优势等方面进行了汇报。
    评估专家对中国石油大学管理科学与工程一级学科硕士点的建设给予了充分肯定，认为该学位授权点作为北京市重点学科，经过长期积累，已经建设并形成“能源特色”的管理科学与工程学科体系，在科学研究、人才培养及社会服务等方面取得了出色的成就。评估专家认为，该学位授权点的人才培养特色鲜明，学科方向明确，具有较高的科学研究水平，在人才培养的国际化、学生培养质量控制方面成效显著；师资队伍力量雄厚、结构合理；承担了多项国家级重大项目，在能源科学与工程、能源管理科学领域公认的高水平期刊上发表大量学术论文；承担了大量的政府和能源行业政策咨询任务，在国家能源政策与公众沟通中起到了桥梁与知识传播的作用。评估专家也为该学位点的未来发展建设提出了建议。例如，进一步优化师资结构，加大投入，引育并举，提高高层次人才的引进和培养力度；进一步加大实验平台、实践基地及能源智库的建设；并对自评报告的进一步丰富和完善提出了建议。
    评估专家还与师生代表进行了座谈。与教师的座谈交流中，评估专家重点了解了人才引进、实验室建设、课程教学、研究生招生与选拔、学位论文管理等情况；与学生进行交流时，重点了解了研究生的课程设置、实习经历、学术研讨、职业规划等方面的情况。
评估专家一致认为，中国石油大学管理科学与工程一级学科硕士学位授权点在培养目标与标准确定、办学基本条件、人才培养、特色和优势培育等方面取得了一系列重要成绩，完全达到并超出国务院学位办对该硕士学位授权点的建设要求，评估合格。"
内容,
内容, 
内容,"版权所有 ©中国石油大学(北京)    地址：北京市昌平区府学路18号    邮编：102249  
				京公网安备110402430032号 "
标题,石大举办国际健将级高水平运动员班结业典礼,时间,2018-06-19
内容,"    6月14日上午，中国石油大学（北京）市场营销专业国际健将级高水平运动员班的毕业论文答辩和结业典礼在石大翠宫第五会议室举行。校长张来斌、教务处处长詹亚力，以及工商管理学院、体育人文艺术学院的教师代表参加了相关活动。结业典礼由工商管理学院院长郭海涛主持。
    国际健将级高水平运动员班，是我校为国家高水平运动员专门开设的本科订单班。教务处、工商管理学院、体育与人文学院对班级的教学管理和课程设计高度重视。工商管理学院根据学生的专业特点，精心设置了14门营销专业核心课程，配备了一流的教学团队，分批次派遣教师到棋院进行授课；并选派经验丰富的教师对学生的毕业论文进行“一对一”指导。师生在教学相长的过程中，结下了深厚的友谊。
    本次参加答辩和结业典礼共有10名运动员，他们是：围棋世界冠军常昊、周鹤洋、孔杰、胡耀宇、柁嘉熹、王晨星，羽毛球世界冠军骆赢和骆羽。答辩结束后师生们进行了座谈，常昊作为运动员代表，回顾了过程辛苦但收获满满的求学生活，表达了对母校栽培的感激之情，并赠送了围棋比赛棋盘。各位老师对学员在学习过程中孜孜不倦、刻苦拼搏、勤勉严谨的学习态度表示了高度赞扬和肯定。
    最后，张来斌校长祝贺各位同学圆满完成学业和答辩，并鼓励各位运动员作为杰出校友代表，在未来积极运用所学专业知识，为国家竞技体育的发展贡献更大力量。同时，张校长还充分肯定了我校高水平运动健将培养模式，表示我校愿意为国家竞技健儿提供更丰富和优质的教育资源。"
内容, 
内容, 
内容,"版权所有 ©中国石油大学(北京)    地址：北京市昌平区府学路18号    邮编：102249  
				京公网安备110402430032号 "
标题,我院学生被选入国家公派优秀本科生项目,时间,2018-06-06
内容,"    近日，国家留学基金管理委员会公布了“2018年优秀本科生国际交流项目（第一批）”录取结果，中国石油大学（北京）获批的18个选派名额中，完成了7个指标，且均来自工商管理学院。
    2018年国家公派优本生项目的选派名额较往年有较大调整，仅保留免学费的项目。录取学生可以在免学费的基础上，同时获得国家留学基金委的奖学金资助。录取学生将于今年秋季赴英国邓迪大学、爱沙尼亚塔林理工大学和加拿大新布伦瑞克大学开始为期一学期的交流学习。"
内容, 
内容,2018年国家公派优秀本科生获批名单
内容,
内容,"
   2016-2017年，我院共有7名学生入选公派优秀本科生项目。尽管出国交流项目越来越多样化，但仍有许多成绩优异的学生选择公派项目。除了全额奖学金资助的优惠条件，多数公派学生更是以出国学习经验为跳板，为自己在研究生阶段申请到国际名校做好充分的准备。
国家公派优本生项目将在今年秋季组织第二批选拔，现仍有1个赴加拿大新布伦瑞克大学的公派名额面向我院大二、大三学生。欢迎对公派留学感兴趣的同学关注并积极报名。
   目前，工商管理学院与英、美、加、德等14所国际名校签署了各类联合培养和交换生项目的协议，此外还有30余个国际留学基金会（SAF）的名校交流和寒暑期游学项目。特别是今年1月份的寒假游学项目，我院有20余人报名远赴英国剑桥大学、美国纽约大学、新加坡国立大学、香港中文大学等地进行交流学习。
   工商管理学院一直都支持并鼓励学生在校期间出国交流学习，支持出国交流的学生将所获外方大学的成绩转入本校，支持公派学生和交换生按学期进行课程学分整体替换，学院确保已获取保研资格的学生不会因出国交流而受影响。
   我校工商管理学院正在一步步向着“成为经济与管理领域能源特色鲜明，影响力显著的国内一流、国际知名商学院”的愿景迈进。为了加大国际化进程，使学生能够接受国际化教育，学院展开了一系列举措，包括开设全英文课程、聘请外教上课、举办外教学术交流等。
因此，学生们不要局限于眼前所学，要立意高远、放眼国际，抓住一切机会“走出去”，让自己的人生道路更加宽广、阅历更加丰富。"
内容, 
内容,"
 
爱沙尼亚塔林理工大学公派本科生留学心得 2014级赵可馨"
内容,
内容," 
加拿大新布伦瑞克大学公派本科生留学心得 2014级刘玉洁"
内容,"
 
加拿大新布伦瑞克大学公派本科生分享经验 2013级国贸专业罗孟良"
内容,"
 
加拿大新布伦瑞克大学公派本科生分享经验 2013级会计专业林友威"
内容, 
内容,"版权所有 ©中国石油大学(北京)    地址：北京市昌平区府学路18号    邮编：102249  
				京公网安备110402430032号 "
标题,首届“昆仑润滑油杯”全国大学生营销创意与实践大赛决赛在石大闭幕,时间,2018-05-28
内容,近日，首届“昆仑润滑油杯”全国大学生营销创意与实践大赛决赛在中国石油大学（北京）中油大厦报告厅举行。经过激烈角逐，中国石油大学（北京）“五林霸主队”获一等奖，对外经济贸易大学“笑赢营队”等5支队伍获二等奖，中国矿业大学（北京）“爱因斯坦队”等10支队伍获三等奖，中国石油大学（北京）教师张先美等6位指导老师获优秀指导教师奖，中国地质大学（北京）、中国矿业大学（北京）、北京化工大学、中央财经大学、对外经济贸易大学获优秀组织奖。
内容,
内容,
内容,
内容,中国石油北京润滑油销售公司总经理助理张涛，中国石油大学（北京）党委副书记、副校长韩尚峰，滴滴出行、朴新教育科技集团、百校国际教育科技（北京）有限公司、华商天下（北京）国际投资有限公司、自在生活NLP之家、北京紫苜蓿商贸有限公司等单位相关负责人，各高校相关负责人，石大相关学院和职能部门负责人，参赛队伍代表共300余名师生参加了闭幕式。
内容,张涛在致辞中对大赛的成功举办表示祝贺。韩尚峰向到场嘉宾表示衷心感谢，向获奖学生表示祝贺，表示此次大赛为学生提供了一个施展才华、张扬个性的舞台，培养了学生的团队精神和集体荣誉感，也为企业提供了与学校交流合作的平台，是校企协同育人的有益探索，希望大赛不断总结经验，越办越好。
内容,本次大赛吸引了来自7所高校的71支队伍报名参赛，经过5个月的知识学习、智力碰撞、市场实操以及现场答辩，16支代表队进入决赛。决赛分两场进行，上半场各代表队分别汇报营销实战过程及成果，决出6强；下半场通过现场模拟实战营销案例决出一、二、三等奖。决赛中，来自中国石油销售总公司、中国石油学会石油经济专业委员会、中国石油北京润滑油销售分公司、滴滴出行、朴新教育科技集团、中国地质大学（北京）、中国矿业大学（北京）、北京石油化工学院、中国石油大学（北京）等单位的11名专家组成评审团，对入围决赛的方案进行评审。
内容,“昆仑润滑油杯”全国大学生营销创意与实践大赛旨在为广大学子搭建营销理论与市场实践相结合的平台、开展素质教育和新工科建设的平台，锻炼参赛学生学以致用的能力、团队协作能力、市场洞察力、销售能力，提高学生的综合管理素质。
内容, 
内容,北京电视台、中国石油报对本次大赛进行了报道，详情见链接：
内容,北京电视台“北京您早”栏目：
内容,http://m.cctv.com/dc/v/index.shtml?guid=6f5851d9b41d41c38f707d062ab68521&from=groupmessage&isappinstalled=0
内容,中国石油报（一版）：
内容,http://news.cnpc.com.cn/system/2018/05/24/001691444.shtml?from=singlemessage
内容,"版权所有 ©中国石油大学(北京)    地址：北京市昌平区府学路18号    邮编：102249  
				京公网安备110402430032号 "
标题,石大举办第一届“营销创意与实践论坛”,时间,2018-04-26
内容,4月21日，由中国石油大学、中国石油学会经济专业委员会主办，中国高等学校市场学研究会指导，中国石油北京润滑油销售分公司赞助的第一届“营销创意与实践论坛”在石大翠宫报告厅举行。论坛邀请国内知名专家学者、企业代表，以及华北电力大学、中国地质大学（北京）、中国矿业大学（北京）、北京联合大学、北京石油化工学院、对外经济贸易大学、东北石油大学等高校的管理学院领导和营销专业负责人齐聚石大，分享营销领域的研究成果和实战经验。中国石油大学党委副书记、副校长韩尚峰，中国石油北京润滑油销售分公司总经理王喜安，石大工商管理学院教师代表、参赛学生参加了论坛。论坛由工商管理学院院长郭海涛主持。
内容, 
内容,
内容, 
内容,韩尚峰向与会专家学者、企业代表和兄弟院校代表表示热烈欢迎，强调石大始终重视培养懂技术、通市场、善管理、重实践的复合型人才，“全国大学生营销创意与实践大赛”充分实践了价值塑造、能力培养和知识传授“三位一体”的培养模式，是石大创新人才培养模式的一次重要探索。
内容,王喜安对论坛的成功举办表示祝贺，表示石大是高级人才培养的重要基地，“全国大学生营销创意与实践大赛”是创新复合性营销人才、产学研融通式人才培养模式的一次探索，并表示今后将继续支持大赛举办。
内容,中国高等学校市场学研究会会长、北京大学光华管理学院符国群教授以“提升中国品牌形象、建设品牌强国的提升机制和路径”为题作了主题发言；滴滴品质出行商务总监龚小琴通过生动的案例演示了公司的大数据营销策略；中石油规划总院营销所所长邢治河分享了关于国内成品油市场变化和趋势的研究成果；来自中石油的优秀销售代表刘世敬、许云龙生动讲述了由他们策划并实施的成功营销案例。
内容,论坛演讲结束后，工商管理学院党委书记殷建平主持召开了工商管理学院营销专业教师与来自多所兄弟院校营销专业负责人的专业建设交流座谈会。
内容,本次论坛是工商管理学院与教务处、学生工作处、就业指导中心、团委等联合承办的首届“全国大学生营销创意与实践大赛”的重要组成部分。来自北京高校的51支参赛队伍参加了大赛和论坛。大赛为参赛队伍搭建了交流和学习的平台，扩大了石大工商管理学科的影响力。
内容,"版权所有 ©中国石油大学(北京)    地址：北京市昌平区府学路18号    邮编：102249  
				京公网安备110402430032号 "
标题,我院召开新学年第一次全体教职工大会,时间,2019-03-10
内容,    3月7日下午，经济管理学院在主楼C座308会议室召开2019年度第一次全院大会。学院党政领导班子及全体教职工参加了会议，会议由党委书记郭海涛主持。
内容,
内容,
内容,
内容,    会上，院长杨棉之做了题为“春天出发，逐梦前行”的报告，明确了学院的愿景、理念和发展目标，阐述了学院内设机构调整方案和人员聘任方案，宣布了各系、中心主任、副主任人选。2019年，学院将从学科专业建设、科学研究、教育教学、MBA项目、制度文化五个方面着手，整合力量、优化资源、加强交流、凸显品牌、立德树人。他希望全体教职工提高凝聚力和归属感，与学院同发展、共进步。
内容,书记郭海涛宣布了教工支部书记人选，强调了加强党支部建设和纪律作风建设的重要性。学院党政领导班子成员依次汇报了分管工作进展情况，明确了新学年的工作计划和工作重点。
内容,本次大会聚焦优化，内涵发展，对新学年的工作进行了部署，提出了清晰的工作目标，为新学年学院各项工作的开展奠定了基础，对学院整体发展具有指导性意义。
内容, 
内容, 
内容,"版权所有 ©中国石油大学(北京)    地址：北京市昌平区府学路18号    邮编：102249  
				京公网安备110402430032号 "
标题,财务管理专业参加教育部产学合作协同育人申报答辩交流会,时间,2017-12-29
标题,首届“昆仑润滑油”杯全国大学生营销创意与实践大赛正式启动,时间,2017-12-26
内容,       12月21日下午，由中国石油学会经济专业委员会和中国石油大学主办的首届“昆仑润滑油”杯全国大学生营销创意与实践大赛启动仪式暨实习基地揭牌仪式在逸夫楼401室举行，中国石油大学副校长董朝霞、中石油北京润滑油销售分公司总经理王喜安以及实习基地企业代表、石大相关职能部门负责人、石大工商管理学院师生代表参加了启动仪式。启动仪式由工商管理学院院长郭海涛主持。
内容, 
内容,
内容,"       启动仪式上，董朝霞和王喜安共同为大赛LOGO和实习基地揭牌。会上，董朝霞介绍了学校依托行业特色优势加强学科建设、加强复合型人才培养的举措等。王喜安表示，希望通过大赛提高石大相关专业学生的实践能力，促进实现校企合作双赢。大赛组委会相关负责人介绍了本次大赛的筹备情况和赛程。
     会后，工商管理学院与北京新蓝剑科技有限公司等6家企业签订了实习基地协议，就学生的实习、培训、就业等方面内容达成协议。
     本次大赛将分为初赛和复赛两个环节，通过线上学习与测试、营销方案策划、营销实践等多种形式锻炼学生的创新能力和实践能力。此外，大赛复赛阶段将采用校内校外联合的“双导师”制度为参赛团队提供理论与实践方面的专业指导。"
内容,"版权所有 ©中国石油大学(北京)    地址：北京市昌平区府学路18号    邮编：102249  
				京公网安备110402430032号 "
标题,黑龙江联合石油化工有限公司招聘,时间,2017-03-18
内容,"版权所有 ©中国石油大学(北京)    地址：北京市昌平区府学路18号    邮编：102249  
				京公网安备110402430032号 "
标题,中石大MBA项目荣获央广网2017品牌影响力MBA院校,时间,2017-12-21
内容,       2017年度央广网“中国教育+”教育盛典于12月14日在北京举行。本次教育盛典以“变革 智享 未来”为主题，聚力教育界专家学者、行业领袖、优秀机构，共同讨论加速变革的时代下，教育的内容品质和发展变革。中国石油大学（北京）工商管理学院马春爱副院长应邀出席本次盛会。
内容,  
内容,2017品牌影响力MBA院校
内容,"     
       央广网副总裁刘京萍代表主办方致辞中表示：教育是人类终身发展的事业，它使人类进步、社会前进。中国的教育事业从几千年前走到今天，不断在变革、发展，在每一次淘汰机制中择优保留，在每一次反思中突破、寻求创新。刘总强调让教育与互联网相加，与大数据相加，与质量创新改革相加，不断增其羽翼，使其渐渐向着成熟化的、先进化的优质教育发展。"
内容,       央广网，作为中央重点新闻网站和中国最具影响力的网络媒体之一，始终关注中国教育事业，更肩负着传递呈现社会各界对教育思考和观点的责任。2017年度央广网教育盛典展示了具有公信力的平台活动，设置活动专题、专业评选、颁奖典礼，展开多方位、多角度、多形式的活动。在颁奖典礼环节中，中国石油大学（北京）工商管理学院MBA项目荣获中央人民广播电台•央广网2017品牌影响力MBA院校，马春爱副院长上台领奖。
内容,  
内容,中国石油大学（北京）工商管理学院马春爱副院长
内容, 
内容,        本次奖项不仅是对中国石油大学（北京）工商管理学院及MBA教育中心工作的肯定与支持，更彰显了其未来发展的无限潜力与上升空间，中国石油大学（北京）工商管理学院将携手MBA教育中心不断开拓进取，砥砺前行。
内容, 
内容,"版权所有 ©中国石油大学(北京)    地址：北京市昌平区府学路18号    邮编：102249  
				京公网安备110402430032号 "
标题,石大召开应用经济学硕士学位授权点合格评估评审会,时间,2017-11-29
内容,"版权所有 ©中国石油大学(北京)    地址：北京市昌平区府学路18号    邮编：102249  
				京公网安备110402430032号 "
标题,MPAcc中心成功举行校外导师聘任与座谈会,时间,2017-11-18
标题,学术讲座：国际石油合作模式及其项目经济评价,时间,2017-11-03
内容,"版权所有 ©中国石油大学(北京)    地址：北京市昌平区府学路18号    邮编：102249  
				京公网安备110402430032号 "
标题,商学院师生集体观看十九大开幕式,时间,2017-10-18
内容,"版权所有 ©中国石油大学(北京)    地址：北京市昌平区府学路18号    邮编：102249  
				京公网安备110402430032号 "
标题,工商管理学院全英文教学团队建设成效显现,时间,2017-10-18
内容,"版权所有 ©中国石油大学(北京)    地址：北京市昌平区府学路18号    邮编：102249  
				京公网安备110402430032号 "
标题,石大能源经济与金融研究所成立,时间,2017-10-17
内容,"版权所有 ©中国石油大学(北京)    地址：北京市昌平区府学路18号    邮编：102249  
				京公网安备110402430032号 "
标题,工商管理学院全英文教学团队师资培训进展顺利,时间,2017-09-20
内容,"版权所有 ©中国石油大学(北京)    地址：北京市昌平区府学路18号    邮编：102249  
				京公网安备110402430032号 "
标题,工商管理学院召开本科教学审核评估动员会,时间,2017-09-19
内容,"版权所有 ©中国石油大学(北京)    地址：北京市昌平区府学路18号    邮编：102249  
				京公网安备110402430032号 "
标题,工商管理学院举行青年教师座谈会,时间,2017-09-11
内容,"版权所有 ©中国石油大学(北京)    地址：北京市昌平区府学路18号    邮编：102249  
				京公网安备110402430032号 "
标题,工商管理学院举行新进教师座谈会,时间,2017-09-11
内容,"版权所有 ©中国石油大学(北京)    地址：北京市昌平区府学路18号    邮编：102249  
				京公网安备110402430032号 "
标题,致中国石油大学（北京）工商管理学院2017级本科新生的一封信,时间,2017-07-10
内容,"版权所有 ©中国石油大学(北京)    地址：北京市昌平区府学路18号    邮编：102249  
				京公网安备110402430032号 "
标题,工商管理学院成功举办2017年全国优秀大学生夏令营,时间,2017-07-10
内容,"版权所有 ©中国石油大学(北京)    地址：北京市昌平区府学路18号    邮编：102249  
				京公网安备110402430032号 "
标题,石大商学院邀请俄克拉荷马州立大学教授为本科生授课,时间,2017-07-07
内容,"版权所有 ©中国石油大学(北京)    地址：北京市昌平区府学路18号    邮编：102249  
				京公网安备110402430032号 "
标题,我院MPAcc专业实践基地挂牌成立,时间,2017-07-07
内容,"版权所有 ©中国石油大学(北京)    地址：北京市昌平区府学路18号    邮编：102249  
				京公网安备110402430032号 "
标题,石大MBA团队在“光明优倍”杯中国MBA创业大赛北方赛区决赛中获得最具投资价值奖,时间,2017-06-22
标题,工商管理学院第三次全英文教学团队讨论会,时间,2017-06-13
内容,"版权所有 ©中国石油大学(北京)    地址：北京市昌平区府学路18号    邮编：102249  
				京公网安备110402430032号 "
标题,实力不俗 再获佳绩,时间,2017-06-05
内容,"版权所有 ©中国石油大学(北京)    地址：北京市昌平区府学路18号    邮编：102249  
				京公网安备110402430032号 "
标题,工商管理学院第二次全英文教学团队讨论会,时间,2017-06-05
内容,"版权所有 ©中国石油大学(北京)    地址：北京市昌平区府学路18号    邮编：102249  
				京公网安备110402430032号 "
标题,工商管理学院本科生出国项目交流会,时间,2017-05-26
内容,"版权所有 ©中国石油大学(北京)    地址：北京市昌平区府学路18号    邮编：102249  
				京公网安备110402430032号 "
标题,2017第二届中国石油大学（北京） MBA联合会换届选举圆满成功,时间,2017-05-25
内容,"会议第二项，由新一届联合会主席谷琪发言。谷主席对去年16级MBA联合会的成立表示肯定，同时也回顾了近一年来联合会开展的各项工作，如去年迎新送老晚会的举办、2016元旦晚会的举办、MBA企业行的活动开展、中国石油大学（北京）私董会研究中心成立、2017中石大（北京）能源管理论坛的成功举办等等，对于联合会做出的成绩给予充分肯定，同时分别提名了两位副主席人选李英杰、张庆旺，同时提名秘书长以及各部长人选，并以举手表决的方式通过了以上人员的当选。
      会议第三项，分别由新当选的学术部部长熊小兰、文体部部长李彬、外联部部长孙加萍、宣传部部长任强和秘书长陈晨，对于各自的当选做简短的发言。同时新一届主席对于下一阶段学院迎新送老活动和联合会纳新工作做出相关部署。"
内容,"版权所有 ©中国石油大学(北京)    地址：北京市昌平区府学路18号    邮编：102249  
				京公网安备110402430032号 "
标题,工商管理学院召开第一次全英文教学团队讨论会,时间,2017-05-25
内容,"版权所有 ©中国石油大学(北京)    地址：北京市昌平区府学路18号    邮编：102249  
				京公网安备110402430032号 "
标题,中澳天然气基金北方培训中心成功举办 “LNG价格复议谈判和争议解决研讨会”,时间,2017-05-25
内容,"版权所有 ©中国石油大学(北京)    地址：北京市昌平区府学路18号    邮编：102249  
				京公网安备110402430032号 "
标题,2017年海外业务高级计划经理培训班圆满召开,时间,2017-05-24
内容,"版权所有 ©中国石油大学(北京)    地址：北京市昌平区府学路18号    邮编：102249  
				京公网安备110402430032号 "
标题,市场营销专业举办职业生涯规划讲座,时间,2017-05-15
内容,"版权所有 ©中国石油大学(北京)    地址：北京市昌平区府学路18号    邮编：102249  
				京公网安备110402430032号 "
标题,2017首场 MBA企业实践行活动暨中国石油大学（北京）MBA实践基地挂牌仪式圆满落幕,时间,2017-05-11
内容,"版权所有 ©中国石油大学(北京)    地址：北京市昌平区府学路18号    邮编：102249  
				京公网安备110402430032号 "
标题,市场营销专业邀请本专业的优秀校友回校交流,时间,2017-05-08
内容,"版权所有 ©中国石油大学(北京)    地址：北京市昌平区府学路18号    邮编：102249  
				京公网安备110402430032号 "
标题,工商管理学院成功召开深化教育思想大讨论会议,时间,2017-05-08
内容,"版权所有 ©中国石油大学(北京)    地址：北京市昌平区府学路18号    邮编：102249  
				京公网安备110402430032号 "
标题,商学院开展学习型管理团队建设系列活动之二,时间,2017-05-05
内容,"版权所有 ©中国石油大学(北京)    地址：北京市昌平区府学路18号    邮编：102249  
				京公网安备110402430032号 "
标题,工商管理学院开展市场营销专业宣讲会,时间,2017-05-04
内容,"版权所有 ©中国石油大学(北京)    地址：北京市昌平区府学路18号    邮编：102249  
				京公网安备110402430032号 "
标题,市场营销专业召开专业建设研讨会,时间,2017-04-28
内容,"版权所有 ©中国石油大学(北京)    地址：北京市昌平区府学路18号    邮编：102249  
				京公网安备110402430032号 "
标题,工商管理学院召开双学位建设会,时间,2017-04-28
内容,
内容,
内容,"版权所有 ©中国石油大学(北京)    地址：北京市昌平区府学路18号    邮编：102249  
				京公网安备110402430032号 "
标题,中国矿业大学管理学院来我院调研能源经济专业建设,时间,2017-04-25
内容,"版权所有 ©中国石油大学(北京)    地址：北京市昌平区府学路18号    邮编：102249  
				京公网安备110402430032号 "
标题,中国石油大学（北京）私董会研究中心成立暨MBA校外导师聘任大会成功举办,时间,2017-04-24
内容,"版权所有 ©中国石油大学(北京)    地址：北京市昌平区府学路18号    邮编：102249  
				京公网安备110402430032号 "
标题,商学院组织召开2016-2017-2学期第二次校级教学团队活动,时间,2017-04-21
内容,"版权所有 ©中国石油大学(北京)    地址：北京市昌平区府学路18号    邮编：102249  
				京公网安备110402430032号 "
标题,澳大利亚麦考瑞大学来访工商管理学院,时间,2017-04-20
内容,"版权所有 ©中国石油大学(北京)    地址：北京市昌平区府学路18号    邮编：102249  
				京公网安备110402430032号 "
标题,“新时代背景下的会计专业”学术讲座成功举办,时间,2017-04-20
内容,"版权所有 ©中国石油大学(北京)    地址：北京市昌平区府学路18号    邮编：102249  
				京公网安备110402430032号 "
标题,中国科学院数学与系统科学研究院副所长杨晓光研究员来我院进行学术交流,时间,2017-04-19
内容,"版权所有 ©中国石油大学(北京)    地址：北京市昌平区府学路18号    邮编：102249  
				京公网安备110402430032号 "
标题,国贸专业聘请校外导师及专业建设研讨会成功举行,时间,2017-04-19
内容,"版权所有 ©中国石油大学(北京)    地址：北京市昌平区府学路18号    邮编：102249  
				京公网安备110402430032号 "
标题,我院工会组织教职工参加第六届教职工“走向健康”长走活动,时间,2017-04-18
内容,"版权所有 ©中国石油大学(北京)    地址：北京市昌平区府学路18号    邮编：102249  
				京公网安备110402430032号 "
标题,国际化认证是MBA国际化之旅的必由之路,时间,2017-04-14
内容,"版权所有 ©中国石油大学(北京)    地址：北京市昌平区府学路18号    邮编：102249  
				京公网安备110402430032号 "
标题,新华网办商学院论坛 商学院认证任重道远,时间,2017-04-13
内容,      4月12日，新华网在北京召开了第二届商学院论坛。此次论坛以“开启商科教育 ‘聚力’新时代”为主题，邀请到国内多所知名商科院校的教育专家、学者，共同探讨在全球视野下国内商学院发展的机遇与挑战。我校工商管理学院院长郭海涛、MBA中心主任金镭出席了此次活动。在圆桌对话环节，郭海涛院长就中国石油大学（北京）商学院的实际情况和特点探讨了商学院争取国际认证的目的和宗旨，并对国内商学院的认证现状和未来前景进行深入剖析。
内容,
内容,"相关媒体报道：
新华网：http://education.news.cn/2017-04/12/c_129530634.htm 
 "
内容,"版权所有 ©中国石油大学(北京)    地址：北京市昌平区府学路18号    邮编：102249  
				京公网安备110402430032号 "
标题,2017年中国石油大学（北京）能源管理论坛成功举办,时间,2017-04-12
内容,"版权所有 ©中国石油大学(北京)    地址：北京市昌平区府学路18号    邮编：102249  
				京公网安备110402430032号 "
标题,美国德克萨斯大学奥斯汀分校能源所副所长Carey King来我院授课,时间,2017-04-12
内容,"版权所有 ©中国石油大学(北京)    地址：北京市昌平区府学路18号    邮编：102249  
				京公网安备110402430032号 "
标题,第四届全国石油经济学术年会征文通知,时间,2017-04-11
内容,"版权所有 ©中国石油大学(北京)    地址：北京市昌平区府学路18号    邮编：102249  
				京公网安备110402430032号 "
标题,商学院开展学习型管理团队建设系列活动之本科教育,时间,2017-04-10
内容,"版权所有 ©中国石油大学(北京)    地址：北京市昌平区府学路18号    邮编：102249  
				京公网安备110402430032号 "
标题,石大工商管理学院财会专业规划未来经验交流会圆满成功,时间,2017-03-31
标题,工商管理学院教师与美国Tulsa大学教授Michael Troilo座谈,时间,2017-03-30
内容,"版权所有 ©中国石油大学(北京)    地址：北京市昌平区府学路18号    邮编：102249  
				京公网安备110402430032号 "
标题,商学院召开本科教学审核评估问题整改工作动员大会,时间,2017-03-30
内容,"版权所有 ©中国石油大学(北京)    地址：北京市昌平区府学路18号    邮编：102249  
				京公网安备110402430032号 "
标题,2017年工商管理学院金融系列讲座二：衍生品量化交易与投资,时间,2017-03-29
内容,"版权所有 ©中国石油大学(北京)    地址：北京市昌平区府学路18号    邮编：102249  
				京公网安备110402430032号 "
标题,商学院邀请美国Tulsa大学Michael Troilo教授与同学们的海聊会,时间,2017-03-29
内容,"版权所有 ©中国石油大学(北京)    地址：北京市昌平区府学路18号    邮编：102249  
				京公网安备110402430032号 "
标题,“国际油价走势回顾与展望”学术报告,时间,2017-03-22
内容,"版权所有 ©中国石油大学(北京)    地址：北京市昌平区府学路18号    邮编：102249  
				京公网安备110402430032号 "
标题,工商管理学院举办美国密苏里科技大学国际合作交流宣讲会活动,时间,2017-03-21
内容,"版权所有 ©中国石油大学(北京)    地址：北京市昌平区府学路18号    邮编：102249  
				京公网安备110402430032号 "
标题,2017石大（北京）能源管理论坛邀请函,时间,2017-03-06
内容,"版权所有 ©中国石油大学(北京)    地址：北京市昌平区府学路18号    邮编：102249  
				京公网安备110402430032号 "
标题,工商管理学院召开2017年度专业建设工作计划会,时间,2017-03-03
内容,"版权所有 ©中国石油大学(北京)    地址：北京市昌平区府学路18号    邮编：102249  
				京公网安备110402430032号 "
标题,启迪智慧，拥抱未来——首届私董年会暨智汇场私董俱乐部成立大会在京召开,时间,2017-01-12
内容,"版权所有 ©中国石油大学(北京)    地址：北京市昌平区府学路18号    邮编：102249  
				京公网安备110402430032号 "
标题,中国石油大学（北京）工商管理学院郭海涛院长受邀参加北京MBA创新创业高峰论坛,时间,2016-12-28
内容,"版权所有 ©中国石油大学(北京)    地址：北京市昌平区府学路18号    邮编：102249  
				京公网安备110402430032号 "
标题,电商将至，传统企业如何弯道超车？——刘宗斌博士做客中国石油大学MBA周末沙龙讲座,时间,2016-12-28
内容,"版权所有 ©中国石油大学(北京)    地址：北京市昌平区府学路18号    邮编：102249  
				京公网安备110402430032号 "
标题,金鸡贺岁 吉祥如意——中国石油大学（北京）MBA元旦晚会暨圣诞狂欢夜圆满落幕,时间,2016-12-28
内容,"版权所有 ©中国石油大学(北京)    地址：北京市昌平区府学路18号    邮编：102249  
				京公网安备110402430032号 "
标题,校友赵东出任中国石化集团公司总会计师、党组成员,时间,2016-12-07
内容,"版权所有 ©中国石油大学(北京)    地址：北京市昌平区府学路18号    邮编：102249  
				京公网安备110402430032号 "
标题,第七届能源经济与管理学术年会暨 第十届中国能源资源开发利用战略学术研讨会顺利召开,时间,2016-10-26
内容,
内容,"版权所有 ©中国石油大学(北京)    地址：北京市昌平区府学路18号    邮编：102249  
				京公网安备110402430032号 "
标题,纽约州立大学布法罗分校副教授庄峻到工商管理学院访问交流,时间,2016-10-19
内容,
内容,"版权所有 ©中国石油大学(北京)    地址：北京市昌平区府学路18号    邮编：102249  
				京公网安备110402430032号 "
标题,美国密苏里州立大学工商管理学院到我院访问,时间,2016-10-20
内容,   会谈中，郭海涛院长首先对Meinert副院长及席小彬博士表示欢迎，并简要介绍了我院的历史沿革、发展现状及前景规划。随后，Meinert副院长对美国密苏里州立大学的概况、商科优势、特色课程等也进行了详细的解读。双方就MBA教育领域的发展前景和发展趋势达成共识，并决定在该领域进行更为深入的交流与，为中美交流培养更多的企业管理人才。随后，双方就合作的形式、范围与途径进行了探讨，并达成共识。
内容,此次访问，进一步增进了两校间的友谊，拓展了双方合作的方式和机会。
内容,"版权所有 ©中国石油大学(北京)    地址：北京市昌平区府学路18号    邮编：102249  
				京公网安备110402430032号 "
标题,美国加州州立大学北岭分校商学院来我院访问,时间,2016-10-21
内容,"
"
内容, 2016年9月19日美国加州州立大学北岭分校商学院院长Kenneth R. Lord教授和金融管理与保险系系主任Monica M. Hussein教授来中国石油大学（北京）工商管理学院访问交流。院长郭海涛和副院长郭庆宁及商学院其他老师接待了来访贵宾，并就国际合作项目与他们进行了洽谈。
内容,首先中国石油大学（北京）工商管理学院院长郭海涛对美国加州州立大学北岭分校院长Kenneth R. Lord教授和金融管理与保险系系主任Monica M. Hussein教授的来访表示热烈的欢迎。并就学院的发展现状，近几年的发展趋势、招生规模、特色建设及工商管理学院的院系设置及其他基本概况进行了全面的介绍和交流。
内容,随后，Kenneth R. Lord教授首先对美国加州州立大学北岭分校商学院的基本情况、商科优势、特色课程进行了介绍。该学院被普林斯顿评论（Princeton Review）评为“最好商学院”；研究生院被美国新闻和世界报道（US News and World Report） 评为“最好研究生院”；同时，该学院还被“财富管理(Financial Planning)”杂志评为“培养理财规划师最好的学院”。据Lord教授介绍，加州州立大学北岭分校商学院是美国10个最大的商学院之一。2016年，该学院的本科会计专业全美排名第三；在加州的公立学校中，该学院的财税硕士排名前10。目前该校正在积极筹建金融硕士项目，预计于2018年开始招生。
内容,会上，郭院长和Kenneth R. Lord教授对双方国际合作的方式及具体操作细节进行了深入洽谈，并就未来商科的发展前景和趋势达成共识。两个学院的专业设置和课程匹配程度较高，Lord教授和郭院长希望建立长期稳定的国际合作关系，包括短期的学生交流项目（暑期小学期、交换生项目）、2+2项目、2+2+1项目、3+1+1项目；老师学术交流项目（访问学者、外教授课等）。同时，为了拓展国际视野，培养国际化管理人才，双方就政府奖学金申请进行了进一步交流和协商，提出联合推荐申请国家项目，以期为学生和老师提供的更多的福利。
内容,此次访问，进一步增进了两校间的友谊，拓展了双方合作的方式和机会。
内容,"版权所有 ©中国石油大学(北京)    地址：北京市昌平区府学路18号    邮编：102249  
				京公网安备110402430032号 "
标题,童晓光院士为工商管理学院学生讲述“学石油、献身石油,时间,2008-07-10
内容,     7月10日下午，工商管理学院邀请到中国工程院院士、中国石油勘探开发公司高级顾问、我校兼职教授、博士生导师童晓光教授为该院06级二百多名学生作了题为“热爱石油、献身石油”的报告。童院士从他童年时日本侵华战争说起，从小学、中学、大学到研究生的经历，谈了他在大庆油田、辽河油田、塔里木油田以及苏丹、哈萨克斯坦等国外油田的工作经历。他亲自经历了中国由每年仅十几万吨石油产量发展到一亿八千万吨产量大国的过程，特别是经历了海外石油业务从起步到中石油每年六千多万吨作业产量的过程，见证了中国石油工业取得的辉煌业绩、中国石油人在国际化经营过程中表现出的聪明才智和爱国奉献的精神。同学们深受童院士报告的鼓舞，尤其是从他人生目标和追求五十多年持续不变的精神中看到了榜样的力量。报告会上同学们踊跃提问，气氛十分活跃。报告会由工商管理学院冯连勇教授主持。 
内容,"版权所有 ©中国石油大学(北京)    地址：北京市昌平区府学路18号    邮编：102249  
				京公网安备110402430032号 "
标题,营销专业暑期教学调研,时间,2008-09-01
内容,      为配合市场营销特色专业建设，制定合理的培养方案，了解用人单位需求，2008年7月12日-2008年7月15日，牛琦彬副院长、冯连勇教授和余祖德老师一行对中国石油华东销售公司及其上海分公司、中国石化上海分公司、中国石油西气东输管道（销售）公司等进行了人才调研，向企业了解人才的现状和需求情况，并听取了对人才培养的建议。同时，三位老师对嘉兴学院国家级经济管理实验室进行调研，详细了解其实验教学情况，尤其是对ERP沙盘实验室、会计实验室及模拟银行实验室建设等情况进行了深入地探讨。
内容,
内容,图为牛琦彬副院长、中国石油华东销售分公司王建军处长和冯连勇教授 
内容,
内容,图为冯连勇教授、牛琦彬副院长和余祖德老师于嘉兴学院国家级实验室沙盘分室  
内容, 
内容,"版权所有 ©中国石油大学(北京)    地址：北京市昌平区府学路18号    邮编：102249  
				京公网安备110402430032号 "
标题,我院学生参加第十六届中国国际金融（银行）技术暨设备展览会,时间,2008-10-01
内容,     2008年9月25日至28日，第十六届中国国际金融（银行）技术暨设备展览会在北京展览馆成功举办。我院财务管理05级、会计05级两专业共28名学生，作为展会志愿者全程参与了本次金融展。同学们以辛勤的汗水、优良的作风充分展示了石大学子的风采，并得到了展会组委会的好评！      据悉，中国国际金融(银行)技术暨设备展览会是经国家科技部和中国人民银行总行批准，由中国人民银行中国金融电子化公司主办，全国27家政策性银行、国有商业银行、股份制商业银行、资产管理公司、保险公司及中国银联股份有限公司的信息科技部门以及中国银行业协会协办，每年一届的金融信息科技国际性展览会。 
内容,"版权所有 ©中国石油大学(北京)    地址：北京市昌平区府学路18号    邮编：102249  
				京公网安备110402430032号 "
标题,第三届中国能源战略国际论坛隆重举行,时间,2008-10-12
内容,      
内容,     10月4日上午，在我校热烈庆祝建校55周年之际，第三届中国能源战略国际论坛在翠宫报告厅开幕。      开幕式由校党委书记蒋庆哲主持。张来斌校长致开幕词，热烈欢迎到会的各位嘉宾。       全国政协经济委员会副主任委员、中国石油大学中国能源战略研究中心名誉主任李德水先生首先做了题为《中国经济形势展望》的演讲；中国海洋石油总公司党组成员、纪检组组长武广齐先生在报告中对风险管理与能源公司国际竞争力进行了精辟的阐释；未来国际趋势集团公司总裁华赞先生发表了《通过中东建立系统的、稳定的油气供给安全保障》的演讲。       本届论坛以“高油价下的能源产业可持续发展”为主题，来自有关政府部门、国内外各大石油公司、高等院校和相关研究机构的专家、学者等齐聚石大，就国内外能源政治、经济形势，石油、天然气、新能源、节能与可持续发展等议题展开了为期两天的交流研讨。 
内容,"版权所有 ©中国石油大学(北京)    地址：北京市昌平区府学路18号    邮编：102249  
				京公网安备110402430032号 "
标题,工商管理学院召开2007级工商大类专业分流宣讲会,时间,2008-10-22
内容,    10月21日下午，工商管理学院召开了2007级工商管理大类专业分流宣讲大会。院长王震教授，工商管理、财务管理、市场营销、会计学四个专业的负责人及相关老师和辅导员出席了大会。     会上，王震院长为全体2007级工商管理大类专业学生做了专业分流动员。他指出，同学们要理性地看待专业分流，要着眼于个人的长远发展，不要盲从。他还勉励全体学生，把握住美好的大学生活，充分利用起学校、学院的各种资源，为个人的发展打下良好的基础。之后，各专业负责人分别就本专业的专业特色、课程设置、师资力量等情况做了宣讲。大会由副院长牛琦彬教授主持。
内容,    编辑：夏少清 
内容, 
内容,"版权所有 ©中国石油大学(北京)    地址：北京市昌平区府学路18号    邮编：102249  
				京公网安备110402430032号 "
标题,第四届中加能源与环境论坛胜利召开,时间,2008-11-12
内容,
内容,     11月3日下午到11月4日，由中国石油大学（北京）中国能源战略研究中心和加拿大阿尔伯塔大学中国学院主办，加拿大能源研究所、北京大学中国产业发展研究中心和加中商会协办的第四届中加能源与环境论坛在北京嘉里中心胜利举行，我校陈大恩副校长出席论坛并致开幕辞。
内容,     来自国家外交部、商务部、科技部、发改委以及能源局等有关司局的领导，黑龙江大庆市李丕龙副市长、加拿大纽布朗斯威克省省长和加拿大驻华使馆官员，中加两国商界代表和中国石油公司有关人士共150余人出席论坛，我校国际交流合作处孙旭东处长主持论坛第一节会议，工商管理学院院长、中国能源战略研究中心执行主任王震博士出席论坛并作总结发言。
内容,     在接近两天的论坛中，在国际原油市场价格波动和金融危机进一步蔓延的背景下，十多位中加两国政府官员、学者和企业界人士就目前的经济形势、能源发展的趋势和与能源应用有关的环境问题发表了精彩的演讲，与会嘉宾也就这些议题进行了热烈的讨论。在11月4日下午举行的小型圆桌会议上，来自两国的工商界人士更是就具体的投资问题进行了深入的探讨。
内容,     中加能源与环境论坛由加拿大阿尔伯塔大学中国学院发起，中国石油大学（北京）和加拿大阿尔伯塔大学共同主办，每年一届，轮流在中国和加拿大举行。会议的宗旨是加深中国和加拿大有关政府部门、科研机构和私营企业在能源和环境领域的交流和合作，促进投资，增进发展。
内容,"版权所有 ©中国石油大学(北京)    地址：北京市昌平区府学路18号    邮编：102249  
				京公网安备110402430032号 "
标题,我校召开工商管理学院学科建设规划研讨会,时间,2008-12-26
内容,     2月26日上午，为了推进博士点申报和促进学科规划与建设，我校在第三会议室召开了工商管理学院学科建设规划研讨会，来自于清华大学、中国人民大学、中国科学院等单位的六位管理学专家应邀与会，校长张来斌、党委副书记吴小林出席了会议。      会议听取了工商管理学院王震院长对学院学科建设基本情况的汇报，张宝生教授和董秀成教授分别做的“管理科学与工程”、“工商管理”两个一级学科的建设情况介绍，以及申报博士点的设想。六位专家分别对管理学科的建设情况进行了全面、中肯的点评，并提出了建设性的意见和建议。      张来斌校长在讲话中指出，学校高度重视学科的规划与建设工作，管理学科要以此次专家研讨会为契机，认真规划，加大人才引进力度，下大力气，苦练内功，把行业特色转化为学科优势，围绕博士点申报促进学科建设，力争实现管理学学科新的突破。      此次工商管理学院学科建设规划研讨会既是博士点申报的预研会，又是学科规划与建设的咨询会。人事处负责人、工商管理学院的部分教授也参加了会议，数理系、外语系、人文社科部等单位的负责人应邀观摩了研讨会。
内容, 
内容,"版权所有 ©中国石油大学(北京)    地址：北京市昌平区府学路18号    邮编：102249  
				京公网安备110402430032号 "
标题,工商管理学院王震教授作客央视2套“直击华尔街风暴”栏目,时间,2008-12-27
内容,
内容,    今年下半年，受全球金融危机的影响，国际油价不断暴跌，大大超过人们预期。12月18日我校工商管理学院院长王震教授受邀到中央电视台2套“直击华尔街风暴”栏目，以嘉宾身份解读国际油价为何持续暴跌以及我国油价下调对经济运行的影响。全文见链接：http://finance.cctv.com/program/jjxxlb/20081218/109178.shtml。       视频地址：http://t.openv.com/zj/zj_play-finance_2008_1822.html  
内容, 
内容,"版权所有 ©中国石油大学(北京)    地址：北京市昌平区府学路18号    邮编：102249  
				京公网安备110402430032号 "
标题,工工商管理学院召开2008年教学工作研讨会暨年度总结会,时间,2008-12-28
内容,     2008年12月27日，工商管理学院在翠宫召开了2008年教学工作研讨会暨工作总结会。陈大恩副校长应邀出席了会议，工商管理学院全体教职员工参加了会议。      会上，工商管理学院王震院长做了学院年度工作总结；主管研究生教学的王琳副院长汇报了学院研究生培养机制改革改革方案及相关的配套政策；主管本科教学的牛琦彬副院长做了《2008年本科质量分析报告》的专题报告；学院分党委副书记孙仁金汇报了2008年的学生工作；经贸系、管理系、会计系、实验中心、工会、学院办公室、工程硕士办公室的负责人也分别向全院教师汇报了自己分管的工作。学院教师以系为单位，针对研究生培养机制改革、本科教学工作等主题展开讨论，为学院下一步的发展建言献策。       最后，学院分党委书记董秀成做了大会的总结发言，表示学院下一步将围绕学科建设的核心任务，进一步统一思想，明确奋斗目标，为学院的长远发展争取到更广阔的空间。 会 
内容,"版权所有 ©中国石油大学(北京)    地址：北京市昌平区府学路18号    邮编：102249  
				京公网安备110402430032号 "
标题,工商管理学院董秀成教授接受人民日报采访,时间,2009-01-08
内容,"版权所有 ©中国石油大学(北京)    地址：北京市昌平区府学路18号    邮编：102249  
				京公网安备110402430032号 "
标题,工商管理学院启动2010届毕业生就业工作 ,时间,2009-02-24
内容,     近年来，我国高校毕业生就业形势严峻，2008年爆发的席卷全球的金融危机更令大学毕业生求职“雪上加霜”。为了使工商管理学院大三学生了解当前形势，增强综合实力，为将来毕业选择提前做好准备，2009年2月22日，工商管理学院在三教105召开主题为“人生 抉择 挑战”的2010届毕业生就业动员大会，2006级全体同学参加了本次大会。      会上，同学们观看了《俞敏洪谈大学生就业》的视频节目，对其中反映的当今大学生在就业选择过程中面临的困惑和问题产生了共鸣，并从节目中得到了解答和启发。工商管理学院团总支书记、2006级辅导员分别介绍我校的保研政策和就业情况，并就同学们如何进行毕业道路的选择做了针对性的指导。      工商管理学院一直注重学生职业生涯规划与就业教育工作，自2006年以来，从新生入校开始，召开“走好人生每一步，过有价值的人生”、“让失败为成功铺路”等十余次主题年级大会，对学生进行分年级、分阶段的职业生涯指导。通过引入管理学“SWOT分析”等方法，引导同学们对自己准确定位，树立正确的人生观和价值观，为将来的成功就业和个人的长足发展做好准备。
内容, 
内容,"版权所有 ©中国石油大学(北京)    地址：北京市昌平区府学路18号    邮编：102249  
				京公网安备110402430032号 "
标题,人民日报刊发我院董秀成教授署名文章,时间,2009-03-23
内容,3月19日，人民日报第六版刊发我院董秀成教授署名文章：欧佩克，减产还是不减产？并被新华网、中华网、中国网，中国经济网等多家媒体转载。全文见链接：http://paper.people.com.cn/rmrb/html/2009-03/19/content_214419.htm
内容,"版权所有 ©中国石油大学(北京)    地址：北京市昌平区府学路18号    邮编：102249  
				京公网安备110402430032号 "
标题,工商管理学院承接的商务部课题顺利通过验收,时间,2009-03-23
内容,中华人民共和国商务部委托我校工商管理学院开展的“成品油批发市场开放后的现状、问题及对策研究”等4个课题验收会和2个课题的开题论证会于2009年3月18日在我校召开。我校陈大恩副校长出席会议并致辞。
内容,会议由工商管理学院院长王震教授主持。参会的有课题委托方商务部商贸服务管理司王晓川副司长、商务部商贸服务管理司王鹏飞以及4位评审专家。4个课题负责人王琳教授、梁喜书教授、孙仁金副教授、张媛媛博士分别代表课题组作了验收汇报。曾叶丽博士、郭海涛博士代表2个新立项课题组汇报了课题思路和前期工作。
内容,我校和商务部的合作已持续四年，已经完成了三批10个项目。工商管理学院充分利用自身的学科和资源优势，积极为商务部相关政策措施的制定和改革献言献策，并得到了商务部相关领导的充分肯定和支持，形成了课题滚动式研究模式，不仅为商务部提供了智力支持，也培养了师资队伍。
内容,参会的领导和评委专家在肯定成绩的同时也提出了宝贵的意见和建议。双方还对前期的工作进行了总结与交流，对今后继续如何加强合作和交流也作了详细的讨论。
内容, 
内容,"版权所有 ©中国石油大学(北京)    地址：北京市昌平区府学路18号    邮编：102249  
				京公网安备110402430032号 "
标题,市场营销专业聘请外教为我院学生开设专业课,时间,2009-03-27
内容,为了促进我校的国际交流与合作，开阔学生的国际视野，市场营销专业聘请利物浦大学管理学院Simon副教授为市场营销专业本科生讲授《市场分析方法与模型》的专业课程。 
内容,Simon副教授围绕石油供需现状及石油峰值影响等多方面展开论述，学生们也与Simon教授进行了积极讨论，效果良好。由外教讲授专业课程是我院建设国家特色专业（市场营销）的一项重要措施。在此过程中，学生的英语水平、专业知识等都将会得到很大提高。
内容,第5
标题,工商管理学院召开深入学习实践科学发展观动员大会,时间,2009-03-30
内容,按照《中共中国石油大学(北京)委员会关于深入开展学习实践科学发展观活动的实施方案》的要求和总体安排，我院于3月27日下午4时在学院会议室召开深入学习实践科学发展观动员大会，参加会议的有校指导组成员、学院深入学习实践科学发展观领导组及办公室成员、全体教工党员和学生党支部委员。
内容,会议由王震院长主持。会上，我院党委书记董秀成同志对本次深入学习实践科学发展观活动作了整体部署，强调了学习活动的指导思想、基本原则、总体目标及其重要性，号召大家认真学习下发材料，积极参加各项组织活动。我院党委副书记孙仁金同志则详细部署了本次学习实践活动的具体安排，并针对各个不同阶段提出不同要求，力争使本次活动达到预想效果。
内容,"版权所有 ©中国石油大学(北京)    地址：北京市昌平区府学路18号    邮编：102249  
				京公网安备110402430032号 "
标题,蒋庆哲书记到工商管理学院检查指导深入学习实践科学发展观活动工作,时间,2009-03-31
内容,"
"
标题,工商管理学院领导班子进行第一次集中学习,时间,2009-04-01
内容,"
"
标题,人民日报刊发我院董秀成教授署名文章《如何走出石油业困境》,时间,2009-04-28
内容,近日，人民日报发表了我院董秀成教授署名文章《如何走出石油业困境》，文中，董秀成教授围绕最近在迪拜召开的第十七届中东石油和天然气会议主题“需求不确定性、金融危机和油价波动困境”提出了自己的思考和看法。全文请见：http://theory.people.com.cn/GB/136457/9187633.html
内容,"版权所有 ©中国石油大学(北京)    地址：北京市昌平区府学路18号    邮编：102249  
				京公网安备110402430032号 "
标题,工商管理学院召开学习实践活动领导班子专题民主生活会,时间,2009-05-20
内容,      5月19日下午，工商管理学院领导班子在学院会议室召开学习实践活动专题民主生活会，陈大恩副校长及科学发展观活动领导小组办公室指导组成员李云鹏、李金胜出席会议，学院系、中心主任和部分教师代表也参加了本次民主生活会。会议由工商管理学院分党委书记董秀成主持。      会上，工商管理学院领导班子成员将学习科学发展观与自身工作相结合，分别就学院制度建设、科研、财务管理、学生工作、学生就业、基层党建、本科教学、行政管理、学科建设、人事工作、工会工作等方面存在的突出问题和今后努力方向作了发言，认真开展批评与自我批评，深入查找个人和领导班子在贯彻落实科学发展观方面存在的问题，深刻分析原因，吸取经验教训，明确努力方向。
内容,      陈大恩在听取工商管理学院领导班子成员的发言后作了讲话，肯定了学院十几年来的工作成就。他指出，工商管理学院的发展速度很快，发展带来信心，发展带来朝气，虽然在学生就业和年轻教师职称晋升方面还存在一定困难，但随着学院的不断发展，学校也会在一定程度上进行协调。他希望工商管理学院多交流多学习，居安思危，努力抓好学院各项工作。
内容,      最后，学校深入学习实践活动领导小组办公室指导组李云鹏作总结讲话，高度评价了本次工商管理学院领导班子专题民主生活会的科学性与务实性。他指出，工商管理学院领导班子结合科学发展谈自身工作，既对个人工作有思考，又有理论分析，水平较高，尤其是居安思危的工作态度值得学习推广。他希望，工商管理学院领导班子能够再接再厉，使学院工作再上新台阶。
内容,"版权所有 ©中国石油大学(北京)    地址：北京市昌平区府学路18号    邮编：102249  
				京公网安备110402430032号 "
标题,我院学生喜获第五届首都大学生“挑战杯”竞赛荣获特等奖,时间,2009-06-24
内容,"版权所有 ©中国石油大学(北京)    地址：北京市昌平区府学路18号    邮编：102249  
				京公网安备110402430032号 "
标题,热烈祝贺我校新增为工商管理硕士（MBA）专业学位研究生培养单位,时间,2009-06-24
内容,　　近日，接到国务院学位办下发的《关于批准新增法律硕士等类别专业学位研究生培养单位的通知》[学位办（２００９）３５号]，我校被批准为新增工商管理硕士（MBA）专业学位研究生培养单位。这标志着我校的学位与学科建设工作又取得了新的进步，这必将有利于提升我校研究生培养层次，扩大学校的社会影响力、为国家和地方经济建设培养更多的高层次专门人才。
内容,     感谢工商管理学院全体教职工为此次申办MBA做出的贡献。
内容,"版权所有 ©中国石油大学(北京)    地址：北京市昌平区府学路18号    邮编：102249  
				京公网安备110402430032号 "
标题,工商管理学院与马来西亚IUCTT大学合作开展课程培训,时间,2009-07-10
内容,     中国石油大学（北京）工商管理学院2009年秋季将承担马来西亚IUCTT大学所委托的教学培训项目。为IUCTT大学在华招生录取的高中毕业生提供为期一年的课程教学培训，培训期满后，IUCTT大学将逐门课程认证学分。
内容, 
内容, 
内容,"版权所有 ©中国石油大学(北京)    地址：北京市昌平区府学路18号    邮编：102249  
				京公网安备110402430032号 "
标题,工商管理学院召开本学期工作安排会议,时间,2009-09-11
内容,9月10日下午，工商管理学院召开本学期工作安排会议。学院领导班子成员及全体教职员工参加了本次会议。会议由王震院长主持。
内容,会上，领导班子成员首先向学院全体教师表达了真诚的节日祝福，并结合自己的分管工作，在研究生教学、本科生教学、国庆安全及工会工作等方面做了详细的工作部署。最后，王震院长总结了上学期学院在科研、教学等方面取得的一系列工作成绩，并指出今后学院新的工作目标。
内容,整个会议过程气氛热烈，教师们积极响应学院领导号召，力争在本学期再创佳绩，不断促进学院发展。
内容, 
内容,"版权所有 ©中国石油大学(北京)    地址：北京市昌平区府学路18号    邮编：102249  
				京公网安备110402430032号 "
标题,商务实验室09-10-1学期课表及开放通知,时间,2009-09-18
内容,"版权所有 ©中国石油大学(北京)    地址：北京市昌平区府学路18号    邮编：102249  
				京公网安备110402430032号 "
标题,工商管理学院成功举行学院第四届青年教师教学基本功比赛,时间,2009-10-29
内容,为进一步推动我院青年教师教学水平的提高，搭建青年教师相互学习的交流平台，促进学院教学总体水平的提高，同时迎接我校青年教师教学基本功比赛，我院于10月28日在第三教学楼214教室成功举行学院第四届青年教师教学基本功比赛。
内容,学院成立了由学院主管领导、院教学专家组、系主任组成的评选小组，院教学专家组张宝生教授担任组长，各系共推选10位教师参加本次比赛。由院教学专家组张宝生教授、钟国炎教授、马义飞教授、刘毅军教授、方红副教授组成的评委会对参赛教师30分钟的教学演示以及教案、讲稿、教学日历、多媒体课件等材料进行评审，学院40岁以下的青年教师也都到场进行观摩。听课结束后，评委会针对参赛教师在教学演示环节的表现进行了认真讨论和综合评比，并结合自身的教学经验对参赛教师进行了意见反馈，使得每位老师受益匪浅。
内容,
标题,第四届中国能源战略国际论坛在我校成功举办,时间,2009-12-07
内容,中国石油大学（北京）于2009年12月5日-6日在成功举办了“第四届中国能源战略国际论坛”。该论坛是由我校主办，我校中国能源战略研究中心、工商管理学院联合上海期货交易所、北京大学中国产业发展研究中心具体承办的一个高层次平台。
内容,校党委书记蒋庆哲教授出席了会议，张来斌校长代表学校所致开幕词中强调加快向低碳经济转型是每一个国家都必须面对的迫切问题，也是缓解人类发展与环境矛盾之间的必要措施，金融危机的爆发为加速能源结构转型和新能源发展提供了契机。我校适应时代的要求，在新能源开发技术、二氧化碳的捕捉与封存、低碳经济与政策研究等领域已取得了丰硕的成果。
内容,论坛以“低碳经济与能源企业的发展”为主题，突出了能源企业在低碳经济发展中的作用，同时，对于能源企业而言也是实现长期可持续发展的难得机遇和战略选择。约有150位嘉宾参加12月5日的论坛。我校中国能源战略研究中心名誉主任、全国政协经济委员会副主任、原国家统计局局长李德水、国家科技部高新技术发展及产业化司副司长张志宏、美国图尔萨大学商学院副院长Collins教授等11位国内外专家就这一问题从不同角度进行了精彩演讲，为下一步开展更深入的研究工作提出了建设性建议。
内容,与前三届论坛不同，本届论坛还加强了学术交流，12月6日上午来自国家商务部、中国社会科学院、北京大学、北京师范大学、北京邮电大学、北京化工大学、北京工业大学、北京电子科技学院、中国工商银行研究部中国石化石油勘探开发研究院以及我校的16位学者还围绕论坛主题进行了学术交流。
内容,论坛主要承办方我校中国能源战略研究中心在开展能源软科学研究、国内外学术交流方面作了大量的工作。过去一年中，中心承担了国家科技部、国家教育部、国家商务部、国家能源局等部委和中石油等单位委托的多项重要课题，《国际能源大视角》丛书第二辑著作也正在紧张的撰写中。中国能源战略研究中心将在今后的工作中继续为促进能源战略与政策研究的学术交流贡献更大的力量，也为提升我校在社会上的影响力做出积极努力。
内容, 
内容,"版权所有 ©中国石油大学(北京)    地址：北京市昌平区府学路18号    邮编：102249  
				京公网安备110402430032号 "
标题,工商管理学院成功召开“第三届研究生教育与培养研讨会”,时间,2009-12-22
内容, 为了不断提高工商管理学院研究生培养质量，探讨多种提高研究生培养质量的途径，工商管理学院于2009年12月19日召开了由全体研究生导师参加的“第三届研究生教育与培养研讨会”，研究生院常务副院长徐怀民出席了会议。会议由我院主管研究生教学的副院长王琳主持。首先王琳副院长对我院2009年的研究生工作做了总结，随后由王震院长、张宝生教授和孙仁金副书记分别从MBA硕士教育、全日制工程硕士教育和研究生就业等不同方面就如何提高研究生培养质量作了主题发言。最后徐怀民院长做了总结发言，徐院长从学科建设、研究生培养形式等方面提出了自己的建议，希望我院不断提高研究生培养质量，把各个层次的研究生培养做大做强。为了提高我院课程教学质量，我院特邀请北京师范大学知名教授、全国教学名师王静爱教授以“如何上好一堂课”为主题，为我院导师做了一场精彩的讲座，并且与我院导师进行了热烈的交流和沟通，王静爱教授独特的教学方法、育人理念以及治学态度给导师们留下了深刻印象。
内容,
内容,
内容,"版权所有 ©中国石油大学(北京)    地址：北京市昌平区府学路18号    邮编：102249  
				京公网安备110402430032号 "
标题,工商管理学院实验中心实验室助管招聘启示,时间,2010-01-29
内容,工商管理学院实验中心实验室助管招聘启示
内容, 
内容,"
"
内容,招聘职位
内容,
标题,工商管理学院邀请美国MHS脚轮及制造业公司和MHSI环球资源公司的创始人和销售总裁山姆·史...,时间,2010-12-20
内容,2010年12月14日晚，工商管理学院邀请到美国Missouri州MHS脚轮及制造业公司和MHSI环球资源公司的创始人和销售总裁山姆・史密斯（Sam  H. Smith）先生来学院讲学。
内容,Smith先生为2010级MBA学生和研究生做了题为《国际商务与跨国文化交流》的讲座。讲座之后，同学们表示这次讲座提供了一次与美国商业界成功人士深入交流的机会，收获颇丰并深受鼓舞，并且感受到不断提升英语应用能力的必要性和紧迫性，同学们希望更多地了解国际金融、贸易、投资及跨国企业运作的模式，为自己未来参与中国国际化的进程打下必要的知识、技能及思想基础。
内容,
内容, 
内容,"版权所有 ©中国石油大学(北京)    地址：北京市昌平区府学路18号    邮编：102249  
				京公网安备110402430032号 "
标题,王震教授受邀担任2012 太平洋能源峰会（Pacific Energy Summit）顾问,时间,2011-06-13
内容,"
"
标题,工商管理学院学科发展战略研讨会圆满举行,时间,2011-08-30
内容,8月26日至27日，中国石油大学工商管理学院举行了学科发展战略研讨会，副校长吴小林、陈大恩出席会议并讲话，国家自然科学基金委管理学部刘作仪处长、能源研究方面的国家杰出青年基金获得者范英教授应邀为全院教师做了专题报告。会议由院长杨晓光主持。    本次会议的主旨是进一步明确学院学科发展的目标，凝炼学院学科研究方向，借以推进学院的教学、科研工作上质量，上水平。为期一天半的会议安排了两方面的内容：一是学院教授的内部报告：罗东坤、张宝生、董秀成、冯连勇四位教授分别就自己的研究领域科学问题以及自己在科研工作中的感悟与体会与学院教师进行了分享，杨晓光教授就自然科学基金申报注意事项与学院教师进行了交流，刘毅军、徐英华两位教授分别就所负责的应用经济学和经济法学的学科建设方面进行了分析思考，牛琦彬教授就本科专业建设方面分享了自己的思考，王琳教授、吕鹏副教授就所负责的MPAcc、MBA的专业建设中的问题进行分析与思考、马春爱副教授就国内会计学的研究方向、研究问题及方法与学院教师进行了交流。二是外请专家报告：国家自然科学基金委管理学部刘作仪处长、国家杰出青年基金获得者范英教授分别做了“管理科学工程学科研究现状”、“能源研究中的管理科学问题”的报告。会议中间穿插进行了圆桌讨论，学院教师积极发言，为学院的发展建言献策。    陈大恩在总结讲话中分析了工商管理学院办学的内外部环境，并针对学院的学科发展、本科专业的建设与发展提出了中肯的建议，希望学院教师从自身发展和学院发展的角度，努力做好本职工作，共同推动学院事业又快又好的发展。吴小林谈了参加本次研讨会的感受，并指出学院作为在人才培养过程中形成的学术共同体和利益共同体，学院教师只有将自己的个人价值取向趋向学术共同体、利益共同体的价值取向，在面临机遇大于挑战的环境下，学院的发展才更具活力及生命力。    本次研讨会恰逢学院新一届领导班子上任，学院分党委书记董秀成代表新一届党政领导班子表态：将团结一心做好学院的各项工作，并对于学院学科发展中存在的问题，学院领导班子将继续进一步讨论的具体措施，将各项工作落到实处，力争学院学科发展取得新的突破。
内容, 
内容,
内容,"版权所有 ©中国石油大学(北京)    地址：北京市昌平区府学路18号    邮编：102249  
				京公网安备110402430032号 "
标题,工商管理学院召开申报“能源经济”专业专家论证会,时间,2011-09-13
内容,8月28日下午，中国石油大学工商管理学院申报“能源经济”专业专家论证会在翠宫第一会议室举行，副校长吴小林、陈大恩出席了会议。中国石油化工集团公司原总地质师、教授级高工曾兴球，中国人民大学经济学院副院长刘瑞教授，中国石油人事部人才交流处处长王永军，中国石化人事部培训开发处处长谭忠阁，中国海油人力资源部综合处处长徐晓武，中国石油昆仑燃气公司总法律顾问王中元，中国石油昆仑天然气利用公司总经理助理周淦等应邀参加了专家论证会。教务处负责人、工商管理学院院系负责人及相关教授参加了会议。会议分别由教务处处长陈小宏和专家组组长曾兴球主持。
内容,专家组听取了工商管理学院院长杨晓光做的“能源经济”专业建设方案汇报，并进行了提问。专家组认为，能源经济专业立足能源，将能源与经济相结合，符合国家对能源经济人才的需要。中国石油大学承担了大量的能源经济研究项目，有很强的研究基础，在培养能源经济人才方面具有优势，同时师资人员结构合理，实验设施完备，可满足教学实践各环节要求，已经具备了办好“能源经济”专业的条件。同时，专家组也提出了一些建设性意见和建议，建议新专业加强经济学基础理论学习，突出石油，兼顾其他能源，办出有特色的“能源专业”。
内容,
内容,
内容,"版权所有 ©中国石油大学(北京)    地址：北京市昌平区府学路18号    邮编：102249  
				京公网安备110402430032号 "
标题,国家杰出青年基金获得者杨翠红研究员应邀来我院做报告,时间,2011-09-28
内容,9月23日下午，应工商管理学院杨晓光院长邀请，国家杰出青年基金获得者杨翠红研究员到学院做了以《投入占用产出技术及在外贸中的应用》为题的学术报告。 讲座在二教107教室顺利举行。 
内容,杨翠红研究员对投入占用产出技术的提出背景、理论及其在外贸中的应用做了具体介绍。讲座进入讨论阶段，与会老师及同学就这一专题展开热烈讨论并提出了相关问题，杨翠红研究员予以耐心解答。
内容,杨晓光院长结合学术报告内容对研究新生予以勉励，提出要以重大问题为研究目标、努力夯实专业基础、认真做好研究准备工作。
内容,"版权所有 ©中国石油大学(北京)    地址：北京市昌平区府学路18号    邮编：102249  
				京公网安备110402430032号 "
标题,工商管理学院董秀成教授获得教育部哲学社会科学研究重大攻关项目,时间,2011-10-10
内容,"版权所有 ©中国石油大学(北京)    地址：北京市昌平区府学路18号    邮编：102249  
				京公网安备110402430032号 "
标题,国家能源局政策法规司丁志敏副司长应邀来校讲座和座谈,时间,2011-10-13
内容,"10月11日, 国家能源局政策法规司丁志敏副司长应邀来中国石油大学工商管理学院讲座和座谈。校长张来斌在座谈会前会见了丁志敏司长。工商管理学院院长杨晓光、分党委书记董秀成以及学院教师参加了座谈会。"
内容,座谈会上，丁志敏副司长就能源安全、节能问题、国家能源局软科学研究优秀成果奖的申报和评奖办法、通过多种形式合作开展研究工作、国家能源局近年研究课题、希望石油大学进一步研究的问题等六个方面与工商管理学院教师展开交流。工商管理学院教师就国家能源领域的研究需求、与国家能源局加强合作研究的渠道等方面展开了热烈的讨论。
内容,"版权所有 ©中国石油大学(北京)    地址：北京市昌平区府学路18号    邮编：102249  
				京公网安备110402430032号 "
标题,学院举办第五届青年教师教学基本功比赛,时间,2011-11-08
内容,     10月28日下午，商学院在三教201举办了学院第五届青年教师教学基本功比赛，进一步推动学院青年教师教学水平的提高，搭建青年教师相互学习的交流平台，促进学院教学总体水平的提升。
内容,     本次比赛共有10名青年教师参加，由教学专家组成员担任评委。主管教学的副院长郭海涛出席了比赛。
内容,     比赛内容主要包括50分钟的教学设计详案和20分钟的教学演示。在教学演示环节中，各位参赛教师结合自己的特点，精心准备演讲内容，充分展示了扎实的理论功底、生动活泼的教学风格。
内容,     最后经评委评分，获奖名单如下：
内容,     一等奖:曾叶丽、郑玉华；
内容,     二等奖:李明、夏良玉、马郑玮；
内容,     鼓励奖:许文静、余祖德、唐旭、梁猛、李翠红；
内容,     最佳教案奖:夏良玉；
内容,     最佳教学演示奖:许文静。
内容, 
内容,
内容,"版权所有 ©中国石油大学(北京)    地址：北京市昌平区府学路18号    邮编：102249  
				京公网安备110402430032号 "
标题, 美国南加州大学陈百助教授应邀来我院做报告,时间,2011-11-10
内容,11月9日下午，应工商管理学院杨晓光院长的邀请，美国南加州大学马歇尔商学院金融与商业经济系教授、国际EMBA项目学术主任陈百助教授到我院做了题为《欧债危机、华尔街之占以及中等收入国家陷阱》的学术报告。 讲座在国际交流中心306教室举行。 
内容,陈百助教授讲述了与欧债危机、华尔街之占和中等国家收入陷阱这三项重要问题有关的几个关键因素，并对欧债危机的解决提出了些许可行方案，讨论了华尔街运动的驱使因素之一，即收入分配问题。对当下中国社会正面临的“中等收入国家陷阱”这一重要问题，陈教授清晰地表述了国家在改革创新中的潜力，并分析了先决条件和环境前提。
内容,最后，陈教授就同学们提出的问题进行了耐心解答。讲座在同学们热烈的掌声中结束。
内容, 
内容, 
内容,"版权所有 ©中国石油大学(北京)    地址：北京市昌平区府学路18号    邮编：102249  
				京公网安备110402430032号 "
标题,工商管理学院举办第一届青年教师与博士生学术交流论坛,时间,2011-12-05
内容,12月3日，工商管理学院第一届青年教师与博士生学术交流论坛在地质楼802举行。在学院领导的大力支持与积极参与下论坛取得了圆满成功。工商管理学院院长杨晓光、副院长郭海涛、中国石油大学(北京)能源战略研究中心执行主任王震出席了本次论坛，并作了精彩的发言。
内容,学术交流论坛从上午8:30一直持续到下午4:30，历时一天的时间。青年教师高建、李明、马郑玮、唐旭及三名博士生做主题发言，将自己的个人体会、学术经验与大家分享。在场的老师和同学们针对主题发言进行提问和讨论，学术气氛浓郁。广大师生同时表示在发言和学术探讨中，收获颇丰。
内容,论坛的宗旨是为大家提供一个学术交流的平台，激发工商管理学院青年教师与博士生专研学术的热情，提高青年教师、博士研究生的综合素质、创新意识和创新能力，促进知识与科研成果的交流。参与的师生们一致要求把这样的学术交流论坛做成常态。
内容, 
内容,"版权所有 ©中国石油大学(北京)    地址：北京市昌平区府学路18号    邮编：102249  
				京公网安备110402430032号 "
标题,石大工商管理学院举行辅导员业务培训会,时间,2011-12-12
内容,作者：周思淼
内容,近日，商学院辅导员业务培训会在地质楼725举行。本次培训会请到了美国项目管理协会PMI会员兰国胜博士主讲。商学院党委副书记罗晓燕老师主持会议。
内容,兰国胜博士以“项目管理提升你的工作效率”为主题，辅以生动的具体实例为辅导员们讲授了“子弹理论”、“电梯理论”、“手表原理”和“猴子理论”等诸多有助于辅导员日常工作的工具及方法，并针对辅导员应如何开展学生工作、如何与学生沟通、如何建立学生活动效果评价体系给出了指导性意见及中肯的建议。
内容,商学院全体在职辅导员及12级实习辅导员参加了本次业务培训。
内容, 
内容,"版权所有 ©中国石油大学(北京)    地址：北京市昌平区府学路18号    邮编：102249  
				京公网安备110402430032号 "
标题,石大工商管理学院召开毕业班学生就业座谈会,时间,2011-12-12
内容,作者：周思淼
内容, 
内容, 
内容, 
内容,12月9日下午，工商管理学院毕业班学生就业座谈会在地质楼616
内容,召开。商学院党委副书记罗晓燕老师出席并主持了本次座谈会。
内容,本次座谈会本着深入了解毕业班学生就业心态的主旨经行。参加座谈会同学来自商学院08级的各个专业，在会上，大家积极交流面试技巧，分享面试经验，不时向罗晓燕老老师询问不同行业企业的信息及就业后应注意的问题。会议氛围轻松愉快。
内容,座谈会最后，罗晓燕老师鼓励与会同学，建立积极心态，充满
内容,自信的面对未来的挑战。
内容, 
内容,"版权所有 ©中国石油大学(北京)    地址：北京市昌平区府学路18号    邮编：102249  
				京公网安备110402430032号 "
标题,石大工商管理学院承办北京宇博通技术贸易有限公司宣讲招聘会,时间,2011-12-20
内容,12月19日，北京宇博通技术贸易有限公司2012年校园宣讲在地质楼616举行。商学院承办了此次宣讲招聘会，辅导员郑子睿主持会议。
内容,"北京宇博通技术贸易有限公司是国家对外经济贸易合作部授予外贸流通进出口权的外贸公司,也是集高科技产品开发,高技术产品代理与国际化销售于一身的新兴技工贸企业。宣讲会上，公司相关工作人员发布了销售助理、商务助理等诸多职位。会后，有五名同学通过了简历筛选，得到了参加公司面试的机会。"
内容,
内容,"版权所有 ©中国石油大学(北京)    地址：北京市昌平区府学路18号    邮编：102249  
				京公网安备110402430032号 "
标题,石大工商管理学院举办北京圣农优活科技有限公司宣讲招聘会,时间,2011-12-26
内容,
内容,12月20日，由工商管理学院举办的北京圣农优活科技有限公司2012年校园宣讲会在地质楼802举行。公司人力资源总监黄女士出席并主持会议。
内容,会上，黄女士为现场同学介绍了北京圣农优活科技有限公司的历史及本次校园招聘岗位，同时针对公司B2C的营销模式做了详细的介绍并与大家做了沟通与交流。宣讲会后，在场同学积极提问，黄女士认真解答了同学们的困惑，使现场同学获益良多。
内容,宣讲会后，同学们积极向公司发布的微博管理、网络编辑等多个岗位投递简历，参加面试。
内容,"版权所有 ©中国石油大学(北京)    地址：北京市昌平区府学路18号    邮编：102249  
				京公网安备110402430032号 "
标题,国家杰出青年基金获得者金芝教授应邀来学院做《科学研究的基本规范》的讲座,时间,2012-01-03
内容,12月29日上午，应工商管理学院杨晓光院长邀请，中国科学院研究员、北京大学教授、国家杰出青年基金获得者，金芝教授应邀来校，做了题为《科学研究的基本规范》的讲座。讲座由工商管理学院杨晓光院长主持，在第二教学楼208教室举行。
内容,金芝教授首先讲解了什么是科学精神，在学术研究中怎样保证科学求真，并详细举例说明在学术研究过程中应避免哪些科学不端的行为。接着，金教授重点阐述了科学规范的内容，详细剖析了整个学术研究过程中每个阶段应怎样保证科研求真，以及需要规范的各个方面。金芝教授指出，年轻学者应诚信品行，严谨作风，努力做一名合格的科学工作者，保证科学求知的过程真实、规范。
内容,最后，金教授就同学们提出的问题进行了耐心的回答，并鼓励大家以恒心做学术，用专注做学术，努力发掘科研创新点。讲座在同学们的热烈掌声中圆满结束。
内容,
内容,"版权所有 ©中国石油大学(北京)    地址：北京市昌平区府学路18号    邮编：102249  
				京公网安备110402430032号 "
标题,中国人民银行调统司赵春萍处长应邀来学院做讲座,时间,2012-03-27
内容,3月23日下午，工商管理学院在三教206举办讲座《如何看待当前的经济金融形势》，讲座主讲人为中国人民银行调统司处长赵春萍。本次讲座由工商管理学院院长杨晓光教授主持，工商管理学院150余名老师及学生参加。
内容,赵春萍处长从不同的角度详细阐述了国内以及国际的宏观经济金融形势。在讲解过程中，她使用准确的数字和简单、形象的例子使同学们对当前的宏观金融形势有了更加深刻的理解。她热情洋溢的讲解以及对经济的独到见解吸引同学们以经济学的眼光去观察世界，并逐步启发同学对现有问题进行思考。
内容,
内容,"版权所有 ©中国石油大学(北京)    地址：北京市昌平区府学路18号    邮编：102249  
				京公网安备110402430032号 "
标题,世界石油峰值问题学术研讨会在我校成功举行,时间,2012-09-21
内容,"版权所有 ©中国石油大学(北京)    地址：北京市昌平区府学路18号    邮编：102249  
				京公网安备110402430032号 "
标题,国际能源经济学会（IAEE）副主席Gurkan Selcuk Kumbaroglu教授应邀...,时间,2012-09-25
内容,"版权所有 ©中国石油大学(北京)    地址：北京市昌平区府学路18号    邮编：102249  
				京公网安备110402430032号 "
标题,媒体关注我院主办石油峰值研讨会,时间,2012-09-25
内容,"版权所有 ©中国石油大学(北京)    地址：北京市昌平区府学路18号    邮编：102249  
				京公网安备110402430032号 "
标题,美国工程院院士James M. Tien 来我校做学术报告,时间,2012-11-02
内容,"版权所有 ©中国石油大学(北京)    地址：北京市昌平区府学路18号    邮编：102249  
				京公网安备110402430032号 "
标题,工商管理学院举行2012年学风建设月总结表彰大会,时间,2012-11-07
内容,"版权所有 ©中国石油大学(北京)    地址：北京市昌平区府学路18号    邮编：102249  
				京公网安备110402430032号 "
标题,工商管理学院组织召开MBA教学工作研讨会,时间,2012-11-07
内容,"版权所有 ©中国石油大学(北京)    地址：北京市昌平区府学路18号    邮编：102249  
				京公网安备110402430032号 "
标题,我院博士生胡燕获得2013年度国际埃尼奖（Eni Award 2013）候选提名,时间,2012-11-27
内容,"版权所有 ©中国石油大学(北京)    地址：北京市昌平区府学路18号    邮编：102249  
				京公网安备110402430032号 "
标题,我院主办“红色经典在我心，革命故事抒我情”庆十八大红色话剧汇演,时间,2012-12-07
内容,"最佳表演奖      《举起手来》                             地球物理与信息工程学院 
                                  《将革命进行到底》                 工商管理学院"
内容,"版权所有 ©中国石油大学(北京)    地址：北京市昌平区府学路18号    邮编：102249  
				京公网安备110402430032号 "
标题,商学院组织学生干部进行“活动策划与文案撰写”专题培训,时间,2012-12-09
内容,"版权所有 ©中国石油大学(北京)    地址：北京市昌平区府学路18号    邮编：102249  
				京公网安备110402430032号 "
标题,工商管理学院举行预备党员培训启动仪式,时间,2012-12-12
内容,"版权所有 ©中国石油大学(北京)    地址：北京市昌平区府学路18号    邮编：102249  
				京公网安备110402430032号 "
标题,工商管理学院2012-2013年度骨干学生干部培训会,时间,2012-12-12
内容,"版权所有 ©中国石油大学(北京)    地址：北京市昌平区府学路18号    邮编：102249  
				京公网安备110402430032号 "
标题,工商管理学院2009级举办2013年就业政策讲解培训会,时间,2013-03-18
内容,"    罗晓燕老师首先从应届毕业生求职黄金期和就业注意事项做就业动员，而后非常详细地介绍了国家及地方就业政策，并且对村官、选调生、科研项目就业、社区工作者、应征入伍和自主创业六个就业专项相关政策和申请流程做了细致的讲解。随后，09级辅导员刘高翔通报了本院当前就业状况，希望同学积极就业。
"
内容,"
 "
内容,
内容,"版权所有 ©中国石油大学(北京)    地址：北京市昌平区府学路18号    邮编：102249  
				京公网安备110402430032号 "
标题,石大商学院启动“迎接校庆60华诞，商学院高端学术讲坛”,时间,2013-03-27
内容,3月21日上午，石大工商管理学院“迎接校庆60华诞，商学院高端学术讲坛”启动仪式在国际交流中心306报告厅举行。讲坛邀请原重庆市副市长、国家统计局局长、联合国第36届统计委员会副主席李德水作了题为《当前国际国内经济形势及未来走向》的首场学术报告。校长张来斌出席了讲坛启动仪式。
内容,"张来斌为讲坛致开幕辞。他充分肯定了商学院以高端学术讲坛为载体来庆祝和迎接建校60周年，这符合学校倡导的“善待学生、尊敬教师、崇尚学术”的办学理念。他指出，大学可以有物理边界，但是不能有思想边界，本次商学院举办高端学术讲坛是学校开放办学的重要体现。 
李德水回顾了次贷危机以来的国际经济形势，重点分析了美国、欧盟、日本及非洲等经济体在次贷危机、主权债务危机中的角色，指出了国际金融危机背后的深层次原因，揭示了西方各国在应对本次危机中的合作与博弈，展望了中国成功渡过本次国际金融危机之后的前景。报告结束后，听众反应热烈并踊跃提问，李德水就我国的房价问题作了风趣又到位的解答。"
内容,"版权所有 ©中国石油大学(北京)    地址：北京市昌平区府学路18号    邮编：102249  
				京公网安备110402430032号 "
标题,中国石油大学承办第五届“尖峰时刻”商业模拟大赛总决赛,时间,2013-03-28
内容,"版权所有 ©中国石油大学(北京)    地址：北京市昌平区府学路18号    邮编：102249  
				京公网安备110402430032号 "
标题,石大商学院举行兼职教授聘任仪式暨教师座谈会,时间,2013-04-10
内容,"版权所有 ©中国石油大学(北京)    地址：北京市昌平区府学路18号    邮编：102249  
				京公网安备110402430032号 "
标题,商学院开展学生干部骨干培训,时间,2013-05-06
内容,"版权所有 ©中国石油大学(北京)    地址：北京市昌平区府学路18号    邮编：102249  
				京公网安备110402430032号 "
标题,工商管理学院召开2013届毕业生就业政策及就业手续培训会,时间,2013-05-07
内容,"版权所有 ©中国石油大学(北京)    地址：北京市昌平区府学路18号    邮编：102249  
				京公网安备110402430032号 "
标题,商学院举办大学生讲坛,时间,2013-05-13
内容,       2013年5月13日下午2点工商管理学院在学生活动中心410商学院开办了大学生讲坛，曹娜老师、周思淼辅导员和大一大二学生代表出席了此次讲坛。
内容,"       大学生讲坛邀请了会计09 傅昱学姐、会计10 李美艳学姐和财务10-2 王媛媛学姐作为优秀学生代表给同学们讲话。她们讲述了自己的经历，比如去加拿大、参加的比赛、面试等等，用她们的经验告诉同学们要学好英语及各种专业知识，要有自信，选择自己想走的道路，敢于尝试，懂得利用一切有利的机会与资源发展自我，认真踏实地进行大学生活。
"
内容,"版权所有 ©中国石油大学(北京)    地址：北京市昌平区府学路18号    邮编：102249  
				京公网安备110402430032号 "
标题,工商管理学院举办应征入伍动员大会,时间,2013-05-13
内容,"版权所有 ©中国石油大学(北京)    地址：北京市昌平区府学路18号    邮编：102249  
				京公网安备110402430032号 "
标题,石大商学院举办预备党员培训（第二期）启动仪式,时间,2013-06-04
内容,"启动仪式上，董秀成发表了讲话并宣读了《工商管理学院关于表2011-2013学年先进党支部和优秀共产党员的决定》。董秀成鼓励将参加培训的预备党员要向身边优秀的共产党员学习，端正入党动机，时刻对党忠诚，努力成为班级中、学院中同学的表率。随后，董秀成与罗晓燕一起为获得先进党支部、优秀共产党员的学生代表颁奖。曹娜向与会的学生讲解了预备党员培训的相关要求。仪式最后，预备党员代表张梦瑶带领全体预备党员面对党旗，郑重宣誓。
"
内容,
内容,
内容,商学院预备党员培训旨在提升预备党员在理论学习和实践学习的能力，提高预备党员各方面素养，自2012年12月启动以来，先后开展了“社会热点一席谈”、“学习理论经典”等多项活动。
内容,"版权所有 ©中国石油大学(北京)    地址：北京市昌平区府学路18号    邮编：102249  
				京公网安备110402430032号 "
标题,石大商学院举行“英雏计划（第二季）”招募大会,时间,2013-06-21
内容,"版权所有 ©中国石油大学(北京)    地址：北京市昌平区府学路18号    邮编：102249  
				京公网安备110402430032号 "
标题,商学院召开辅导员工作专题研讨会,时间,2013-11-12
内容,"版权所有 ©中国石油大学(北京)    地址：北京市昌平区府学路18号    邮编：102249  
				京公网安备110402430032号 "
标题,石大商学院举办学风建设月系列讲座-人生理想：做最好的自己,时间,2013-11-21
内容,"版权所有 ©中国石油大学(北京)    地址：北京市昌平区府学路18号    邮编：102249  
				京公网安备110402430032号 "
标题,石大工商管理学院举办2013年秋季学期骨干培训会,时间,2013-11-21
内容,"版权所有 ©中国石油大学(北京)    地址：北京市昌平区府学路18号    邮编：102249  
				京公网安备110402430032号 "
标题,石大商学院举办学风建设月系列讲座——我的大学,时间,2013-11-21
内容,"版权所有 ©中国石油大学(北京)    地址：北京市昌平区府学路18号    邮编：102249  
				京公网安备110402430032号 "
标题,石大工商管理学院召开第十九届学生会成立大会,时间,2013-11-21
内容,"版权所有 ©中国石油大学(北京)    地址：北京市昌平区府学路18号    邮编：102249  
				京公网安备110402430032号 "
标题,工商管理学院青协举办健心节活动,时间,2013-11-25
内容,"版权所有 ©中国石油大学(北京)    地址：北京市昌平区府学路18号    邮编：102249  
				京公网安备110402430032号 "
标题,我院张宝生教授获得国家社科基金重大项目立项资助,时间,2013-11-26
内容,"版权所有 ©中国石油大学(北京)    地址：北京市昌平区府学路18号    邮编：102249  
				京公网安备110402430032号 "
标题,石大工商管理学院开展“我的保研心路”讲坛,时间,2013-12-02
内容,"版权所有 ©中国石油大学(北京)    地址：北京市昌平区府学路18号    邮编：102249  
				京公网安备110402430032号 "
标题,商学院学生工作组赴中国矿业大学（北京）开展工作交流,时间,2013-12-02
内容,"版权所有 ©中国石油大学(北京)    地址：北京市昌平区府学路18号    邮编：102249  
				京公网安备110402430032号 "
标题,工商管理学院就业动员大会,时间,2013-12-02
内容,"版权所有 ©中国石油大学(北京)    地址：北京市昌平区府学路18号    邮编：102249  
				京公网安备110402430032号 "
标题,工商管理学院2010级就业帮扶座谈会,时间,2013-12-02
内容,"版权所有 ©中国石油大学(北京)    地址：北京市昌平区府学路18号    邮编：102249  
				京公网安备110402430032号 "
标题,石大工商管理学院举办校园双选会,时间,2013-12-05
内容,"版权所有 ©中国石油大学(北京)    地址：北京市昌平区府学路18号    邮编：102249  
				京公网安备110402430032号 "
标题,石大商学院13级会计专业硕士在外实习期间在线学习习近平总书记重要讲话,时间,2014-05-15
内容,"版权所有 ©中国石油大学(北京)    地址：北京市昌平区府学路18号    邮编：102249  
				京公网安备110402430032号 "
标题,工商管理学院举办“庚寅忆零，甲午帆飞”毕业生晚会,时间,2014-06-30
内容,"版权所有 ©中国石油大学(北京)    地址：北京市昌平区府学路18号    邮编：102249  
				京公网安备110402430032号 "
标题,商学院召开新生家长会,时间,2014-09-17
内容,"版权所有 ©中国石油大学(北京)    地址：北京市昌平区府学路18号    邮编：102249  
				京公网安备110402430032号 "
标题,商学院开展迎新工作,时间,2014-09-17
内容,"版权所有 ©中国石油大学(北京)    地址：北京市昌平区府学路18号    邮编：102249  
				京公网安备110402430032号 "
标题,我院MBA学生在2014年“创青春”全国大学生创业大赛MBA专项赛总决赛中获佳绩,时间,2014-10-22
内容,"版权所有 ©中国石油大学(北京)    地址：北京市昌平区府学路18号    邮编：102249  
				京公网安备110402430032号 "
标题,工商管理学院举办“红星闪耀中国梦”校园原创话剧展演,时间,2014-12-04
内容,"版权所有 ©中国石油大学(北京)    地址：北京市昌平区府学路18号    邮编：102249  
				京公网安备110402430032号 "
