tradeItemId,1kaccum
tradeItemId,1mscj4q
tradeItemId,1k80j7g
tradeItemId,1mogahq
tradeItemId,1mtrbho
tradeItemId,1mpt8sq
tradeItemId,1lzziu0
tradeItemId,1mb7bx6
tradeItemId,1m3gkus
tradeItemId,1mlf7p6
tradeItemId,1mkryfm
tradeItemId,1mtwhx4
tradeItemId,1mjzawa
tradeItemId,1milibm
tradeItemId,1msm7zq
tradeItemId,1mrqdq0
tradeItemId,18p144s
tradeItemId,1mimo90
tradeItemId,1ms0r7w
tradeItemId,1mvf7sa
tradeItemId,18hf1qg
tradeItemId,1mse2as
tradeItemId,1lp0mf8
tradeItemId,1mrw2ao
tradeItemId,1k22cmo
tradeItemId,1mge2ve
tradeItemId,1mqxexo
tradeItemId,1molt5q
tradeItemId,1mvwzhs
tradeItemId,1mvawlk
tradeItemId,1mvrlxq
tradeItemId,1mvz7su
tradeItemId,1mv3g98
tradeItemId,1mt43qc
tradeItemId,1mq4i8q
tradeItemId,1lzir6k
tradeItemId,1mogm9q
tradeItemId,1mrsoim
tradeItemId,1ka9c6e
tradeItemId,1mr9x4a
tradeItemId,1mkzgx6
tradeItemId,1ms3fsi
tradeItemId,1mkhvhg
tradeItemId,1mvjmqe
tradeItemId,1mr1czc
tradeItemId,1mrtm9c
tradeItemId,1mvebxc
tradeItemId,1mwbllm
tradeItemId,1mwexgs
tradeItemId,1m6ljha
tradeItemId,1mdlgh4
tradeItemId,1ml9200
tradeItemId,1mumnm6
tradeItemId,1mq5vn0
tradeItemId,1mqvxa2
tradeItemId,1ms1wig
tradeItemId,1mvi100
tradeItemId,1mm0vto
tradeItemId,1mw7fkw
tradeItemId,1mvgytu
tradeItemId,1mrhkv0
tradeItemId,1mqg0do
tradeItemId,1mrimz0
tradeItemId,1luczl4
tradeItemId,1mk1db0
tradeItemId,1mudrhi
tradeItemId,1mmuxt8
tradeItemId,1mjpa86
tradeItemId,1mpug88
tradeItemId,1k8wncw
tradeItemId,1mqwfsw
tradeItemId,1mnsm3u
tradeItemId,1mjabmi
tradeItemId,1mq79ta
tradeItemId,1ml7si4
tradeItemId,1muejta
tradeItemId,1mklo8w
tradeItemId,1mukv3k
tradeItemId,1mlklc8
tradeItemId,1mtpmxi
tradeItemId,1mubcko
tradeItemId,1mjakhi
tradeItemId,1mv4qvg
tradeItemId,1mvqt4y
tradeItemId,1msj6ge
tradeItemId,1mst1pw
tradeItemId,1mtvdf0
tradeItemId,1mp6die
tradeItemId,1mk9gjs
tradeItemId,1mvlqj4
tradeItemId,1mbyfm0
tradeItemId,1mrtm9c
tradeItemId,1mqizdg
tradeItemId,1moysos
tradeItemId,1mlqlc6
tradeItemId,1kf4636
tradeItemId,1mrimz0
tradeItemId,1mshhrc
tradeItemId,1mwctiq
tradeItemId,1mvdezk
tradeItemId,1k8wncw
tradeItemId,1mlt0zi
tradeItemId,1mqid0c
tradeItemId,1mr8aqs
tradeItemId,1mvlulw
tradeItemId,1mvciye
tradeItemId,1mvn0l0
tradeItemId,1mqifzs
tradeItemId,1lz0bmq
tradeItemId,1mtl4ma
tradeItemId,1mqwfsw
tradeItemId,1mupx1w
tradeItemId,1mqfu6k
tradeItemId,1muorlw
tradeItemId,1mrxbhq
tradeItemId,1mp0784
tradeItemId,1mlkhok
tradeItemId,1mvxhro
tradeItemId,1msdc6m
tradeItemId,1mjrw0o
tradeItemId,1mfdcr2
tradeItemId,1mu7cnw
tradeItemId,1mjuxlk
tradeItemId,1ml29i2
tradeItemId,1m8hwpa
tradeItemId,1mvmih0
tradeItemId,1mljmta
tradeItemId,1mr3102
tradeItemId,1mr7j7e
tradeItemId,1mkhvhg
tradeItemId,1mvgwua
tradeItemId,1ms1wig
tradeItemId,1mvi764
tradeItemId,1mqbmic
tradeItemId,1mrbmim
tradeItemId,1ms0jic
tradeItemId,1mnsm3u
tradeItemId,1mseuw6
tradeItemId,1mlebog
tradeItemId,1mvetua
tradeItemId,1mvaz9u
tradeItemId,1mvn4ae
tradeItemId,1mrrxh2
tradeItemId,1moryf2
tradeItemId,1mpejiu
tradeItemId,1mubg1u
tradeItemId,1mufpz8
tradeItemId,1mp8fzo
tradeItemId,1ltm3g0
tradeItemId,1mtvdf0
tradeItemId,1m7o75u
tradeItemId,1mk0kci
tradeItemId,1mvmxo4
tradeItemId,1mnc3po
tradeItemId,1moh0yk
tradeItemId,1mbyfm0
tradeItemId,1mvazn0
tradeItemId,1mrimz0
tradeItemId,1mp447m
tradeItemId,1mp6die
tradeItemId,1kf4636
tradeItemId,1mlt0zi
tradeItemId,1mshhrc
tradeItemId,1mrdvws
tradeItemId,1mqckqe
tradeItemId,1mrtm9c
tradeItemId,1mkwcjq
tradeItemId,1mq4qck
tradeItemId,1mtrey6
tradeItemId,1mlp8s6
tradeItemId,1k8wncw
tradeItemId,1mvxhw4
tradeItemId,1mvciye
tradeItemId,1ln8p3s
tradeItemId,1mvwsjo
tradeItemId,1mrumac
tradeItemId,1m7tg14
tradeItemId,1mqfu6k
tradeItemId,1mnc8iw
tradeItemId,1md8ayu
tradeItemId,1mn2x8y
tradeItemId,1mvmz4w
tradeItemId,1mtl4ma
tradeItemId,1mro4je
tradeItemId,1mtwoha
tradeItemId,1meyb0e
tradeItemId,1mqifzs
tradeItemId,1mm6lve
tradeItemId,1mnc6dc
tradeItemId,1mjrw0o
tradeItemId,1ml97xe
tradeItemId,1mj8nl0
tradeItemId,1mpg95i
tradeItemId,1mr2lha
tradeItemId,1mm3pjc
tradeItemId,1m8hwpa
tradeItemId,1mpvcz6
tradeItemId,1mqiaas
tradeItemId,1mwexdm
tradeItemId,1mvmih0
tradeItemId,1mkhvhg
tradeItemId,1me8cyu
tradeItemId,1mv1dbk
tradeItemId,1mlaam6
tradeItemId,1mjxmqo
tradeItemId,1mr3102
tradeItemId,1lypayc
tradeItemId,1mvaw3c
tradeItemId,1mu07js
tradeItemId,1m6yo9u
tradeItemId,1mvn4ae
tradeItemId,1kgmesk
tradeItemId,1mnsm3u
tradeItemId,1m7h2cu
tradeItemId,1mvetua
tradeItemId,1mce18k
tradeItemId,1mvi764
tradeItemId,1mvitry
tradeItemId,1mldmwk
tradeItemId,1mpejiu
tradeItemId,1mufpz8
tradeItemId,1mvaz9u
tradeItemId,1mrrxh2
tradeItemId,1mlj0x8
tradeItemId,1mna62m
tradeItemId,1msts12
tradeItemId,1mvwczy
tradeItemId,1mvfyfe
tradeItemId,1msg3ry
tradeItemId,1mv85a2
tradeItemId,1muskzu
tradeItemId,1mw3m4m
tradeItemId,1mv6vnu
tradeItemId,1mwg52u
tradeItemId,1mve6li
tradeItemId,1mrydwm
tradeItemId,1mrk63o
tradeItemId,1mu19us
tradeItemId,1mwg4bo
tradeItemId,1mvoyw2
tradeItemId,1mvkm4u
tradeItemId,1mvnnek
tradeItemId,1mj766u
tradeItemId,1mq65d4
tradeItemId,1mueg4a
tradeItemId,1mvfohs
tradeItemId,1mvn6e4
tradeItemId,1m7av4y
tradeItemId,1mvwvag
tradeItemId,1mvgd9m
tradeItemId,1muwoi6
tradeItemId,1mumwx4
tradeItemId,1mvf836
tradeItemId,1msca48
tradeItemId,1mrz4ti
tradeItemId,1mufg5u
tradeItemId,1mqbt5o
tradeItemId,1mvk12a
tradeItemId,1mvemh8
tradeItemId,1mvl6a6
tradeItemId,1mugabg
tradeItemId,1kn5rmk
tradeItemId,1mvgjxs
tradeItemId,1mwa6ci
tradeItemId,1lrtnv2
tradeItemId,1mv7alg
tradeItemId,1mupsf2
tradeItemId,1mulheq
tradeItemId,1mr8w18
tradeItemId,1mvm1fe
tradeItemId,1mvmt4m
tradeItemId,1mv4sla
tradeItemId,1mvjzug
tradeItemId,1m9s2ja
tradeItemId,1ms3i4g
tradeItemId,1mk24gk
tradeItemId,1mvhc6q
tradeItemId,1ml40uw
tradeItemId,1mvukye
tradeItemId,1mq5m9o
tradeItemId,1mv6h0a
tradeItemId,1ml9xsu
tradeItemId,1mvg1g6
tradeItemId,1mv7f4m
tradeItemId,1muoun6
tradeItemId,1mr6ddc
tradeItemId,1mvi66k
tradeItemId,1mwb0oq
tradeItemId,1msjswm
tradeItemId,1mvif6u
tradeItemId,1mva85a
tradeItemId,1mk3gz6
tradeItemId,1mkg5k6
tradeItemId,1mk3d12
tradeItemId,1mv51hq
tradeItemId,1mtx3zy
tradeItemId,1muwd16
tradeItemId,1mlguua
tradeItemId,1mwbfri
tradeItemId,1mvsv2c
tradeItemId,1mvi66k
tradeItemId,1mjteds
tradeItemId,1mvq3v0
tradeItemId,1ms3x20
tradeItemId,1mug1iq
tradeItemId,1mv6h0a
tradeItemId,1mvk7x0
tradeItemId,1mvqx0s
tradeItemId,1mrspkg
tradeItemId,1muoun6
tradeItemId,1ms50i8
tradeItemId,1mr6ddc
tradeItemId,1mtnaxk
tradeItemId,1mvqab0
tradeItemId,1mr0kko
tradeItemId,1mjym2w
tradeItemId,1mwbptu
tradeItemId,1muvusm
tradeItemId,1mrewik
tradeItemId,1ms0jic
tradeItemId,1mpim9i
tradeItemId,1m91z44
tradeItemId,1mvl4jg
tradeItemId,1mnfpfq
tradeItemId,1mvrr9u
tradeItemId,1mvmw6c
tradeItemId,1mvjxbc
tradeItemId,1mvh576
tradeItemId,1msf1mc
tradeItemId,1mm1hlk
tradeItemId,1mupsf2
tradeItemId,1mk82my
tradeItemId,1mtx3zy
tradeItemId,1mpmngy
tradeItemId,1mueg4a
tradeItemId,1mvp80q
tradeItemId,1mvhnbq
tradeItemId,1mtj1i8
tradeItemId,1kp55a4
tradeItemId,1mvn5ow
tradeItemId,1muuo3u
tradeItemId,1mvza5g
tradeItemId,1mmz85a
tradeItemId,1mj4dc0
tradeItemId,1mvrdlu
tradeItemId,1ms3i4g
tradeItemId,1mtw1zk
tradeItemId,1mikhoo
tradeItemId,1mufdyi
tradeItemId,1mvdg5c
tradeItemId,1mvdfry
tradeItemId,1m7av4y
tradeItemId,1mu5tfg
tradeItemId,1me0t8i
tradeItemId,1mvxowa
tradeItemId,1mv90m8
tradeItemId,1mvqoww
tradeItemId,1mupxhy
tradeItemId,1mqbiu4
tradeItemId,1moc1hw
tradeItemId,1mvswla
tradeItemId,1muxg48
tradeItemId,1mv51hq
tradeItemId,1lr16ji
tradeItemId,1msw15m
tradeItemId,1mvdbfw
tradeItemId,1mvbzd8
tradeItemId,1mkh3lm
tradeItemId,1mb73bs
tradeItemId,1mk3g0y
tradeItemId,1mqse1o
tradeItemId,1m93smo
tradeItemId,1mumekc
tradeItemId,1mvvyfa
tradeItemId,1mvllgm
tradeItemId,1mm89ju
tradeItemId,1mvmwgs
tradeItemId,1mvqyrm
tradeItemId,1mw4446
tradeItemId,1mudj3w
tradeItemId,1mlz86s
tradeItemId,1mjzlta
tradeItemId,1mv4j4c
tradeItemId,1mw46tq
tradeItemId,1mvjyt6
tradeItemId,1mvrzx2
tradeItemId,1mv7rgk
tradeItemId,1mvbwny
tradeItemId,1ms2z0k
tradeItemId,1mkkq7c
tradeItemId,1ml3xug
tradeItemId,1mvjz48
tradeItemId,1mr20le
tradeItemId,1ml75ce
tradeItemId,1mo2dhk
tradeItemId,1lwjiaq
tradeItemId,1muwoi6
tradeItemId,1mvtlu2
tradeItemId,1mvnzr0
tradeItemId,1muot4m
tradeItemId,1mv230c
tradeItemId,1k2sacy
tradeItemId,1mqse1o
tradeItemId,1mwexaq
tradeItemId,1mk20lm
tradeItemId,1mvf728
tradeItemId,1mtx3zy
tradeItemId,1mvwoum
tradeItemId,1mwfywk
tradeItemId,1mvmw6c
tradeItemId,1mpaeum
tradeItemId,1msts12
tradeItemId,1mleock
tradeItemId,1k54i9o
tradeItemId,1mkh3lm
tradeItemId,1muvusm
tradeItemId,1musax0
tradeItemId,1ml68a4
tradeItemId,1mwg4jw
tradeItemId,1mr36ak
tradeItemId,1mvjxbc
tradeItemId,1mts98g
tradeItemId,1meku1u
tradeItemId,1mu4vvs
tradeItemId,1mvwvhw
tradeItemId,1mueg4a
tradeItemId,1ms41ly
tradeItemId,1mdir2e
tradeItemId,1mw8wis
tradeItemId,1mhbg9a
tradeItemId,1mo09wi
tradeItemId,1mjym2w
tradeItemId,1mvsv2c
tradeItemId,1mplzza
tradeItemId,1mvo3bm
tradeItemId,1mvd9sg
tradeItemId,1mvnre0
tradeItemId,1mv7vec
tradeItemId,1mr24dw
tradeItemId,1mk5hyk
tradeItemId,1mvcgey
tradeItemId,1mkrkty
tradeItemId,1mviuuu
tradeItemId,1mw9zkk
tradeItemId,1mvi8bi
tradeItemId,1mvbfn0
tradeItemId,1mqpmui
tradeItemId,1mvsai6
tradeItemId,1mkduvu
tradeItemId,1mvxf8s
tradeItemId,1mv668k
tradeItemId,1kfbud0
tradeItemId,1mp8be8
tradeItemId,1mcx4he
tradeItemId,1mv4i5u
tradeItemId,1mvsai6
tradeItemId,1mvcqzo
tradeItemId,1mjsewk
tradeItemId,1lms3mm
tradeItemId,1mv4oqu
tradeItemId,1mtvx3k
tradeItemId,1mvo002
tradeItemId,1moc1hw
tradeItemId,1mvgiuo
tradeItemId,1mk9w9w
tradeItemId,1mk82my
tradeItemId,1mvpgxy
tradeItemId,1mkdopk
tradeItemId,1mw4s5s
tradeItemId,1mtrbho
tradeItemId,1mvcb4e
tradeItemId,1mvebi6
tradeItemId,1msdqmo
tradeItemId,1mw5bz6
tradeItemId,1mo26oa
tradeItemId,1mv34gs
tradeItemId,1mvov9g
tradeItemId,1mv5w90
tradeItemId,1mw3lq2
tradeItemId,1mimwqy
tradeItemId,1mvfp94
tradeItemId,1mvaxt6
tradeItemId,1mbvvwg
tradeItemId,1mv5u88
tradeItemId,1ke53uo
tradeItemId,1mvf7g8
tradeItemId,1mvpd7y
tradeItemId,1mlfiam
tradeItemId,1mvzmqa
tradeItemId,1muwjrs
tradeItemId,1mv9wna
tradeItemId,1mur2qg
tradeItemId,1mvp2p0
tradeItemId,1mm1xqu
tradeItemId,1mvicoq
tradeItemId,1mv5z8g
tradeItemId,1mvfqqa
tradeItemId,1mvc9l4
tradeItemId,1mwex78
tradeItemId,1mvo2jg
tradeItemId,1mjyqxa
tradeItemId,1mvcu1u
tradeItemId,1lyl378
tradeItemId,1mwheoy
tradeItemId,1ml05ay
tradeItemId,1mvm55o
tradeItemId,1mva6ws
tradeItemId,1mdgxfk
tradeItemId,1mwcvn2
tradeItemId,1ms9pbw
tradeItemId,1muxsjs
tradeItemId,1mverp8
tradeItemId,1makwhi
tradeItemId,1mwex9s
tradeItemId,1mlzzy4
tradeItemId,1k6hubu
tradeItemId,1mugxlu
tradeItemId,1mvn2wm
tradeItemId,1mw3uxo
tradeItemId,1mvep7g
tradeItemId,1mv8p70
tradeItemId,1mkdtpa
tradeItemId,1mvjxg0
tradeItemId,1luk6hk
tradeItemId,1mvsntw
tradeItemId,1mo26oa
tradeItemId,1mvayos
tradeItemId,1ms9pbw
tradeItemId,1mw8aas
tradeItemId,1mv8p70
tradeItemId,1muhodc
tradeItemId,1mvkyme
tradeItemId,1mv2wfg
tradeItemId,1mvqayu
tradeItemId,1mvaxt6
tradeItemId,1mvlk92
tradeItemId,1mvzlvs
tradeItemId,1mvfmdm
tradeItemId,1mw63ak
tradeItemId,1mjnrca
tradeItemId,1mvcjgo
tradeItemId,1mux46s
tradeItemId,1mv34gs
tradeItemId,1mwcr82
tradeItemId,1mvmu9u
tradeItemId,1muwd16
tradeItemId,1mv793w
tradeItemId,1mv4sy0
tradeItemId,1mv8y7e
tradeItemId,1mtrbho
tradeItemId,1mvbx3o
tradeItemId,1mlhza2
tradeItemId,1maj0r2
tradeItemId,1mlv3e8
tradeItemId,1mvicoq
tradeItemId,1mvghd0
tradeItemId,1mvg28e
tradeItemId,1mtmo5e
tradeItemId,1m8w124
tradeItemId,1mvaakq
tradeItemId,1mv9wna
tradeItemId,1mvdi66
tradeItemId,1munmbk
tradeItemId,1mw9jrs
tradeItemId,1mvh40g
tradeItemId,1mvx18o
tradeItemId,1mveaj6
tradeItemId,1mp8be8
tradeItemId,1mtax1a
tradeItemId,1mvpjpq
tradeItemId,1muscus
tradeItemId,1ml05ay
tradeItemId,1mm3ac4
tradeItemId,1mw4ik2
tradeItemId,1mvl288
tradeItemId,1mjsluy
tradeItemId,1k6hubu
tradeItemId,1mvbvge
tradeItemId,1mrsq9u
tradeItemId,1mudbae
tradeItemId,1mvrhx2
tradeItemId,1mvdmco
tradeItemId,1mvfici
tradeItemId,1mw473q
tradeItemId,1mv25z4
tradeItemId,1mvch7m
tradeItemId,1mvmh84
tradeItemId,1mvg3ak
tradeItemId,1mvz6fs
tradeItemId,1msdqmo
tradeItemId,1muw8ui
tradeItemId,1mvf6ja
tradeItemId,1ke53uo
tradeItemId,1mwakrk
tradeItemId,1mvn0tc
tradeItemId,1mv32lu
tradeItemId,1mvnh16
tradeItemId,1mrzdve
tradeItemId,1mw4qr6
tradeItemId,1mv4fb6
tradeItemId,1mvlga6
tradeItemId,1mwbsce
tradeItemId,1mwd2k6
tradeItemId,1mupw5g
tradeItemId,1mw799g
tradeItemId,1mur3oo
tradeItemId,1mvgruw
tradeItemId,1mwcmpa
tradeItemId,1mmg922
tradeItemId,1muqhqk
tradeItemId,1mw36j8
tradeItemId,1mvknnk
tradeItemId,1mwdctw
tradeItemId,1mdbczy
tradeItemId,1mwi8ju
tradeItemId,1mtv8dy
tradeItemId,1mvs82a
tradeItemId,1mvey0w
tradeItemId,1mvqb8q
tradeItemId,1mwizgm
tradeItemId,1mlrcwg
tradeItemId,1mvjwi6
tradeItemId,1mvmqn6
tradeItemId,1mkfzqs
tradeItemId,1mwizqo
tradeItemId,1mv7380
tradeItemId,1mqrpnm
tradeItemId,1msar6w
tradeItemId,1k2pgk0
tradeItemId,1mwj1pu
tradeItemId,1mvziws
tradeItemId,1mvqh4k
tradeItemId,1mv49y2
tradeItemId,1m9gd3g
tradeItemId,1mwj01g
tradeItemId,1mjlhhs
tradeItemId,1murtlg
tradeItemId,1mvpreq
tradeItemId,1msiuao
tradeItemId,1mwizg2
tradeItemId,1mv8guy
tradeItemId,1mwbxfo
tradeItemId,1mvmnjk
tradeItemId,1mqj9vu
tradeItemId,1mwi1ry
tradeItemId,1mizviw
tradeItemId,1mv9mza
tradeItemId,1mu8jty
tradeItemId,1mr04mc
tradeItemId,1mwi5x8
tradeItemId,1mv9cni
tradeItemId,1mwc0aw
tradeItemId,1mw45ga
tradeItemId,1mwbjba
tradeItemId,1mwi7vk
tradeItemId,1mln7oq
tradeItemId,1mqhv0e
tradeItemId,1mv4xnw
tradeItemId,1mrlasg
tradeItemId,1mw79dg
tradeItemId,1mvy7u8
tradeItemId,1mw2zc6
tradeItemId,1mtjjta
tradeItemId,1mw4rw2
tradeItemId,1mwb5f8
tradeItemId,1mv87uk
tradeItemId,1mu2z6i
tradeItemId,1mvz96e
tradeItemId,1moszbg
tradeItemId,1mwbqai
tradeItemId,1muxm86
tradeItemId,1mv8oxu
tradeItemId,1mvecfy
tradeItemId,1mva6pa
tradeItemId,1mv7uxo
tradeItemId,1mvtm7g
tradeItemId,1msstg0
tradeItemId,1mv5z0a
tradeItemId,1mw46xg
tradeItemId,1mvlpqc
tradeItemId,1mwbd7s
tradeItemId,1mvqfv2
tradeItemId,1mtipa2
tradeItemId,1mwaozq
tradeItemId,1mvnbj0
tradeItemId,1mwbs5e
tradeItemId,1mu3ipg
tradeItemId,1molx60
tradeItemId,1mq4jmu
tradeItemId,1mn3exk
tradeItemId,1mvtn3a
tradeItemId,1msrrs0
tradeItemId,1mv79ye
tradeItemId,1ml2giu
tradeItemId,1mmpi34
tradeItemId,1mvtx0y
tradeItemId,1mqky9w
tradeItemId,1mvg8bw
tradeItemId,1mwg4k0
tradeItemId,1mvnowo
tradeItemId,1mw787u
tradeItemId,1mubm2c
tradeItemId,1musai8
tradeItemId,1mre4uu
tradeItemId,1mvrh4k
tradeItemId,1mvtlb0
tradeItemId,1mvbkjw
tradeItemId,1mvccqk
tradeItemId,1mwc62q
tradeItemId,1mvi7zg
tradeItemId,1mvn66o
tradeItemId,1mupo6k
tradeItemId,1mvr7tu
tradeItemId,1ms986w
tradeItemId,1mvkc0c
tradeItemId,1mvqlwi
tradeItemId,1mvq0ik
tradeItemId,1mupb5w
tradeItemId,1mvdqgo
tradeItemId,1msj2ii
tradeItemId,1mvovl2
tradeItemId,1mvqx0s
tradeItemId,1mvbjo0
tradeItemId,1mtufuk
tradeItemId,1mvni00
tradeItemId,1mvnuwa
tradeItemId,1mvn5ow
tradeItemId,1mvgng0
tradeItemId,1mswzp6
tradeItemId,1mvrr9u
tradeItemId,1mvec8m
tradeItemId,1mvrdlu
tradeItemId,1mve054
tradeItemId,1mjxr80
tradeItemId,1mvc8ay
tradeItemId,1mvnd7a
tradeItemId,1mvayos
tradeItemId,1mtrnw8
tradeItemId,1k2rx8e
tradeItemId,1muvp3y
tradeItemId,1mvayfe
tradeItemId,1mvbezo
tradeItemId,1ms648s
tradeItemId,1m9qn5q
tradeItemId,1mdpex8
tradeItemId,1mvji84
tradeItemId,1mv8vh0
tradeItemId,1mve04m
tradeItemId,1mrlak6
tradeItemId,1mv6t0c
tradeItemId,1mv2who
tradeItemId,1mldk7m
tradeItemId,1mtnica
tradeItemId,1mv7xrw
tradeItemId,1mmpx9e
tradeItemId,1mtgeui
tradeItemId,1mquze2
tradeItemId,1mv9nla
tradeItemId,1mwbjo2
tradeItemId,1mtwhx4
tradeItemId,1ltigpw
tradeItemId,1mv28oc
tradeItemId,1mudt6m
tradeItemId,1mso84o
tradeItemId,1mswxhi
tradeItemId,1mum78i
tradeItemId,1mumgda
tradeItemId,1mkun3m
tradeItemId,1mviu9o
tradeItemId,1mnpxp6
tradeItemId,1lyb2pa
tradeItemId,1m7wcjm
tradeItemId,1mm765g
tradeItemId,1mmlbms
tradeItemId,1ms3fsi
tradeItemId,1mv9dv0
tradeItemId,1mdo8rw
tradeItemId,1mkg8cw
tradeItemId,1muzy72
tradeItemId,1mfulwe
tradeItemId,1ms8np6
tradeItemId,1mmc8xs
tradeItemId,1mjsalm
tradeItemId,1mv4n1q
tradeItemId,1loh0qk
tradeItemId,1mvraoq
tradeItemId,1kjr8lm
tradeItemId,1msugl6
tradeItemId,1mmgvz8
tradeItemId,1muiw6q
tradeItemId,1mtnzwy
tradeItemId,1mjywx6
tradeItemId,1mvagdu
tradeItemId,1mupx66
tradeItemId,1mtmdmo
tradeItemId,1mtks8y
tradeItemId,1mqhwbg
tradeItemId,1mstxzk
tradeItemId,1mr7ipk
tradeItemId,1msvz0y
tradeItemId,1mpzlni
tradeItemId,1mtbt14
tradeItemId,1mrnw76
tradeItemId,1ma4x62
tradeItemId,1mtg198
tradeItemId,1mv4yig
tradeItemId,1mimt8w
tradeItemId,1mv6mxa
tradeItemId,1mw8bbu
tradeItemId,1mkwop6
tradeItemId,1mdiin8
tradeItemId,1mvplw6
tradeItemId,1mvicb4
tradeItemId,1mvqb0u
tradeItemId,1mulh3y
tradeItemId,1mrdxve
tradeItemId,1k9digs
tradeItemId,1munqw0
tradeItemId,1mvoifo
tradeItemId,1mvpani
tradeItemId,1mdz5ky
tradeItemId,1mtlk02
tradeItemId,1mf2k10
tradeItemId,1mupvom
tradeItemId,1mth8je
tradeItemId,1mtyw5s
tradeItemId,1mmhaog
tradeItemId,1mlspw0
tradeItemId,1mwcv1i
tradeItemId,1mrt22e
tradeItemId,1mlqlc6
tradeItemId,1mrxbhq
tradeItemId,1mqid0c
tradeItemId,1mmk5ym
tradeItemId,1mubcko
tradeItemId,1mvdezk
tradeItemId,1mlg4nu
tradeItemId,1mer2j0
tradeItemId,1mt73hq
tradeItemId,1lts0qu
tradeItemId,1lulpy2
tradeItemId,1mu496e
tradeItemId,1mvn0l0
tradeItemId,1ml3bp2
tradeItemId,1mv7vty
tradeItemId,1msj6ge
tradeItemId,1mtksu8
tradeItemId,1mtnica
tradeItemId,1mvpcj6
tradeItemId,1mvlulw
tradeItemId,1mlkhok
tradeItemId,1m47j0a
tradeItemId,1mjuxlk
tradeItemId,1mwewkc
tradeItemId,1mtszkm
tradeItemId,1mqizdg
tradeItemId,1mukv3k
tradeItemId,1mvyu0k
tradeItemId,1munhyw
tradeItemId,1mljo0i
tradeItemId,1mlnaag
tradeItemId,1mp0784
tradeItemId,1mvxhro
tradeItemId,1mjm6bg
tradeItemId,1mswwyi
tradeItemId,1mu7cnw
tradeItemId,1m6wpim
tradeItemId,1mv4i3g
tradeItemId,1mldh70
tradeItemId,1mvgwua
tradeItemId,1mv054o
tradeItemId,1mvdv5c
tradeItemId,1mondc6
tradeItemId,1mpx94u
tradeItemId,1mvne7w
tradeItemId,1mvh906
tradeItemId,1mjopj2
tradeItemId,1mgfo8i
tradeItemId,1mhpt16
tradeItemId,1msm9kw
tradeItemId,1lzlqty
tradeItemId,1msfx0u
tradeItemId,1mva490
tradeItemId,1mwco1w
tradeItemId,1mjx4e8
tradeItemId,1mrbmim
tradeItemId,1mp8fzo
tradeItemId,1mbscsa
tradeItemId,1ms50i8
tradeItemId,1mmh9fs
tradeItemId,1mtpy5y
tradeItemId,1mvd7u2
tradeItemId,1mgkdju
tradeItemId,1807loo
tradeItemId,1mqu4j0
tradeItemId,1msf636
tradeItemId,1mv7jtm
tradeItemId,1k91gcs
tradeItemId,1mvukxo
tradeItemId,1mvmn4s
tradeItemId,1mg5gcg
tradeItemId,1mut454
tradeItemId,1mn20ai
tradeItemId,1mvbhay
tradeItemId,1mtt4ng
tradeItemId,1msq5go
tradeItemId,1lsoimo
tradeItemId,1mv4axw
tradeItemId,1mvsu88
tradeItemId,1mul2v0
tradeItemId,1mrk4jo
tradeItemId,1mtg848
tradeItemId,1mvny2i
tradeItemId,1mvvzb2
tradeItemId,1mv8btc
tradeItemId,1mvlj7g
tradeItemId,1mrs27w
tradeItemId,1mslvbq
tradeItemId,1mv7ip4
tradeItemId,1mmlfgo
tradeItemId,1mstngy
tradeItemId,1mvw566
tradeItemId,1mur636
tradeItemId,1m99vog
tradeItemId,1mufg5u
tradeItemId,1md2xzw
tradeItemId,1mizvjk
tradeItemId,1mqfzhy
tradeItemId,1mv3pvq
tradeItemId,1mvwjlu
tradeItemId,1mvrgoa
tradeItemId,1mw2j48
tradeItemId,1mpoo64
tradeItemId,1mdbeoo
tradeItemId,1mvpue6
tradeItemId,1mjiyec
tradeItemId,1mu14lw
tradeItemId,1muanvw
tradeItemId,1mv3qwg
tradeItemId,1mpteku
tradeItemId,1mv7tpm
tradeItemId,1mj8g76
tradeItemId,1mrz4ti
tradeItemId,1mjkpy8
tradeItemId,1ma4kfy
tradeItemId,1mvw3hu
tradeItemId,1ms7foe
tradeItemId,1mnxygq
tradeItemId,1mk5xvi
tradeItemId,1mun27c
tradeItemId,1mviwpc
tradeItemId,1mmm3g2
tradeItemId,1mspz9a
tradeItemId,1mr9yvm
tradeItemId,1mkhrbe
tradeItemId,1mv5gva
tradeItemId,1mt825i
tradeItemId,1muskgq
tradeItemId,1ma1fgs
tradeItemId,1msj6fu
tradeItemId,1muw9go
tradeItemId,1mrve7q
tradeItemId,1mmw8rc
tradeItemId,1mp6ugg
tradeItemId,1mp933y
tradeItemId,1mvwk2k
tradeItemId,1mudxn4
tradeItemId,1msmycg
tradeItemId,1ml0e82
tradeItemId,1mufb5w
tradeItemId,1mvkouo
tradeItemId,1mv489q
tradeItemId,1mv875k
tradeItemId,1mq3oq4
tradeItemId,1mkek1i
tradeItemId,1mvdnqs
tradeItemId,1ms7896
tradeItemId,1muemkg
tradeItemId,1msei48
tradeItemId,1mthzou
tradeItemId,1mtbzx6
tradeItemId,1mlm82k
tradeItemId,1mv0va4
tradeItemId,1mvsnq2
tradeItemId,1mtv9z0
tradeItemId,1mvt6lo
tradeItemId,1mvhfjg
tradeItemId,1mvg75e
tradeItemId,1mw3los
tradeItemId,1mrgq4w
tradeItemId,1m2qic8
tradeItemId,1mokrtu
tradeItemId,1msp30g
tradeItemId,1mwafle
tradeItemId,1mvbwsg
tradeItemId,1lsy280
tradeItemId,1mvd33s
tradeItemId,1mr15qo
tradeItemId,1mqmrq8
tradeItemId,1mv93qy
tradeItemId,1muhw9o
tradeItemId,1ms6p3c
tradeItemId,1muujdg
tradeItemId,1mb8eve
tradeItemId,1lsedku
tradeItemId,1muabb8
tradeItemId,1mec43g
tradeItemId,1mvko9k
tradeItemId,1lp0mf8
tradeItemId,1msfjti
tradeItemId,1mtb8xi
tradeItemId,1mur5fs
tradeItemId,1mvhrv0
tradeItemId,1mvcbsc
tradeItemId,1mvatck
tradeItemId,1mr9uuw
tradeItemId,1mvie2q
tradeItemId,1mu4o9g
tradeItemId,1muw7so
tradeItemId,1mo78hg
tradeItemId,1mvrl1g
tradeItemId,1mr078a
tradeItemId,1mvjheq
tradeItemId,1md2xww
tradeItemId,1mraqls
tradeItemId,1mvb6uy
tradeItemId,1mvemns
tradeItemId,1muqatu
tradeItemId,1mrzdve
tradeItemId,1mujup2
tradeItemId,1mvedlq
tradeItemId,1mv9wvo
tradeItemId,1mmrvu6
tradeItemId,1mix3im
tradeItemId,1mquj52
tradeItemId,1murlkk
tradeItemId,1mqx9ay
tradeItemId,1mvmcsy
tradeItemId,1mv7j1g
tradeItemId,1mue4a0
tradeItemId,1mvgijs
tradeItemId,1mvkj4e
tradeItemId,1mv6zug
tradeItemId,1mvcima
tradeItemId,1mqn3pi
tradeItemId,1ms4oo4
tradeItemId,1mcwan8
tradeItemId,1mvd1ns
tradeItemId,1msn9j8
tradeItemId,1mv79oe
tradeItemId,1mtws6a
tradeItemId,1mulnkw
tradeItemId,1mgft00
tradeItemId,1mqteue
tradeItemId,1mdyhpc
tradeItemId,1mv6pnu
tradeItemId,1mqppm4
tradeItemId,1mvqs8s
tradeItemId,1mvgca0
tradeItemId,1mvh9te
tradeItemId,1m6xoqc
tradeItemId,1mew52q
tradeItemId,1mrr11y
tradeItemId,1mvh8eg
tradeItemId,1mikhoo
tradeItemId,1mtqjca
tradeItemId,1mrf062
tradeItemId,1mrze0i
tradeItemId,1mw3k36
tradeItemId,1mslu8c
tradeItemId,1mtgghs
tradeItemId,1msw15m
tradeItemId,1mv6592
tradeItemId,1mun3c4
tradeItemId,1mvq3v0
tradeItemId,1mmg562
tradeItemId,1mjylyu
tradeItemId,1mixkgw
tradeItemId,1mvbup6
tradeItemId,1mvdfry
tradeItemId,1mm1hlk
tradeItemId,1mvpud2
tradeItemId,1mlis5s
tradeItemId,1mqrjja
tradeItemId,1megj8a
tradeItemId,1memrs2
tradeItemId,1mvp80q
tradeItemId,1mrvat0
tradeItemId,1mvrpku
tradeItemId,1ms7br0
tradeItemId,1mj1syy
tradeItemId,1mukfbi
tradeItemId,1mv7g10
tradeItemId,1mwbtbc
tradeItemId,1ml29xa
tradeItemId,1mvk7x0
tradeItemId,1mcphf4
tradeItemId,1mvqg2m
tradeItemId,1mvl4la
tradeItemId,1mh7zaa
tradeItemId,1m8et40
tradeItemId,1mkpigo
tradeItemId,1m9fu38
tradeItemId,1mvr5xe
tradeItemId,18q6sow
tradeItemId,1mr6ccs
tradeItemId,1m8fdco
tradeItemId,1mhiz7k
tradeItemId,1mvprie
tradeItemId,1msnxci
tradeItemId,1munds4
tradeItemId,1mk3g0y
tradeItemId,1mcxeoy
tradeItemId,1mq8s9a
tradeItemId,1mvdg5c
tradeItemId,1mu5tfg
tradeItemId,1mlaqsa
tradeItemId,1mqwyvm
tradeItemId,1mljs36
tradeItemId,1mgf4ti
tradeItemId,1k91gcs
tradeItemId,1mkxf8c
tradeItemId,1mmrvu6
tradeItemId,1mw3oc0
tradeItemId,1mvwcoq
tradeItemId,1mul76o
tradeItemId,1mrgq4w
tradeItemId,1mv4rpm
tradeItemId,1mps0na
tradeItemId,1mvltx6
tradeItemId,1msj6fu
tradeItemId,1mvnk1g
tradeItemId,1lne7zm
tradeItemId,1mvc21m
tradeItemId,1muwh56
tradeItemId,1mvi8bc
tradeItemId,1mjmrdm
tradeItemId,1ma08qs
tradeItemId,1mvx9zq
tradeItemId,1mddxoq
tradeItemId,1mvwi08
tradeItemId,1mvdaxq
tradeItemId,1mufh54
tradeItemId,1mv9nla
tradeItemId,1mvwji6
tradeItemId,1mn99wg
tradeItemId,1mvhh72
tradeItemId,1mvoyxc
tradeItemId,1kk49lu
tradeItemId,1mvdme2
tradeItemId,1mv25sa
tradeItemId,1muvxa6
tradeItemId,1mvifhi
tradeItemId,1mvelcs
tradeItemId,1ltny0u
tradeItemId,1mv7zl4
tradeItemId,1msmycg
tradeItemId,1mt8x0g
tradeItemId,1mauu5g
tradeItemId,1mvsmju
tradeItemId,1muk45w
tradeItemId,1mvzd0e
tradeItemId,1mvd2y4
tradeItemId,1mw3k0a
tradeItemId,1mvlurc
tradeItemId,1mt1284
tradeItemId,1mqweb4
tradeItemId,1mspt46
tradeItemId,1mq4pdm
tradeItemId,1mvjmdw
tradeItemId,1mhp88c
tradeItemId,1mri3z6
tradeItemId,1mvvygs
tradeItemId,1lvx10w
tradeItemId,1muvdz4
tradeItemId,1mvadq6
tradeItemId,1medelk
tradeItemId,1mqq52y
tradeItemId,1mvvzxq
tradeItemId,1mofd6w
tradeItemId,1mvjz7a
tradeItemId,1mps6jg
tradeItemId,1muvagc
tradeItemId,1md9c8g
tradeItemId,1mvgb2i
tradeItemId,1mvh2gs
tradeItemId,1mssmss
tradeItemId,1muxcms
tradeItemId,1mv8dog
tradeItemId,1mtwkdq
tradeItemId,1msi5wg
tradeItemId,1mvwtvi
tradeItemId,1mrpamo
tradeItemId,1mw8nmw
tradeItemId,1mqbogm
tradeItemId,1mvc73a
tradeItemId,1mso9w0
tradeItemId,1mv9dm4
tradeItemId,1mvc3po
tradeItemId,1mvwjvi
tradeItemId,1mueuwc
tradeItemId,1mvdeou
tradeItemId,1mvoyxc
tradeItemId,1mux55u
tradeItemId,1mo81r8
tradeItemId,1mvgxp0
tradeItemId,1mvcu8w
tradeItemId,1mvn2h4
tradeItemId,1mqll76
tradeItemId,1mvh2gs
tradeItemId,1mvg13m
tradeItemId,1muvt1i
tradeItemId,1lyq41e
tradeItemId,1mkzmog
tradeItemId,1mtv7c0
tradeItemId,1mvezna
tradeItemId,1mv5u04
tradeItemId,1mv77oc
tradeItemId,1muk8gy
tradeItemId,1muzzjw
tradeItemId,1koknq2
tradeItemId,1mefao4
tradeItemId,1mvf3f6
tradeItemId,1mn7150
tradeItemId,1muil78
tradeItemId,1mvo49a
tradeItemId,1mqbogm
tradeItemId,1m1b52c
tradeItemId,1mwhr10
tradeItemId,1mudaa4
tradeItemId,1mvshgy
tradeItemId,1mvjo9s
tradeItemId,1mvwowo
tradeItemId,1mvr9zu
tradeItemId,1mv59la
tradeItemId,1mu7e8e
tradeItemId,1mvyhnk
tradeItemId,1mu0g5k
tradeItemId,1mux21c
tradeItemId,1mvmfjy
tradeItemId,1muo9hi
tradeItemId,1mps6jg
tradeItemId,1mvlt3k
tradeItemId,1mvmm5q
tradeItemId,1mse8k2
tradeItemId,1mvwndy
tradeItemId,1mtueis
tradeItemId,1mvd2y4
tradeItemId,1mviluo
tradeItemId,1mvlurc
tradeItemId,1mvvqjy
tradeItemId,1mv11o8
tradeItemId,1mm3g6i
tradeItemId,1mvljwm
tradeItemId,1k1v7a6
tradeItemId,1mahqqg
tradeItemId,17nx8v0
tradeItemId,1mu5s9u
tradeItemId,1mu9cj2
tradeItemId,1mtutsc
tradeItemId,1mvvvhi
tradeItemId,1mvosps
tradeItemId,1mvugzc
tradeItemId,1mwagbi
tradeItemId,1mujufs
tradeItemId,1mu9uxk
tradeItemId,1mvm1c0
tradeItemId,1mvamd0
tradeItemId,1mvbddm
tradeItemId,1mtrpt4
tradeItemId,1mu12qc
tradeItemId,1mvee92
tradeItemId,1muof98
tradeItemId,1mulp9e
tradeItemId,1mv980m
tradeItemId,1mr3ojm
tradeItemId,1mu5x7u
tradeItemId,1mv2g4i
tradeItemId,1k4veek
tradeItemId,1mq8njo
tradeItemId,1mv72ok
tradeItemId,1mvdu46
tradeItemId,1mk8wh8
tradeItemId,1mr2kvk
tradeItemId,1mujufs
tradeItemId,1mvs68u
tradeItemId,1murq9w
tradeItemId,1msrfmy
tradeItemId,1m990um
tradeItemId,1mpxp14
tradeItemId,1mq3n3e
tradeItemId,1ms51b8
tradeItemId,1mdm2lk
tradeItemId,1mwbjfa
tradeItemId,1mqsq58
tradeItemId,1mv9oz4
tradeItemId,1mvq23y
tradeItemId,1mvx8xq
tradeItemId,1mjtahk
tradeItemId,1mvjoa6
tradeItemId,1msakog
tradeItemId,1muyxjm
tradeItemId,1mrlewi
tradeItemId,1mwdqca
tradeItemId,1mvhjrm
tradeItemId,1mjj8e8
tradeItemId,1mhbfa6
tradeItemId,1mkwmjq
tradeItemId,1mvcin4
tradeItemId,1mvc9kc
tradeItemId,1msop7q
tradeItemId,1mvhmvu
tradeItemId,1mbfdom
tradeItemId,1mtyyxi
tradeItemId,1mqmd1m
tradeItemId,1mmxlbg
tradeItemId,1lzbp22
tradeItemId,1mhjgn2
tradeItemId,1mjz0tk
tradeItemId,1mpxgj2
tradeItemId,1mvot5m
tradeItemId,1mob4sc
tradeItemId,1mvjer0
tradeItemId,1mvjegm
tradeItemId,1muvlqw
tradeItemId,1mvpw8o
tradeItemId,1mse9xm
tradeItemId,1mtax1a
tradeItemId,1mhjqjw
tradeItemId,1mvd1tw
tradeItemId,1mqchfi
tradeItemId,1mszpsm
tradeItemId,1mujok8
tradeItemId,1mrlt7o
tradeItemId,1mtba5o
tradeItemId,1mugd98
tradeItemId,1mv3rq6
tradeItemId,1mrp9a0
tradeItemId,1muqif6
tradeItemId,1muhhxg
tradeItemId,1mewtnc
tradeItemId,1mdjfcq
tradeItemId,1mvjo3y
tradeItemId,1mvw0m8
tradeItemId,1m7ipdc
tradeItemId,1mvjlsm
tradeItemId,1muh26g
tradeItemId,1mow4h8
tradeItemId,1mvh9o8
tradeItemId,1mu6gvk
tradeItemId,1mtv8dy
tradeItemId,1mvs82a
tradeItemId,1mq3n3e
tradeItemId,1mv28la
tradeItemId,1mvqh4k
tradeItemId,1mvq23y
tradeItemId,1mv25fu
tradeItemId,1mv24os
tradeItemId,1mr8w3s
tradeItemId,1mr6zgi
tradeItemId,1mvmqn6
tradeItemId,1mvjwi6
tradeItemId,1msar6w
tradeItemId,1mvs9o6
tradeItemId,1mqrpnm
tradeItemId,1mthdsc
tradeItemId,1m7trmw
tradeItemId,1mv7380
tradeItemId,1mvb59c
tradeItemId,1mv49y2
tradeItemId,1mvla2i
tradeItemId,1mjlhhs
tradeItemId,1murtlg
tradeItemId,1mw2i9a
tradeItemId,1mvpreq
tradeItemId,1muptbs
tradeItemId,1mv5w4e
tradeItemId,1mvhl7m
tradeItemId,1mvzi4y
tradeItemId,1mu0sku
tradeItemId,1mvmnjk
tradeItemId,1msw96e
tradeItemId,1mv5cjs
tradeItemId,1mrl9ry
tradeItemId,1mv9mza
tradeItemId,1muvlqw
tradeItemId,1mu8jty
tradeItemId,1mvl5rg
tradeItemId,1mk9f3w
tradeItemId,1mubj3c
tradeItemId,1muc15o
tradeItemId,1mqhv0e
tradeItemId,1mv6432
tradeItemId,180pazq
tradeItemId,1muelck
tradeItemId,1mezq4q
tradeItemId,1mr5rf2
tradeItemId,1mcqssy
tradeItemId,1mvwyf2
tradeItemId,1mkn9nu
tradeItemId,1kd9gxg
tradeItemId,1mvld5c
tradeItemId,1mv87uk
tradeItemId,1mv42zk
tradeItemId,1mv7to6
tradeItemId,1mvvo5i
tradeItemId,1mu2z6i
tradeItemId,1mujs8m
tradeItemId,1mk8wh8
tradeItemId,1mulkwk
tradeItemId,1mdzcru
tradeItemId,1ms2cro
tradeItemId,1mhrav2
tradeItemId,1mip36k
tradeItemId,1mv8oxu
tradeItemId,1muxm86
tradeItemId,1mvecfy
tradeItemId,1mqfwzy
tradeItemId,1mvd23q
tradeItemId,1mszs12
tradeItemId,1mvppss
tradeItemId,1mrz4gk
tradeItemId,1mvewqk
tradeItemId,1mswa6s
tradeItemId,1mjk79e
tradeItemId,1moqlbe
tradeItemId,1mv5z0a
tradeItemId,1msqdb2
tradeItemId,1mrsoim
tradeItemId,1mvqfv2
tradeItemId,1mvlpqc
tradeItemId,1mvnbj0
tradeItemId,1mtipa2
tradeItemId,1mw8v3g
tradeItemId,1mtvmsq
tradeItemId,1msqf8u
tradeItemId,1mu3ipg
tradeItemId,1mn3exk
tradeItemId,1mvl060
tradeItemId,1msblp2
tradeItemId,1mmvsak
tradeItemId,1mmpi34
tradeItemId,1mqky9w
tradeItemId,1mhmyxy
tradeItemId,1msrrs0
tradeItemId,1mvnowo
tradeItemId,1mq1zm4
tradeItemId,1mgzbsg
tradeItemId,1m5nscu
tradeItemId,1mq1xn4
tradeItemId,1mvsmla
tradeItemId,1mv79ye
tradeItemId,1mva7nk
tradeItemId,1mw2yq2
tradeItemId,1mutw1g
tradeItemId,1mvsgom
tradeItemId,1mvtlb0
tradeItemId,1mubm2c
tradeItemId,1mwbiqi
tradeItemId,1mvvid2
tradeItemId,1mvapt4
tradeItemId,1mvbkjw
tradeItemId,1mvg69y
tradeItemId,1mvwzn4
tradeItemId,1murwmu
tradeItemId,1mvrh4k
tradeItemId,1mvsg46
tradeItemId,1mv5w4e
tradeItemId,1mr6i0e
tradeItemId,1mvi7zg
tradeItemId,1mvn66o
tradeItemId,1lwoxdq
tradeItemId,1mve8p0
tradeItemId,1kmeh70
tradeItemId,1mvkc0c
tradeItemId,1mvq0ik
tradeItemId,1mlglyc
tradeItemId,1mvqlwi
tradeItemId,1mnt3x0
tradeItemId,1mvqx0s
tradeItemId,1muel14
tradeItemId,1mvovl2
tradeItemId,1msj2ii
tradeItemId,1mvq0hi
tradeItemId,1mvrr9u
tradeItemId,1mvcavq
tradeItemId,1mvgng0
tradeItemId,1mvn5ow
tradeItemId,1mumgda
tradeItemId,1mbxqsu
tradeItemId,1mve054
tradeItemId,1muq3rq
tradeItemId,1mvp27w
tradeItemId,1mv8sjc
tradeItemId,1ms648s
tradeItemId,1mvjg62
tradeItemId,1muvp3y
tradeItemId,1mvbezo
tradeItemId,1murafo
tradeItemId,1mth646
tradeItemId,1mv2who
tradeItemId,1mldk7m
tradeItemId,1kqj9xg
tradeItemId,1mvjidk
tradeItemId,1kird8m
tradeItemId,1m5zkd6
tradeItemId,1mquze2
tradeItemId,1ltigpw
tradeItemId,1mt6pl8
tradeItemId,1mmfpk0
tradeItemId,1mv28oc
tradeItemId,1mffu8k
tradeItemId,1mswxhi
tradeItemId,1msr3aw
tradeItemId,1m8q2ae
tradeItemId,1mudt6m
tradeItemId,1mumgda
tradeItemId,1mluhzq
tradeItemId,1mv2e98
tradeItemId,1ln8p3s
tradeItemId,1mnpxp6
tradeItemId,1mv9dv0
tradeItemId,1lyb2pa
tradeItemId,1mw9kn2
tradeItemId,1muveg8
tradeItemId,1mo8y8o
tradeItemId,1mtn33a
tradeItemId,1msnwos
tradeItemId,1mupyqu
tradeItemId,1mm765g
tradeItemId,1mlt3lo
tradeItemId,1mkg8cw
tradeItemId,1m7wcjm
tradeItemId,1mwa6tu
tradeItemId,1mrol1k
tradeItemId,1mnugn8
tradeItemId,1ms8np6
tradeItemId,1mr23b6
tradeItemId,1mfxgzo
tradeItemId,1mpv7z4
tradeItemId,1mm8wxo
tradeItemId,1mjsalm
tradeItemId,1m5la3a
tradeItemId,1mmju96
tradeItemId,1mtv6ma
tradeItemId,1mv895g
tradeItemId,1ms2ufc
tradeItemId,1mrh2jc
tradeItemId,1mva1o4
tradeItemId,1m8q5vs
tradeItemId,1mp5hem
tradeItemId,1mvraoq
tradeItemId,1muiw6q
tradeItemId,1mlp49m
tradeItemId,17nxnzu
tradeItemId,1mtnzwy
tradeItemId,1mvvznm
tradeItemId,1mtws52
tradeItemId,1mv9y5y
tradeItemId,1mjywx6
tradeItemId,1mtwf94
tradeItemId,1mtmdmo
tradeItemId,1mdqnz4
tradeItemId,1muwef4
tradeItemId,1kcg6pc
tradeItemId,1mpbrzk
tradeItemId,1mstxzk
tradeItemId,1mfm5oq
tradeItemId,1lpuzi4
tradeItemId,1mra99m
tradeItemId,1mpzlni
tradeItemId,1ml4e3q
tradeItemId,1mvagdu
tradeItemId,1mtz5my
tradeItemId,1mtlk02
tradeItemId,1mgm4by
tradeItemId,1mrao7s
tradeItemId,1munqw0
tradeItemId,1mvqhqy
tradeItemId,1m4ck42
tradeItemId,1mvpani
tradeItemId,1mmdap2
tradeItemId,1mdz5ky
tradeItemId,1mvx0cy
tradeItemId,1mhv9xi
tradeItemId,1mq4u1g
tradeItemId,1mlqwms
tradeItemId,1mf2k10
tradeItemId,1moguxq
tradeItemId,1mbfaq8
tradeItemId,1mu2sro
tradeItemId,1mu6pu2
tradeItemId,1mvk0dc
tradeItemId,1mvmmbq
tradeItemId,1mrjyms
tradeItemId,1mrap3o
tradeItemId,1meumvo
tradeItemId,1msu1re
tradeItemId,1mv5kx6
tradeItemId,1mc0cqy
tradeItemId,1mmt5ro
tradeItemId,1mjwgl6
tradeItemId,1mu0gdu
tradeItemId,1mldy2u
tradeItemId,1lty84e
tradeItemId,1mvmx56
tradeItemId,1mv4xbq
tradeItemId,1mhtox4
tradeItemId,1mv5cia
tradeItemId,1mju6pu
tradeItemId,1mtww6q
tradeItemId,1mk2tae
tradeItemId,1mk0juu
tradeItemId,1muujdg
tradeItemId,1mvaa22
tradeItemId,1msk7v4
tradeItemId,1mvd6dg
tradeItemId,1mow3jw
tradeItemId,1mvs9e0
tradeItemId,1mr0ik8
tradeItemId,1mkmlmk
tradeItemId,1mvwbaa
tradeItemId,1kcfugi
tradeItemId,1mv0ssq
tradeItemId,1mofeos
tradeItemId,1mti4ta
tradeItemId,1mr11zi
tradeItemId,1kcdh2s
tradeItemId,1mv3owu
tradeItemId,1m9gvq8
tradeItemId,1mi0rzg
tradeItemId,1msqtma
tradeItemId,1mtny1q
tradeItemId,1mq8wvi
tradeItemId,1muouxi
tradeItemId,1mroksw
tradeItemId,1mv69gk
tradeItemId,1khpww6
tradeItemId,1mvsahw
tradeItemId,1muj36w
tradeItemId,1mvw584
tradeItemId,1meltto
tradeItemId,1lrwugg
tradeItemId,1mpntrg
tradeItemId,1mtlpoy
tradeItemId,1mgnasm
tradeItemId,1mvym3a
tradeItemId,1mvjig6
tradeItemId,18p144s
tradeItemId,1mjigsu
tradeItemId,1mpcma4
tradeItemId,1mkogra
tradeItemId,1mv7smw
tradeItemId,1mvm6ry
tradeItemId,1mt064u
tradeItemId,1mvz4u0
tradeItemId,1mkc9gy
tradeItemId,1mmcku4
tradeItemId,1mnmcx0
tradeItemId,1mmwfha
tradeItemId,1mvpxng
tradeItemId,1msu3ro
tradeItemId,1m8irts
tradeItemId,1mqrko8
tradeItemId,1msidjk
tradeItemId,1mk4kdi
tradeItemId,1mugtki
tradeItemId,1mtr9m8
tradeItemId,1muhmp0
tradeItemId,1mttb2k
tradeItemId,1mv5vy2
tradeItemId,1msjj4w
tradeItemId,1ms8css
tradeItemId,1mpwpe6
tradeItemId,1mvd0ic
tradeItemId,1mu9roq
tradeItemId,1mv5mcm
tradeItemId,1mub11i
tradeItemId,1mrf11g
tradeItemId,1mvorbe
tradeItemId,1mvbvgw
tradeItemId,1mlu9v2
tradeItemId,1mrfgaa
tradeItemId,1mv5h12
tradeItemId,1mr1y8o
tradeItemId,1mvbeq8
tradeItemId,1mujyao
tradeItemId,1lvx10w
tradeItemId,1mmeyva
tradeItemId,1mvawcc
tradeItemId,1mti09c
tradeItemId,1mk3bzw
tradeItemId,1m8ccva
tradeItemId,1mvhcwo
tradeItemId,1kh61bk
tradeItemId,1msxu1y
tradeItemId,1mvjgdi
tradeItemId,1mvrd7s
tradeItemId,1mvn0tc
tradeItemId,1mkcpps
tradeItemId,1mhr7qs
tradeItemId,1ms9myw
tradeItemId,1mera9i
tradeItemId,1k2u440
tradeItemId,1mkgtxm
tradeItemId,1mtt4ng
tradeItemId,1mqkeu2
tradeItemId,1msy5h2
tradeItemId,1md9ct6
tradeItemId,1mrs27w
tradeItemId,1mgr7sq
tradeItemId,1mut454
tradeItemId,1mul2v0
tradeItemId,1mv4as2
tradeItemId,1msq5go
tradeItemId,1m9b0bu
tradeItemId,1mmrv0w
tradeItemId,1mv8btc
tradeItemId,1mvul22
tradeItemId,1mk4mc6
tradeItemId,1mvlj7g
tradeItemId,1mslvbq
tradeItemId,1mvny2i
tradeItemId,1mtgc82
tradeItemId,1mvqqac
tradeItemId,1mpntcm
tradeItemId,1msu1re
tradeItemId,1mmhm0m
tradeItemId,1mvjyyu
tradeItemId,1mv5vy2
tradeItemId,1mgr7sq
tradeItemId,1mvlj7g
tradeItemId,1mvkouo
tradeItemId,1mvk0qg
tradeItemId,1milcnk
tradeItemId,1m7cwuu
tradeItemId,1mulhh6
tradeItemId,1mmm3g2
tradeItemId,1mvl5ay
tradeItemId,1mvedlq
tradeItemId,1msjj4w
tradeItemId,1ml2ssq
tradeItemId,1muc4me
tradeItemId,1mrdysg
tradeItemId,1mizvjk
tradeItemId,1mtg848
tradeItemId,1me0nhi
tradeItemId,1msvz0y
tradeItemId,1mmk1i6
tradeItemId,1mjjgzy
tradeItemId,1lpq2xa
tradeItemId,1mlm9ns
tradeItemId,1mvdnqs
tradeItemId,1mv327i
tradeItemId,1mrgdf2
tradeItemId,1mgnasm
tradeItemId,1mub11i
tradeItemId,1mvguvy
tradeItemId,1mgk13m
tradeItemId,1mvbwsg
tradeItemId,1mfqfnm
tradeItemId,1mo2jdk
tradeItemId,1msxu1y
tradeItemId,1mvwimw
tradeItemId,1mv6snq
tradeItemId,1moax76
tradeItemId,1mrxiae
tradeItemId,1mp3ttq
tradeItemId,1mph1j6
tradeItemId,1mva94o
tradeItemId,1muouxi
tradeItemId,1mvwjlu
tradeItemId,1mvagdu
tradeItemId,180oeum
tradeItemId,1mspz9a
tradeItemId,1msj0lk
tradeItemId,1mvx91s
tradeItemId,1miimt0
tradeItemId,1mw3odk
tradeItemId,1mtr9m8
tradeItemId,1me1pvw
tradeItemId,1muhw9o
tradeItemId,1mrp5dw
tradeItemId,1muobok
tradeItemId,1mvb6uy
tradeItemId,1mv9ijq
tradeItemId,1mnz4la
tradeItemId,1mmmeqm
tradeItemId,1mvm7em
tradeItemId,1murlkk
tradeItemId,1mr15qo
tradeItemId,1mvx5rq
tradeItemId,1mpoo64
tradeItemId,1mvj9u4
tradeItemId,1mt5x2w
tradeItemId,1mpaam0
tradeItemId,1mrve7q
tradeItemId,1memcd2
tradeItemId,1malnhy
tradeItemId,1lsy280
tradeItemId,1mec43g
tradeItemId,1memcd2
tradeItemId,1mk131i
tradeItemId,1mv8wra
tradeItemId,1me1pvw
tradeItemId,1m9sfv2
tradeItemId,1mld00k
tradeItemId,1mv9wvo
tradeItemId,1mqbogm
tradeItemId,1mvg75e
tradeItemId,1mr9uuw
tradeItemId,1mk51k4
tradeItemId,1mkjciy
tradeItemId,1mvfndq
tradeItemId,1mpntcm
tradeItemId,1mo78hg
tradeItemId,1mu4o9g
tradeItemId,1mur5fs
tradeItemId,1mvqghs
tradeItemId,1mvb6uy
tradeItemId,1mvedlq
tradeItemId,1miy950
tradeItemId,1mvhrv0
tradeItemId,1mhemq8
tradeItemId,1msfjti
tradeItemId,1mvrl1g
tradeItemId,1muqatu
tradeItemId,1mu2c3m
tradeItemId,1muwzq6
tradeItemId,1mdtc66
tradeItemId,1murlkk
tradeItemId,1k3xxqy
tradeItemId,1mkh7c8
tradeItemId,1mu3hcg
tradeItemId,1mrteio
tradeItemId,1mvmcsy
tradeItemId,1mestaq
tradeItemId,1ms7896
tradeItemId,1mv5h0w
tradeItemId,1mvmk6y
tradeItemId,1mnp1e2
tradeItemId,1mcwan8
tradeItemId,1mvr3xs
tradeItemId,1mq498u
tradeItemId,1miimt0
tradeItemId,1muxgfa
tradeItemId,1k73aii
tradeItemId,1mvip2i
tradeItemId,1mt92na
tradeItemId,1m8kdw4
tradeItemId,1mv9ijq
tradeItemId,1moax76
tradeItemId,1mv25sa
tradeItemId,1lty84e
tradeItemId,1mv4o3k
tradeItemId,1mvwjr2
tradeItemId,1mtkt3k
tradeItemId,1mvjzsg
tradeItemId,1miz5ji
tradeItemId,1mvd1ns
tradeItemId,1muso74
tradeItemId,1mu5oj0
tradeItemId,1mokp3w
tradeItemId,1ml5fna
tradeItemId,1mv8ab0
tradeItemId,1mo3ydy
tradeItemId,1kddhiy
tradeItemId,1mv79l2
tradeItemId,1mrger4
tradeItemId,1mrvj0k
tradeItemId,18k6ao0
tradeItemId,1mvjr7i
tradeItemId,1mkf48s
tradeItemId,1musdb8
tradeItemId,1mvkxns
tradeItemId,1lmnu2w
tradeItemId,1mvrora
tradeItemId,1mvd67o
tradeItemId,1mug6t4
tradeItemId,1mvj43m
tradeItemId,1mvbw80
tradeItemId,1jxw9io
tradeItemId,1mdxfdu
tradeItemId,1mvhhj4
tradeItemId,1mlm9bc
tradeItemId,1mvclew
tradeItemId,1muc6qk
tradeItemId,1mvby3a
tradeItemId,1mufgho
tradeItemId,1mvh766
tradeItemId,1m7ukro
tradeItemId,1mvcbl0
tradeItemId,1munggk
tradeItemId,1msxfcw
tradeItemId,1mvduve
tradeItemId,1mv75c4
tradeItemId,1mv0mz8
tradeItemId,1mvlckm
tradeItemId,1mv42yk
tradeItemId,1mv5zqu
tradeItemId,1mqa8zi
tradeItemId,1mvb566
tradeItemId,1mv69n8
tradeItemId,1mwa1zc
tradeItemId,1mtbv3w
tradeItemId,1msglfg
tradeItemId,1mvcbuk
tradeItemId,1mi7iui
tradeItemId,1mk4v8i
tradeItemId,1mu9ksk
tradeItemId,1mvla54
tradeItemId,1mvbv5m
tradeItemId,1mvn74c
tradeItemId,1mrv4iu
tradeItemId,1mva02w
tradeItemId,1msc858
tradeItemId,1mv583m
tradeItemId,1muv8xy
tradeItemId,1mrdwpg
tradeItemId,1mvysc2
tradeItemId,1mvbt5k
tradeItemId,1mvjlnq
tradeItemId,1mv2k7q
tradeItemId,1mv2e84
tradeItemId,1mpjove
tradeItemId,1mc9x4y
tradeItemId,1msqbp4
tradeItemId,1mvg8jm
tradeItemId,1mvhf5a
tradeItemId,1mveq08
tradeItemId,1menyzi
tradeItemId,1moe20w
tradeItemId,1mv5kx6
tradeItemId,1mvc2mo
tradeItemId,1mvlmvg
tradeItemId,1mtwv7e
tradeItemId,1m62byo
tradeItemId,1ml11d0
tradeItemId,1mv320a
tradeItemId,1mvonue
tradeItemId,1mlxei6
tradeItemId,1mvyutw
tradeItemId,1mvqea0
tradeItemId,1mdift0
tradeItemId,1mpivdk
tradeItemId,1mre8rc
tradeItemId,1meds64
tradeItemId,1mrxdra
tradeItemId,1mqbcq4
tradeItemId,1mtvwlu
tradeItemId,1mvduve
tradeItemId,1mcdgfm
tradeItemId,1mvufyw
tradeItemId,1mt70hc
tradeItemId,1mspztu
tradeItemId,1mvi4vu
tradeItemId,1mk1ghk
tradeItemId,1msac9u
tradeItemId,1mvzl2q
tradeItemId,1ml2smg
tradeItemId,1mv7tgm
tradeItemId,1murw4k
tradeItemId,1mvubcq
tradeItemId,1mq8m88
tradeItemId,1murqug
tradeItemId,1mmv44e
tradeItemId,1mvzk1m
tradeItemId,1mqroy0
tradeItemId,1mw9zh2
tradeItemId,1mvgs86
tradeItemId,1mvza4q
tradeItemId,1mvi0ha
tradeItemId,1mvvmn0
tradeItemId,1mvgh68
tradeItemId,1mkmxlg
tradeItemId,1mlkeuc
tradeItemId,1mvsgau
tradeItemId,1mvymiy
tradeItemId,1804qyk
tradeItemId,1mj60bw
tradeItemId,1ms5jye
tradeItemId,1mvoazs
tradeItemId,1mqdi2u
tradeItemId,1ms80xw
tradeItemId,1mqw04s
tradeItemId,1mv7unk
tradeItemId,1mtxibk
tradeItemId,1mvjhge
tradeItemId,1mugxxq
tradeItemId,1mvc8aw
tradeItemId,1mvhffq
tradeItemId,1mdvuao
tradeItemId,1mtpn66
tradeItemId,1mvqh4a
tradeItemId,1mdw9ng
tradeItemId,1kbwnso
tradeItemId,1mvee2c
tradeItemId,1mvp6lc
tradeItemId,1mqiatg
tradeItemId,1muv8xy
tradeItemId,1m2pj8u
tradeItemId,1mu8qrg
tradeItemId,1mkudk4
tradeItemId,1msgofa
tradeItemId,1msb7xy
tradeItemId,1mv6l46
tradeItemId,1mtaxeo
tradeItemId,1mvpff4
tradeItemId,1mveb2s
tradeItemId,1meimbw
tradeItemId,1m8tea8
tradeItemId,1muj612
tradeItemId,1msd5wy
tradeItemId,1mvcd4a
tradeItemId,1mr05m0
tradeItemId,1mroln0
tradeItemId,1mnfpfq
tradeItemId,1mv80jg
tradeItemId,1mvyx7c
tradeItemId,1mvd61i
tradeItemId,1mvm9d8
tradeItemId,1mvyv90
tradeItemId,1mv369u
tradeItemId,1mux5zu
tradeItemId,1mqw04s
tradeItemId,1mdw9ng
tradeItemId,1msvjpg
tradeItemId,1mr6g64
tradeItemId,1mt6pe0
tradeItemId,1mup9mk
tradeItemId,1mdvuao
tradeItemId,1mv0ihw
tradeItemId,1mexsq4
tradeItemId,1mw9gx4
tradeItemId,1mcxd6k
tradeItemId,1mu06ki
tradeItemId,1mu3yey
tradeItemId,1mvlsxs
tradeItemId,1mrxx24
tradeItemId,1mur0t8
tradeItemId,1mv5lxa
tradeItemId,1mveciy
tradeItemId,1msgy9y
tradeItemId,1mqrqwk
tradeItemId,1mv5dpw
tradeItemId,1maa542
tradeItemId,1mirg4u
tradeItemId,1mv70r4
tradeItemId,1mvk1fe
tradeItemId,1mv7unk
tradeItemId,1mswrsu
tradeItemId,1m306j6
tradeItemId,1mm4xuq
tradeItemId,1mlajzk
tradeItemId,1mvpff4
tradeItemId,1mvjzac
tradeItemId,1mvofu2
tradeItemId,1mvwn2g
tradeItemId,1mmkif2
tradeItemId,1miw3ha
tradeItemId,1mvvjqm
tradeItemId,1mvnv4u
tradeItemId,1mvzk1m
tradeItemId,1mv3teg
tradeItemId,1msjsb8
tradeItemId,1kl38l8
tradeItemId,1mv5b94
tradeItemId,1ms6ig8
tradeItemId,1mrh1vw
tradeItemId,1mqkriy
tradeItemId,1mtc6ic
tradeItemId,1mvlhu8
tradeItemId,1mv77yo
tradeItemId,1mq5x74
tradeItemId,1mdxlje
tradeItemId,1mvye88
tradeItemId,1mv2v9u
tradeItemId,1mqblfm
tradeItemId,1mw9gii
tradeItemId,1mnfpfq
tradeItemId,1ms7r1e
tradeItemId,1mvoazs
tradeItemId,1mquu8m
tradeItemId,1mvjga6
tradeItemId,1mtxibk
tradeItemId,1mjyllm
tradeItemId,17lzrda
tradeItemId,1mlkps6
tradeItemId,1mr7g9w
tradeItemId,1mvd6ci
tradeItemId,1mupn3k
tradeItemId,1mv54c2
tradeItemId,1mvoqxg
tradeItemId,1mw30o0
tradeItemId,1mur538
tradeItemId,1mv4qnk
tradeItemId,1mvelrw
tradeItemId,1ml2pug
tradeItemId,1mn2bro
tradeItemId,1mtjiy2
tradeItemId,1mrnts2
tradeItemId,1mj60bw
tradeItemId,1mvyh7c
tradeItemId,1mvkkm6
tradeItemId,1lpfvlg
tradeItemId,1mr9dmi
tradeItemId,1mu4o9c
tradeItemId,1mvcedo
tradeItemId,1muzy0m
tradeItemId,1msphk0
tradeItemId,1mref26
tradeItemId,1ms7r1e
tradeItemId,1msb7xy
tradeItemId,1mwa4yg
tradeItemId,1mv4vn2
tradeItemId,1mvomdi
tradeItemId,1mpyyjy
tradeItemId,1msfhcs
tradeItemId,1mebxjq
tradeItemId,1mvb4xo
tradeItemId,1mv0fsy
tradeItemId,1mv5zc4
tradeItemId,1mvd382
tradeItemId,1mumduk
tradeItemId,1ms99dg
tradeItemId,1mtxibk
tradeItemId,1mqdpay
tradeItemId,1mv22hq
tradeItemId,1mrv9z4
tradeItemId,1mtc6ic
tradeItemId,1mva18u
tradeItemId,1mve694
tradeItemId,1mvaj9s
tradeItemId,1mfoe3q
tradeItemId,1mvxaf6
tradeItemId,1msc6ou
tradeItemId,1mvpqm6
tradeItemId,1mue3ku
tradeItemId,1mw51g0
tradeItemId,1mvj0ek
tradeItemId,1mvsxee
tradeItemId,1mvux1s
tradeItemId,1mvfiq6
tradeItemId,1mqnd0i
tradeItemId,1muxla8
tradeItemId,1mvh42e
tradeItemId,1mvo3ny
tradeItemId,1mvbc4m
tradeItemId,1lsuq8i
tradeItemId,1mvof0y
tradeItemId,1msut7q
tradeItemId,1mt3x9o
tradeItemId,1mw2jfk
tradeItemId,1mvj9qu
tradeItemId,1mqnld4
tradeItemId,1mw2ras
tradeItemId,1mraaog
tradeItemId,1mumy0g
tradeItemId,1mlcf0y
tradeItemId,1mvymiy
tradeItemId,1mjuduw
tradeItemId,1mv9zq0
tradeItemId,1msdfrq
tradeItemId,1mvnzn6
tradeItemId,1mvgk6s
tradeItemId,1mv4zpm
tradeItemId,1mvthww
tradeItemId,1mt5uwu
tradeItemId,1mkk15y
tradeItemId,1mtpg3a
tradeItemId,1msbtq0
tradeItemId,1mqje1k
tradeItemId,1mvcxdk
tradeItemId,1mulqvw
tradeItemId,1mligps
tradeItemId,1mvnueu
tradeItemId,1mvca7o
tradeItemId,1mrbz5u
tradeItemId,1mtoeh6
tradeItemId,1mvalqo
tradeItemId,1mtpn9g
tradeItemId,1mu6ch8
tradeItemId,1mvqp1e
tradeItemId,1mw9880
tradeItemId,1mvwc1a
tradeItemId,1mtuk2g
tradeItemId,1mv9wb0
tradeItemId,1mug2rk
tradeItemId,1mt6pk0
tradeItemId,1msu3t4
tradeItemId,1ms8lkq
tradeItemId,1mvm6ec
tradeItemId,1muq2i0
tradeItemId,1mdqhqk
tradeItemId,1msavlw
tradeItemId,1mvxbik
tradeItemId,1mhbr1y
tradeItemId,1msb0nq
tradeItemId,1mvw3l0
tradeItemId,1mv2u32
tradeItemId,1mvt9l6
tradeItemId,1munjpo
tradeItemId,1mvt3ng
tradeItemId,1mpz2qm
tradeItemId,1lyy1pa
tradeItemId,1mjdzoa
tradeItemId,1mv0gmg
tradeItemId,1mkjysg
tradeItemId,1mv37h0
tradeItemId,1mmsd2y
tradeItemId,1mtxkey
tradeItemId,1mscoqc
tradeItemId,1mvig5y
tradeItemId,1mpdrda
tradeItemId,1mr6cai
tradeItemId,1msdwd0
tradeItemId,1mvaiky
tradeItemId,1mqlmg0
tradeItemId,1mvtkx2
tradeItemId,1mvvn4k
tradeItemId,1mhj904
tradeItemId,1mvdx06
tradeItemId,1mvlnro
tradeItemId,1mw32a6
tradeItemId,1mldwvq
tradeItemId,1mvobko
tradeItemId,1mtrpro
tradeItemId,1mvoncg
tradeItemId,1mqb40g
tradeItemId,1mulhh6
tradeItemId,1mvpogw
tradeItemId,1mvd354
tradeItemId,1mvhq8y
tradeItemId,1mwc5pu
tradeItemId,1mvolrg
tradeItemId,1mviqek
tradeItemId,1ml2ssq
tradeItemId,1mvguvy
tradeItemId,180cagq
tradeItemId,1mvhg52
tradeItemId,1mvdflq
tradeItemId,1mvx91s
tradeItemId,1mv9s3g
tradeItemId,1mw8yiq
tradeItemId,1mlncnm
tradeItemId,1mvqoxm
tradeItemId,1mv1dik
tradeItemId,1mvi4rs
tradeItemId,1mpbvao
tradeItemId,1lwhlms
tradeItemId,1mv6t0c
tradeItemId,1muld7s
tradeItemId,1mjwxm2
tradeItemId,1mw8ywu
tradeItemId,1mtgeui
tradeItemId,1mmpx9e
tradeItemId,1mtwmq6
tradeItemId,1mv82ma
tradeItemId,1mviljw
tradeItemId,1mkun3m
tradeItemId,1mp2ytw
tradeItemId,1mum78i
tradeItemId,1kn6su6
tradeItemId,1mv0feu
tradeItemId,1ma1fgs
tradeItemId,1mvky1w
tradeItemId,1mfbfp0
tradeItemId,1me93co
tradeItemId,1mwb0ik
tradeItemId,1mdo8rw
tradeItemId,1mtmf8w
tradeItemId,1mfulwe
tradeItemId,1mkd1p4
tradeItemId,1mwacuc
tradeItemId,1mrrtz4
tradeItemId,1mmc8xs
tradeItemId,1mtz8l2
tradeItemId,1mtl96m
tradeItemId,1msg9vo
tradeItemId,1loh0qk
tradeItemId,1mfxgzo
tradeItemId,1kjr8lm
tradeItemId,1m7jm2y
tradeItemId,1mqjdvc
tradeItemId,1mtks8y
tradeItemId,1msugl6
tradeItemId,1mqhwbg
tradeItemId,1mpd16a
tradeItemId,1mqext0
tradeItemId,1mizvds
tradeItemId,1mvzeq8
tradeItemId,1mrnw76
tradeItemId,1mimt8w
tradeItemId,1mvaac8
tradeItemId,1mvrpwc
tradeItemId,1mhxs9i
tradeItemId,1mc7ocq
tradeItemId,1mv6iwc
tradeItemId,1m8xijq
tradeItemId,1mulh3y
tradeItemId,1moawe4
tradeItemId,1mrdxve
tradeItemId,1mec9za
tradeItemId,1mvfv8g
tradeItemId,1mvicb4
tradeItemId,1mvkyou
tradeItemId,1moptqc
tradeItemId,1mv65g0
tradeItemId,1mmdq9s
tradeItemId,1mer6um
tradeItemId,1m83qs4
tradeItemId,1m2sti6
tradeItemId,1mkheim
tradeItemId,1mvh7uc
tradeItemId,1mggox0
tradeItemId,1msn07q
tradeItemId,1mvqusc
tradeItemId,1mpxpqo
tradeItemId,1mvicqm
tradeItemId,1ml7eqa
tradeItemId,1mraray
tradeItemId,1m9qprw
tradeItemId,1mecbqi
tradeItemId,1mwcpaa
tradeItemId,1mkjpq2
tradeItemId,1mv6z5q
tradeItemId,1mjjm7a
tradeItemId,1merhzs
tradeItemId,18fl4y4
tradeItemId,1mkzi64
tradeItemId,1mvoigo
tradeItemId,1m98e2s
tradeItemId,1mejlw4
tradeItemId,1mrkv8m
tradeItemId,1m8nf0q
tradeItemId,1mlr78q
tradeItemId,1mtstde
tradeItemId,1mv4s6c
tradeItemId,1msre92
tradeItemId,1msryh4
tradeItemId,1mum950
tradeItemId,1med8hk
tradeItemId,1mjpfw4
tradeItemId,1mn20zw
tradeItemId,1m7xuli
tradeItemId,1m3jl20
tradeItemId,1mvtx5k
tradeItemId,180stnk
tradeItemId,1mnq3yu
tradeItemId,1mvgv5w
tradeItemId,1mfn3cy
tradeItemId,1mdpgpw
tradeItemId,1midbsc
tradeItemId,1mrsr3e
tradeItemId,1muu06w
tradeItemId,1mpryd8
tradeItemId,1msbxdg
tradeItemId,1mffvs0
tradeItemId,1mue88s
tradeItemId,1muayp6
tradeItemId,1mkwwn4
tradeItemId,1mc523i
tradeItemId,1muv6ka
tradeItemId,1mpuepc
tradeItemId,1mjpeui
tradeItemId,1md9ct6
tradeItemId,1mps0u4
tradeItemId,1mumms6
tradeItemId,1mtwgns
tradeItemId,1kcma7m
tradeItemId,1mulqim
tradeItemId,1mlqzz0
tradeItemId,1mfwiwo
tradeItemId,1muw68g
tradeItemId,1mvaj0g
tradeItemId,1lm4ix6
tradeItemId,1mrqihy
tradeItemId,1m4ygpo
tradeItemId,1mvdm3m
tradeItemId,1mvr03k
tradeItemId,1mqkl62
tradeItemId,1mvc1u2
tradeItemId,1mvruhw
tradeItemId,1mvn656
tradeItemId,1mvt7py
tradeItemId,1mvd8tm
tradeItemId,1mml98g
tradeItemId,1mv0uje
tradeItemId,1mw5cr0
tradeItemId,1mgc40m
tradeItemId,1mk6hyg
tradeItemId,1mln8ja
tradeItemId,1mu11xi
tradeItemId,1mvpgp2
tradeItemId,1mjfe96
tradeItemId,1mtvg0g
tradeItemId,1mk987o
tradeItemId,1mpxd0y
tradeItemId,1mny6ge
tradeItemId,1mvroc4
tradeItemId,1mosujk
tradeItemId,1lwwv82
tradeItemId,1mhzi38
tradeItemId,1mny6ge
tradeItemId,1mrkj4o
tradeItemId,1mrjcq4
tradeItemId,1mvn4rw
tradeItemId,1mr4aoc
tradeItemId,1mug6ka
tradeItemId,1mqtkc4
tradeItemId,1mvc85g
tradeItemId,1mmafpa
tradeItemId,1mvyue0
tradeItemId,1mv6vnu
tradeItemId,1mu65pg
tradeItemId,1mohbpm
tradeItemId,1mqv8q4
tradeItemId,1mvz4ug
tradeItemId,1mw2v8u
tradeItemId,1mvlvk2
tradeItemId,1mv228s
tradeItemId,1mvrcau
tradeItemId,1mjmmvo
tradeItemId,1mq9738
tradeItemId,1mve6mg
tradeItemId,1mlret6
tradeItemId,1ma4wbq
tradeItemId,1mjf85o
tradeItemId,1mvs0z0
tradeItemId,1mmubc8
tradeItemId,1mvatsq
tradeItemId,1mdozhq
tradeItemId,1mvphz4
tradeItemId,1mw8u90
tradeItemId,1mkhdqq
tradeItemId,1msbi4c
tradeItemId,1mte7qe
tradeItemId,1mvr45k
tradeItemId,1msncpc
tradeItemId,1mrrh3s
tradeItemId,1mvbz7m
tradeItemId,1mshirk
tradeItemId,1mph22o
tradeItemId,1mkv1g6
tradeItemId,1msimzm
tradeItemId,1msar0q
tradeItemId,1mvwwbg
tradeItemId,1mvroau
tradeItemId,1mvebdw
tradeItemId,1msvdvs
tradeItemId,1mlft14
tradeItemId,1mpmrsk
tradeItemId,1msnww8
tradeItemId,1mv2pyo
tradeItemId,1ms9zrk
tradeItemId,1mm6d5s
tradeItemId,1msbad0
tradeItemId,1mulhxg
tradeItemId,1mvbxxi
tradeItemId,1mszbbi
tradeItemId,1mvjpcy
tradeItemId,1mkxisu
tradeItemId,1mupajq
tradeItemId,1mvrwcu
tradeItemId,1mvsflu
tradeItemId,1m8khz6
tradeItemId,1mvh0ho
tradeItemId,1mverd6
tradeItemId,1mrffk6
tradeItemId,1kjlal4
tradeItemId,1mvlyuo
tradeItemId,1mauir8
tradeItemId,1ms1vo6
tradeItemId,1muuo3u
tradeItemId,1mqii3s
tradeItemId,1mljul2
tradeItemId,1mgna4q
tradeItemId,1m7zgae
tradeItemId,1mn4iqa
tradeItemId,1moo2ma
tradeItemId,1mk76q6
tradeItemId,1mtvg0g
tradeItemId,1mkf67c
tradeItemId,1mkyw7q
tradeItemId,1mufb5w
tradeItemId,1mvko9k
tradeItemId,1mtv9z0
tradeItemId,1mv4axw
tradeItemId,1mobwh8
tradeItemId,1mraqls
tradeItemId,1mv0va4
tradeItemId,1mv6up2
tradeItemId,1mv0uje
tradeItemId,1kii7e8
tradeItemId,1mvie2q
tradeItemId,1mk8fva
tradeItemId,1ma71b8
tradeItemId,1msj6fu
tradeItemId,1mw74c4
tradeItemId,1lymq5k
tradeItemId,1mv5gva
tradeItemId,1mk99b8
tradeItemId,1m89jci
tradeItemId,1mpd8fy
tradeItemId,1mw2x1c
tradeItemId,1mstngy
tradeItemId,1mub8ic
tradeItemId,1kobvfu
tradeItemId,1mvz7kw
tradeItemId,1mmw8rc
tradeItemId,1mk70mm
tradeItemId,1mk74ss
tradeItemId,1mtkdqm
tradeItemId,1mfpe38
tradeItemId,1mvemns
tradeItemId,1mkfoao
tradeItemId,1mr8b16
tradeItemId,1m95aio
tradeItemId,1mvdqfo
tradeItemId,1mpqnsm
tradeItemId,1mvgijs
tradeItemId,1mn7sk8
tradeItemId,1mpxpxg
tradeItemId,1m9lpna
tradeItemId,1mk25ta
tradeItemId,1mtrsj0
tradeItemId,1mex9fu
tradeItemId,1muujdg
tradeItemId,1mvehbm
tradeItemId,1msbg26
tradeItemId,1lof1xi
tradeItemId,1mvkj4e
tradeItemId,1mp4zf4
tradeItemId,1mv0gg4
tradeItemId,1lqx74s
tradeItemId,1mvx1ia
tradeItemId,1mvjheq
tradeItemId,1ltny0u
tradeItemId,1mrjr5g
tradeItemId,1mveetq
tradeItemId,1mszdr2
tradeItemId,1mtb8xi
tradeItemId,1mvodwg
tradeItemId,1mqvlvw
tradeItemId,1mvnwkm
tradeItemId,1mvnz9g
tradeItemId,1kcg3es
tradeItemId,1mhpnxm
tradeItemId,1msmuzo
tradeItemId,1mva682
tradeItemId,1mv5nak
tradeItemId,1mv9qzy
tradeItemId,1mur29s
tradeItemId,1mvhg5e
tradeItemId,1mul76o
tradeItemId,1mvt5my
tradeItemId,1mr8b16
tradeItemId,1mpqnsm
tradeItemId,1mi67po
tradeItemId,1mp4zf4
tradeItemId,1mvwau2
tradeItemId,1mv4n5o
tradeItemId,1mvwfv0
tradeItemId,1mveao4
tradeItemId,1mpxpxg
tradeItemId,1mubf5w
tradeItemId,1mv897s
tradeItemId,1mekr22
tradeItemId,1mq50zu
tradeItemId,1mverem
tradeItemId,1mvbcts
tradeItemId,1mm73r4
tradeItemId,1mrpamo
tradeItemId,1mvstl8
tradeItemId,1mhpnxm
tradeItemId,1mqii3s
tradeItemId,1ml1q94
tradeItemId,1mq53oo
tradeItemId,1mt5na6
tradeItemId,1mod4li
tradeItemId,1mupw5g
tradeItemId,1mfug8m
tradeItemId,1mv5eqw
tradeItemId,1meue8g
tradeItemId,1mjnfr2
tradeItemId,1mvjxra
tradeItemId,1mtb9ea
tradeItemId,1m761ic
tradeItemId,1mvo4yy
tradeItemId,1mp5jrm
tradeItemId,1mupruq
tradeItemId,1mt436g
tradeItemId,1mqg2qw
tradeItemId,1mv7r9c
tradeItemId,1mufh54
tradeItemId,1mp7d8m
tradeItemId,1mv6k8w
tradeItemId,1mu42h6
tradeItemId,1mw882e
tradeItemId,1mayuss
tradeItemId,1mvqwo8
tradeItemId,1mv4s4k
tradeItemId,1mrpnf6
tradeItemId,1muwey6
tradeItemId,1msd7ws
tradeItemId,1mv4rpm
tradeItemId,1mv4cs2
tradeItemId,1mvis54
tradeItemId,1msm4mc
tradeItemId,1msdrpa
tradeItemId,1lqevus
tradeItemId,1lub814
tradeItemId,1mghels
tradeItemId,1muwfgc
tradeItemId,1mvoizo
tradeItemId,1mkfoao
tradeItemId,1mvjx7c
tradeItemId,1mvk08g
tradeItemId,1mvzn9u
tradeItemId,1mqj6vk
tradeItemId,1mkdosu
tradeItemId,1mkrkyo
tradeItemId,1mvw05i
tradeItemId,1mo82su
tradeItemId,1mvnk1g
tradeItemId,1m761ic
tradeItemId,1mvcrky
tradeItemId,1mrx8gy
tradeItemId,1mvloee
tradeItemId,1mvs27s
tradeItemId,1mvm530
tradeItemId,1mvh86w
tradeItemId,1mtwmq6
tradeItemId,1mr5yay
tradeItemId,1mt436g
tradeItemId,1mtt38e
tradeItemId,1mvprsu
tradeItemId,1mtv0fg
tradeItemId,1mbm866
tradeItemId,1mvzf7o
tradeItemId,1mqj8am
tradeItemId,1mul76o
tradeItemId,1mvj7ss
tradeItemId,1mvdwai
tradeItemId,1lrnk4y
tradeItemId,1mt8x0g
tradeItemId,1mvoq0c
tradeItemId,1mvsmju
tradeItemId,1mvcefe
tradeItemId,1mri3z6
tradeItemId,1msmnp4
tradeItemId,1mofd6w
tradeItemId,1mv4rpm
tradeItemId,1m1b52c
tradeItemId,1mo6nlw
tradeItemId,1mew8nk
tradeItemId,1mvotrk
tradeItemId,1mvikzm
tradeItemId,1mvwiz8
tradeItemId,1mvrjzu
tradeItemId,1mucjf4
tradeItemId,1m1xkgm
tradeItemId,1mvwcoq
tradeItemId,1mdbp2i
tradeItemId,1mviema
tradeItemId,1mu5yxi
tradeItemId,1mvwtvi
tradeItemId,1mvomwm
tradeItemId,1mvbtso
tradeItemId,1ms5v1k
tradeItemId,1msk2x6
tradeItemId,1mvjxhc
tradeItemId,1m8g6zu
tradeItemId,1mr7f4a
tradeItemId,1msod36
tradeItemId,1mo81r8
tradeItemId,1mvdaxq
tradeItemId,1mvytwq
tradeItemId,1mrlmo8
tradeItemId,1lps6ek
tradeItemId,1ms3joa
tradeItemId,1mqujr6
tradeItemId,1mvcew0
tradeItemId,1mvj5wc
tradeItemId,1muvagc
tradeItemId,1mu2wpe
tradeItemId,1msluve
tradeItemId,1mllxz0
tradeItemId,1mseerg
tradeItemId,1mvnvzq
tradeItemId,1mpmulg
tradeItemId,1mps6jg
tradeItemId,1mt1jdu
tradeItemId,1m9csto
tradeItemId,1mvoyxc
tradeItemId,1mvwjvi
tradeItemId,1mvdeou
tradeItemId,1mvrsia
tradeItemId,1mv27uu
tradeItemId,1mqwise
tradeItemId,1msgxrg
tradeItemId,1mo3ysu
tradeItemId,1mvrsia
tradeItemId,1mvq6y2
tradeItemId,1mvh56c
tradeItemId,1mlfchw
tradeItemId,1mq5vro
tradeItemId,1mvyxc6
tradeItemId,1mvc3t8
tradeItemId,1mvnf50
tradeItemId,1mjjxau
tradeItemId,1mvr8um
tradeItemId,1mug668
tradeItemId,1ms21w0
tradeItemId,1mszwhw
tradeItemId,1msc8p0
tradeItemId,1mrrzam
tradeItemId,1mr36ak
tradeItemId,1mrcff6
tradeItemId,1mes2j6
tradeItemId,1mst1lc
tradeItemId,1mk0hh0
tradeItemId,1mwa7ps
tradeItemId,1mufpu4
tradeItemId,1mvhh7g
tradeItemId,1mvyomk
tradeItemId,1mtgs08
tradeItemId,1mo8106
tradeItemId,1mvgrlc
tradeItemId,1muw8m4
tradeItemId,1kq57ma
tradeItemId,1m6hx3e
tradeItemId,1mvm6e8
tradeItemId,1mvpuxu
tradeItemId,1mv3v62
tradeItemId,1mvr2xy
tradeItemId,1mw36te
tradeItemId,1mv8g8q
tradeItemId,1mlf8dw
tradeItemId,1mvn3ig
tradeItemId,1msbyuu
tradeItemId,1mv8qe2
tradeItemId,1mlakqu
tradeItemId,1mqtm6a
tradeItemId,1mvzaks
tradeItemId,1ms4j64
tradeItemId,1mv9hwe
tradeItemId,1mt5njs
tradeItemId,1mmneei
tradeItemId,1mvger8
tradeItemId,1mdpl5i
tradeItemId,1mvf9o0
tradeItemId,1m77uho
tradeItemId,1mtymkw
tradeItemId,1mv10bi
tradeItemId,1mvq4f8
tradeItemId,1mgrup8
tradeItemId,1mvqcwy
tradeItemId,1mogrqs
tradeItemId,1mvbmuu
tradeItemId,1mi4ce4
tradeItemId,1mseroa
tradeItemId,1mvvm2e
tradeItemId,1mi7l92
tradeItemId,1mvqc3q
tradeItemId,1mjkmue
tradeItemId,1m12wno
tradeItemId,1mq4lp0
tradeItemId,1mkpom8
tradeItemId,1mv65vw
tradeItemId,1mth80e
tradeItemId,1mvejdw
tradeItemId,1mw43h8
tradeItemId,1mvd8nu
tradeItemId,1murq9w
tradeItemId,1mtnauq
tradeItemId,1ms51b8
tradeItemId,1mt8vy8
tradeItemId,1me1aeo
tradeItemId,1mite5q
tradeItemId,1mnz6hs
tradeItemId,1mfda2i
tradeItemId,1mw9q44
tradeItemId,1msrfmy
tradeItemId,1mkdjzu
tradeItemId,1mvs68u
tradeItemId,1mtc9ao
tradeItemId,1mnle9o
tradeItemId,1mvsmss
tradeItemId,1kgpyb8
tradeItemId,1mpxp14
tradeItemId,1mvz5hs
tradeItemId,1mtroi0
tradeItemId,1mvdu46
tradeItemId,1mvhjrm
tradeItemId,1mvc9kc
tradeItemId,1mv8lms
tradeItemId,1mrg0sg
tradeItemId,1mvx8xq
tradeItemId,1mvs8we
tradeItemId,1mrlewi
tradeItemId,1mhbfa6
tradeItemId,1mvyacq
tradeItemId,1mvaxxw
tradeItemId,1mvjoa6
tradeItemId,1mv6s5y
tradeItemId,1mvyj3k
tradeItemId,1kbumo2
tradeItemId,1mfhgcs
tradeItemId,1mpxgj2
tradeItemId,1mvhmvu
tradeItemId,1mv3rq6
tradeItemId,1mwb6bo
tradeItemId,1mvtiu8
tradeItemId,1mu9veq
tradeItemId,1mmxlbg
tradeItemId,1mqf30c
tradeItemId,1mwcmn6
tradeItemId,1mvcooa
tradeItemId,1mupphw
tradeItemId,1mvot5m
tradeItemId,1mv0ihw
tradeItemId,1mwex7g
tradeItemId,1mvt13m
tradeItemId,1mob4sc
tradeItemId,1mdwyte
tradeItemId,1mugd98
tradeItemId,1msm89e
tradeItemId,1mtax1a
tradeItemId,1midexo
tradeItemId,1mse9xm
tradeItemId,1m7ipdc
tradeItemId,1mw2olm
tradeItemId,1mhqz0w
tradeItemId,1mvqqay
tradeItemId,1mvd1tw
tradeItemId,1mszpsm
tradeItemId,1mlezda
tradeItemId,1muwiyo
tradeItemId,1mvofu2
tradeItemId,1muh26g
tradeItemId,1mvjlsm
tradeItemId,1mszo6q
tradeItemId,1msx4d0
tradeItemId,1mvik9k
tradeItemId,1mv7fqw
tradeItemId,1mmflb0
tradeItemId,1k2pb82
tradeItemId,1mvhsiw
tradeItemId,1m8gb8k
tradeItemId,1mvw76w
tradeItemId,1mt5yzc
tradeItemId,1mnyzyi
tradeItemId,1mtywni
tradeItemId,1k9xams
tradeItemId,1mugk1q
tradeItemId,1mu19vy
tradeItemId,1mr8w4y
tradeItemId,1mvhuok
tradeItemId,1mvbs7q
tradeItemId,1mv5uwe
tradeItemId,1mi2d6g
tradeItemId,1mc2bgy
tradeItemId,1mjj8e8
tradeItemId,1mtfgck
tradeItemId,1mrhq1y
tradeItemId,1mvc5nu
tradeItemId,1mvz738
tradeItemId,1mtiw9i
tradeItemId,1mvyfi4
tradeItemId,1mp0e5s
tradeItemId,1mvp89g
tradeItemId,1miyw7y
tradeItemId,1msnwgc
tradeItemId,1mvhjx6
tradeItemId,1lxxl6g
tradeItemId,1mv50v8
tradeItemId,1mvrw2m
tradeItemId,1mvrm0y
tradeItemId,1mk882g
tradeItemId,1mvb9ug
tradeItemId,1mvstrk
tradeItemId,1mk2v24
tradeItemId,1msj3yw
tradeItemId,1mvwffo
tradeItemId,1mvxlca
tradeItemId,1mvwd1c
tradeItemId,1mj8gok
tradeItemId,1mvjf32
tradeItemId,1mvn0y8
tradeItemId,1lpfvlg
tradeItemId,1mubm0i
tradeItemId,1k3m1kw
tradeItemId,1mv6xes
tradeItemId,1mti51y
tradeItemId,1mvi644
tradeItemId,1mv5zc4
tradeItemId,1mq5nt0
tradeItemId,1murne6
tradeItemId,1mve4fm
tradeItemId,1mrm24w
tradeItemId,1mvugsq
tradeItemId,1mw3k8o
tradeItemId,1mv8cd6
tradeItemId,1mvbafy
tradeItemId,1muefsy
tradeItemId,1mv22hq
tradeItemId,1mw2x92
tradeItemId,1mkasfc
tradeItemId,1mvvidc
tradeItemId,1mlafeg
tradeItemId,1mvaj9s
tradeItemId,1mw9tc6
tradeItemId,1mvcdva
tradeItemId,1mvsbga
tradeItemId,1mstesg
tradeItemId,1mldhy2
tradeItemId,1mvjj5m
tradeItemId,1mudpus
tradeItemId,1mue3ku
tradeItemId,1mrv51a
tradeItemId,1mvsxee
tradeItemId,1mv32s2
tradeItemId,1mvm6qw
tradeItemId,1mvxg18
tradeItemId,1mvbofm
tradeItemId,1msrv9m
tradeItemId,1mv32s2
tradeItemId,1mvjlbm
tradeItemId,1mtkjto
tradeItemId,1mvc09u
tradeItemId,1msqqy2
tradeItemId,1mvqphk
tradeItemId,1mvw76k
tradeItemId,1mv7cpk
tradeItemId,1mvqdpg
tradeItemId,1mvyh94
tradeItemId,1mlj5ii
tradeItemId,1muhwbu
tradeItemId,1mkzemk
tradeItemId,1mpabfy
tradeItemId,1mvdsu0
tradeItemId,1mutq58
tradeItemId,1mvwins
tradeItemId,1mqtnlo
tradeItemId,1mpzfga
tradeItemId,1mugwni
tradeItemId,1kmd1pc
tradeItemId,1mr0qfo
tradeItemId,1mvvimq
tradeItemId,1msuh4w
tradeItemId,1mv8ae6
tradeItemId,1msts12
tradeItemId,1mvqb9c
tradeItemId,1mvtn88
tradeItemId,1mvvrxu
tradeItemId,1mtx3lc
tradeItemId,1mv3xas
tradeItemId,1mvtlkw
tradeItemId,1mvonuw
tradeItemId,1mvwwgg
tradeItemId,1mrgn7c
tradeItemId,1mvf39c
tradeItemId,1mlasri
tradeItemId,1ms8ao0
tradeItemId,1mvufeg
tradeItemId,1mvjdq2
tradeItemId,1mp9gdy
tradeItemId,1mr476g
tradeItemId,1mvz74u
tradeItemId,1mvg1rc
tradeItemId,1mv88q4
tradeItemId,1mvcvdi
tradeItemId,1mvwp1g
tradeItemId,1mvphti
tradeItemId,1mvei3w
tradeItemId,1mvw7mw
tradeItemId,1mvc182
tradeItemId,1mvrr9g
tradeItemId,1mvj0lc
tradeItemId,1mvq0a2
tradeItemId,1mvx4cu
tradeItemId,1mt71sa
tradeItemId,1mv47pa
tradeItemId,1mlakrm
tradeItemId,1mvw4l4
tradeItemId,1mvhlg2
tradeItemId,1ml7nbo
tradeItemId,1mvlne2
tradeItemId,1mvtkku
tradeItemId,1mvm9z6
tradeItemId,1mw3b4e
tradeItemId,1mw9abk
tradeItemId,1mvbsle
tradeItemId,1mvx0hy
tradeItemId,1mvti3c
tradeItemId,1mhxoze
tradeItemId,1lpdys0
tradeItemId,1k64qik
tradeItemId,1msch7o
tradeItemId,1mn224k
tradeItemId,1mqdi2u
tradeItemId,1mw2v5k
tradeItemId,1mi72f6
tradeItemId,1mpbjl8
tradeItemId,1mqskc4
tradeItemId,1lsbm9i
tradeItemId,1mptke4
tradeItemId,1mqvnlo
tradeItemId,1mmbg9u
tradeItemId,1min3xk
tradeItemId,1m9z766
tradeItemId,1moquqs
tradeItemId,1msd5wy
tradeItemId,1mkm5go
tradeItemId,1mp6keo
tradeItemId,1m5ygry
tradeItemId,1mhwa1w
tradeItemId,1mho6gk
tradeItemId,1mvzkds
tradeItemId,1m76uok
tradeItemId,1mq6t04
tradeItemId,1mv0mpq
tradeItemId,1mib0zo
tradeItemId,1ms0rgc
tradeItemId,1mjx3hm
tradeItemId,1mvsvoy
tradeItemId,1mv0j1a
tradeItemId,1mqyvd2
tradeItemId,1mqun6u
tradeItemId,1mogaqq
tradeItemId,1mvcmlm
tradeItemId,1mw7gym
tradeItemId,1mvmlqg
tradeItemId,1mtqyce
tradeItemId,1mpzkhe
tradeItemId,1mji5tw
tradeItemId,1mwbi1i
tradeItemId,1mqquq2
tradeItemId,1m887dq
tradeItemId,1mm3twk
tradeItemId,1mqi866
tradeItemId,1mmxhbi
tradeItemId,1mra9cw
tradeItemId,1mlafg0
tradeItemId,1mk2g6g
tradeItemId,1mfuqze
tradeItemId,1mq5zh2
tradeItemId,1mkjgdg
tradeItemId,1m51ruw
tradeItemId,1mjuiec
tradeItemId,1mv7tgm
tradeItemId,1msr1gw
tradeItemId,1mq4r8k
tradeItemId,1mtwqvm
tradeItemId,1ml5848
tradeItemId,1mubqxy
tradeItemId,1mvis8c
tradeItemId,1mvl61y
tradeItemId,1mbyin0
tradeItemId,1lwwvp6
tradeItemId,1mqroy0
tradeItemId,1mvc1dm
tradeItemId,1ltvhum
tradeItemId,1m8rds2
tradeItemId,1mukqu4
tradeItemId,1mpxk6a
tradeItemId,1mv8b8m
tradeItemId,1mqkl3q
tradeItemId,1mipcha
tradeItemId,1ml984g
tradeItemId,1mcxdl4
tradeItemId,1mvregw
tradeItemId,1k8r6fk
tradeItemId,1mp1koi
tradeItemId,1mm5iy8
tradeItemId,1mtge68
tradeItemId,1m78yxg
tradeItemId,1lsu5i2
tradeItemId,1mknwjk
tradeItemId,1mvxcou
tradeItemId,1ltlhvm
tradeItemId,1mpwoig
tradeItemId,1mvqe7m
tradeItemId,1mpmfgq
tradeItemId,1mvggsq
tradeItemId,1mjl1su
tradeItemId,1m94y6q
tradeItemId,1mvwiji
tradeItemId,1mjwiiu
tradeItemId,1mq20u6
tradeItemId,1mqim0a
tradeItemId,1mwephs
tradeItemId,1mvg9dy
tradeItemId,1lse5aq
tradeItemId,1me0sbm
tradeItemId,1mvbvtk
tradeItemId,1mogr42
tradeItemId,1mp1sfe
tradeItemId,1mvrzuw
tradeItemId,1mi1bb4
tradeItemId,1mu4u4i
tradeItemId,1mmq3a8
tradeItemId,1ms92a4
tradeItemId,1mvql0a
tradeItemId,1mpur28
tradeItemId,1malnhy
tradeItemId,1mel58i
tradeItemId,1mvrfti
tradeItemId,1mvq91c
tradeItemId,1mss0uk
tradeItemId,1mvozie
tradeItemId,1mvaoq8
tradeItemId,1muwr4s
tradeItemId,1msm2i6
tradeItemId,1mm63j4
tradeItemId,1mvh67q
tradeItemId,1mqngmc
tradeItemId,1mvhpw0
tradeItemId,1mvqla6
tradeItemId,1mvz4tq
tradeItemId,1mvgtai
tradeItemId,1mv9kv0
tradeItemId,1mvf9vy
tradeItemId,1mv6f2c
tradeItemId,1mvcw02
tradeItemId,1mvx5py
tradeItemId,1mk4vbo
tradeItemId,1mvdn9u
tradeItemId,1mhmcmi
tradeItemId,1ms1hw8
tradeItemId,1met5si
tradeItemId,1me0h3q
tradeItemId,1malfmy
tradeItemId,1mr22fw
tradeItemId,1mrmsqm
tradeItemId,1mie9l6
tradeItemId,1mrofb4
tradeItemId,1mvesie
tradeItemId,1muscmi
tradeItemId,1mfmhsk
tradeItemId,1mrhj7w
tradeItemId,1mvktbg
tradeItemId,1mqiada
tradeItemId,1mvl43u
tradeItemId,1m72lx0
tradeItemId,1mvn08a
tradeItemId,1mvwmwa
tradeItemId,1lvo3mu
tradeItemId,1mrgdn8
tradeItemId,1mpdf72
tradeItemId,1msch7o
tradeItemId,1mvktbg
tradeItemId,1mv4cdi
tradeItemId,1msb09c
tradeItemId,1mvcv5w
tradeItemId,1mvufyw
tradeItemId,1mvwmwa
tradeItemId,1ms3izk
tradeItemId,1mr8kzw
tradeItemId,1muvr0y
tradeItemId,1mvcehs
tradeItemId,1mvsune
tradeItemId,1mvn0cg
tradeItemId,1mlafg0
tradeItemId,1mcdgfm
tradeItemId,1mrpyhq
tradeItemId,1mwhs2u
tradeItemId,1moiyrg
tradeItemId,1mvvtvu
tradeItemId,1m8bf5a
tradeItemId,1mvtlcm
tradeItemId,1mw8ira
tradeItemId,1mvaay6
tradeItemId,1moudke
tradeItemId,1muhb5o
tradeItemId,1mvmlyq
tradeItemId,1mwephy
tradeItemId,1mp9sei
tradeItemId,1msdqku
tradeItemId,1mfom8c
tradeItemId,1mrvaws
tradeItemId,1mlmuds
tradeItemId,1mkzs36
tradeItemId,1mv676g
tradeItemId,1mlrnl4
tradeItemId,1mvmb7g
tradeItemId,1mqngtw
tradeItemId,1mvtnzs
tradeItemId,1mrlbbw
tradeItemId,1m99vd6
tradeItemId,1mv07h2
tradeItemId,1mv5h50
tradeItemId,1mvaoh0
tradeItemId,1mhbl58
tradeItemId,1mn3kv6
tradeItemId,1mtm9zw
tradeItemId,1mvstdo
tradeItemId,1mvg2t4
tradeItemId,1mu4tcc
tradeItemId,1ml7b6o
tradeItemId,1mklh7s
tradeItemId,1mvvo7c
tradeItemId,1mpxplm
tradeItemId,1musp9w
tradeItemId,1mrj4t4
tradeItemId,1mdty5e
tradeItemId,1mulqsg
tradeItemId,1mpfc0c
tradeItemId,1mtnmyo
tradeItemId,1mpwwn6
tradeItemId,1mjukgs
tradeItemId,1mwepuu
tradeItemId,1mv5872
tradeItemId,1mv6dn0
tradeItemId,1ms9poa
tradeItemId,1mvr4c4
tradeItemId,1mr8xas
tradeItemId,1ml7nfq
tradeItemId,1mdznmo
tradeItemId,1mvgsfq
tradeItemId,1mla4iq
tradeItemId,1mq7a54
tradeItemId,1mu8pwu
tradeItemId,1mgkw5a
tradeItemId,1m8tea8
tradeItemId,1lxt0aw
tradeItemId,1mvddkm
tradeItemId,1mv69am
tradeItemId,1mvqvdo
tradeItemId,1mee7re
tradeItemId,1mvtmqu
tradeItemId,1mul28o
tradeItemId,1mi0vd2
tradeItemId,1mvrpgo
tradeItemId,1mdznmo
tradeItemId,1mngyb4
tradeItemId,1mr17d6
tradeItemId,1mvjqqw
tradeItemId,1mv676g
tradeItemId,1mhkife
tradeItemId,1murqz0
tradeItemId,1mw2ito
tradeItemId,1mvezvo
tradeItemId,1mvilpc
tradeItemId,1mvcig0
tradeItemId,1mk1ghk
tradeItemId,1mv8l4s
tradeItemId,1mvl13q
tradeItemId,1mvh8m0
tradeItemId,1mhou50
tradeItemId,1ms5z1k
tradeItemId,1mvsiiq
tradeItemId,1mku8ok
tradeItemId,1mqk490
tradeItemId,1lqmcb8
tradeItemId,1mvuiz4
tradeItemId,1msvy2i
tradeItemId,1mvwwuo
tradeItemId,1mvdbye
tradeItemId,1mtreh4
tradeItemId,1ml7b6o
tradeItemId,1mrhnrs
tradeItemId,1mva9m2
tradeItemId,1mjpllu
tradeItemId,1mtjhbw
tradeItemId,1m9xv86
tradeItemId,1mvnkli
tradeItemId,1mvkkye
tradeItemId,1mve1z4
tradeItemId,1mth4y6
tradeItemId,1mphkrs
tradeItemId,1mq5xtg
tradeItemId,1muxuhy
tradeItemId,1muvwac
tradeItemId,1ml2smg
tradeItemId,1mto8q6
tradeItemId,1mkls90
tradeItemId,1ms4h32
tradeItemId,1mlgn5q
tradeItemId,1mvwf60
tradeItemId,1mv8mrk
tradeItemId,1mvbhcu
tradeItemId,1ml5bgi
tradeItemId,1mlkeuc
tradeItemId,1mvz73y
tradeItemId,1ms0t8m
tradeItemId,1mmqwtu
tradeItemId,1mvkndw
tradeItemId,1muf5li
tradeItemId,1mvd2z6
tradeItemId,1mv5mgq
tradeItemId,1mw7nzu
tradeItemId,1mlpple
tradeItemId,1mvjapk
tradeItemId,1mv6qnc
tradeItemId,1mvy43u
tradeItemId,1mw9qyi
tradeItemId,1mt1jw4
tradeItemId,1muwi4g
tradeItemId,1mhjpku
tradeItemId,1mvm6i4
tradeItemId,1mpbp5y
tradeItemId,1mr8mi6
tradeItemId,1m8v36a
tradeItemId,1mfoxlq
tradeItemId,1mvgs86
tradeItemId,1mmgcr0
tradeItemId,1mtpn66
tradeItemId,1mm8eim
tradeItemId,1mqf8ne
tradeItemId,1mv9hvs
tradeItemId,1mtfevu
tradeItemId,1mucek6
tradeItemId,1molwl2
tradeItemId,1mvvunm
tradeItemId,1mv7avu
tradeItemId,1mw9pkq
tradeItemId,1kdo144
tradeItemId,1mjkbz4
tradeItemId,1mv6c4u
tradeItemId,1mvnh0q
tradeItemId,1msjmde
tradeItemId,1mvht8k
tradeItemId,1mvisdm
tradeItemId,1mpuz76
tradeItemId,1mvapng
tradeItemId,1lt3m6k
tradeItemId,1mv8s4e
tradeItemId,1mnpjqa
tradeItemId,1mje06g
tradeItemId,1mvp5fi
tradeItemId,1mmvd8e
tradeItemId,1murt2c
tradeItemId,1mvq6yw
tradeItemId,1mvzgbu
tradeItemId,1mvk87k
tradeItemId,1mw9ytw
tradeItemId,1mpcw6u
tradeItemId,1mv6l46
tradeItemId,1mfa87k
tradeItemId,1mobe56
tradeItemId,1mvlnju
tradeItemId,1mvd61i
tradeItemId,1mvt13s
tradeItemId,1mv750u
tradeItemId,1mjdqpa
tradeItemId,1mv00p4
tradeItemId,1mvwcy4
tradeItemId,1mk90cw
tradeItemId,1mmpx5w
tradeItemId,1mlmfr4
tradeItemId,1mwbh10
tradeItemId,1mqx4vi
tradeItemId,1mvvmn0
tradeItemId,1mpkq9e
tradeItemId,1mvc90k
tradeItemId,1llhcxk
tradeItemId,1mk3qli
tradeItemId,1mvhjwm
tradeItemId,1mvcmam
tradeItemId,1mok7qy
tradeItemId,1mv0i5u
tradeItemId,1mvw3qk
tradeItemId,1mpnppq
tradeItemId,1mrmvem
tradeItemId,1mvee2c
tradeItemId,1mkp6uc
tradeItemId,1mvmva4
tradeItemId,1mvbzqa
tradeItemId,1mvlh72
tradeItemId,1murw4k
tradeItemId,1mpkwp8
tradeItemId,1mvrora
tradeItemId,1mvkxns
tradeItemId,1mvkgqs
tradeItemId,1mr04na
tradeItemId,1mgrdve
tradeItemId,1mvd67o
tradeItemId,1mtzml4
tradeItemId,1kh49j6
tradeItemId,1mvj43m
tradeItemId,1mw3jx6
tradeItemId,1lmnu2w
tradeItemId,1mv7uxy
tradeItemId,1jxw9io
tradeItemId,1mqfa24
tradeItemId,1ms0h2w
tradeItemId,1mrkujw
tradeItemId,1mvzm6u
tradeItemId,1mua116
tradeItemId,1mvclew
tradeItemId,1mtyxw0
tradeItemId,1mvh766
tradeItemId,1mrd0bg
tradeItemId,1mlm9bc
tradeItemId,1m7ukro
tradeItemId,1mwazso
tradeItemId,1mjt0ae
tradeItemId,1mbzu58
tradeItemId,1ls0j4e
tradeItemId,1mvpmmo
tradeItemId,1mvrc9y
tradeItemId,1mvcwqy
tradeItemId,1mvby3a
tradeItemId,1munggk
tradeItemId,1mvduve
tradeItemId,1mw9zce
tradeItemId,1mvcbl0
tradeItemId,1menkx6
tradeItemId,1mvb566
tradeItemId,1mvlckm
tradeItemId,1mo58oo
tradeItemId,1mv5zqu
tradeItemId,1mi7iui
tradeItemId,1mvcbuk
tradeItemId,1mqa8zi
tradeItemId,1mqmqaw
tradeItemId,1mimwsm
tradeItemId,1mv69n8
tradeItemId,1mvla54
tradeItemId,1mvn74c
tradeItemId,1mvl146
tradeItemId,1mva02w
tradeItemId,1mv75c4
tradeItemId,1msc858
tradeItemId,1mpjove
tradeItemId,1mvx63g
tradeItemId,1mep0rq
tradeItemId,1menyzi
tradeItemId,1moe20w
tradeItemId,1mvg8jm
tradeItemId,1mw4atw
tradeItemId,1mre8rc
tradeItemId,1mutofc
tradeItemId,1msqbp4
tradeItemId,1mjfgka
tradeItemId,1mqejea
tradeItemId,1mvlmvg
tradeItemId,1muv8xy
tradeItemId,1mpivdk
tradeItemId,1mupuhe
tradeItemId,1mw9zdo
tradeItemId,1mn0986
tradeItemId,1mlg9qy
tradeItemId,1mvilrs
tradeItemId,1mvqea0
tradeItemId,1mhoyym
tradeItemId,1munggk
tradeItemId,1mupuhe
tradeItemId,1mcaw6y
tradeItemId,1menyzi
tradeItemId,1mhoyym
tradeItemId,1mvsmgg
tradeItemId,1mucz0e
tradeItemId,1mvh0lq
tradeItemId,1mrvbui
tradeItemId,1mr170y
tradeItemId,1mvyqxe
tradeItemId,1ls0j4e
tradeItemId,1mvetji
tradeItemId,1mvla54
tradeItemId,1mq1kny
tradeItemId,1mvw74e
tradeItemId,1mv5kx6
tradeItemId,1mesx1k
tradeItemId,1mn0986
tradeItemId,1mv4smm
tradeItemId,1mlg9qy
tradeItemId,1muu312
tradeItemId,1mvubcq
tradeItemId,1mjt0ae
tradeItemId,1mv8cgg
tradeItemId,1m62byo
tradeItemId,1mpkxxk
tradeItemId,1mvfzwg
tradeItemId,1mvdq0e
tradeItemId,1mvrxzq
tradeItemId,1mjyllm
tradeItemId,1mv6pze
tradeItemId,1mpivdk
tradeItemId,1mkk61m
tradeItemId,1mvwkl2
tradeItemId,1mup9mk
tradeItemId,1meds64
tradeItemId,1mpjove
tradeItemId,1mvc8aw
tradeItemId,1mw3kw4
tradeItemId,1mv5u1u
tradeItemId,1m0ps24
tradeItemId,1mimwsm
tradeItemId,1mivl5s
tradeItemId,1mst1p2
tradeItemId,1mvujv4
tradeItemId,1mjfgka
tradeItemId,1k971eo
tradeItemId,1mvqp7a
tradeItemId,1msu3u8
tradeItemId,1mw3hj6
tradeItemId,1mihl5a
tradeItemId,1mvaj9q
tradeItemId,1mvlhu8
tradeItemId,1mqqpwi
tradeItemId,1mrkujw
tradeItemId,1mv5uoc
tradeItemId,1mqfqdk
tradeItemId,1mva32c
tradeItemId,1mtvs3k
tradeItemId,1mvnv4u
tradeItemId,1mk1by4
tradeItemId,1mv5lxa
tradeItemId,1msxl42
tradeItemId,1mvikmk
tradeItemId,1mpszqu
tradeItemId,1msc858
tradeItemId,1mvismm
tradeItemId,1mv7j9o
tradeItemId,1mjk3xe
tradeItemId,1mtaxeo
tradeItemId,1mucbqc
tradeItemId,1mj57pw
tradeItemId,1mvw9kk
tradeItemId,1mvx4mk
tradeItemId,1mt8vvq
tradeItemId,1mklgca
tradeItemId,1mv70r4
tradeItemId,1msfuoe
tradeItemId,1mv5g28
tradeItemId,1muqbps
tradeItemId,1mtkqnm
tradeItemId,1m2pj8u
tradeItemId,1mu4fty
tradeItemId,1mw7djk
tradeItemId,1mvjzac
tradeItemId,1mshooc
tradeItemId,1mvn59y
tradeItemId,1mtvwnk
tradeItemId,1mvjkfa
tradeItemId,1mvtrkk
tradeItemId,1kbnaiw
tradeItemId,1mgzb92
tradeItemId,1mvhu0a
tradeItemId,1mriqlk
tradeItemId,1muu07g
tradeItemId,1ms6ig8
tradeItemId,1mr6g64
tradeItemId,1mv31zu
tradeItemId,1mjz8mo
tradeItemId,1mvk8oo
tradeItemId,1mtwv7e
tradeItemId,1mveciy
tradeItemId,1mvpff4
tradeItemId,1mv7u4y
tradeItemId,1mnfpfq
tradeItemId,1muvhe4
tradeItemId,1mdw9ng
tradeItemId,1mur0t8
tradeItemId,1mvorpc
tradeItemId,1mvyts0
tradeItemId,1mte60m
tradeItemId,1mv7unk
tradeItemId,1mvugza
tradeItemId,1mvcr70
tradeItemId,1mvye88
tradeItemId,1mqw04s
tradeItemId,1maa542
tradeItemId,1mtvwlu
tradeItemId,1mrqsbc
tradeItemId,1lufl62
tradeItemId,1mp331k
tradeItemId,1mv5dpw
tradeItemId,1mvwn2g
tradeItemId,1mvwl5o
tradeItemId,1mlkps6
tradeItemId,1m306j6
tradeItemId,1mvepqq
tradeItemId,1mvzk1m
tradeItemId,1mvbmzc
tradeItemId,1m6qbjq
tradeItemId,1mvx5ry
tradeItemId,1mvlsxs
tradeItemId,1mvqxeu
tradeItemId,1mw8wk6
tradeItemId,1mjfif8
tradeItemId,1mocn5m
tradeItemId,1mvoazs
tradeItemId,1mrtn5u
tradeItemId,1ms53km
tradeItemId,1muv2i6
tradeItemId,1mm4xuq
tradeItemId,1mvbac0
tradeItemId,1mtxibk
tradeItemId,1mwbonu
tradeItemId,1mkwh3o
tradeItemId,1mvd6ci
tradeItemId,1mvdah0
tradeItemId,1mvytm6
tradeItemId,1mw9zh4
tradeItemId,1ms99dg
tradeItemId,1msw1kk
tradeItemId,1mvtk8o
tradeItemId,1mvx2zu
tradeItemId,1mv0mcw
tradeItemId,1mrw872
tradeItemId,1mva0du
tradeItemId,1muvhe4
tradeItemId,1kclr1y
tradeItemId,1mw72tq
tradeItemId,1ms5jye
tradeItemId,1memfwa
tradeItemId,1mv6e18
tradeItemId,1msfhcs
tradeItemId,1moi3b8
tradeItemId,1mj60bw
tradeItemId,1mtghe8
tradeItemId,1mvcedo
tradeItemId,1mdd3bs
tradeItemId,1mkmnsa
tradeItemId,1mdum3q
tradeItemId,1mu4o9c
tradeItemId,1mr9dmi
tradeItemId,1msb7xy
tradeItemId,1mqnb1u
tradeItemId,1mroln0
tradeItemId,1m3in20
tradeItemId,1mv4vn2
tradeItemId,1mvqxeu
tradeItemId,1mw8e4a
tradeItemId,1mvzkjc
tradeItemId,1mvdah0
tradeItemId,1mvwccs
tradeItemId,1mpkaqw
tradeItemId,1mk5q42
tradeItemId,1mrpfhm
tradeItemId,1mva18u
tradeItemId,1mq5n7k
tradeItemId,1mrm9ge
tradeItemId,1mkd2pa
tradeItemId,1mve694
tradeItemId,1muxla8
tradeItemId,1mjj6gu
tradeItemId,1mvvojk
tradeItemId,1mrs0mm
tradeItemId,1mtgats
tradeItemId,1mvwa0q
tradeItemId,1msc6ou
tradeItemId,1kbnaiw
tradeItemId,1mwcbp6
tradeItemId,1mvpqm6
tradeItemId,1mupv00
tradeItemId,1mv96zq
tradeItemId,1msut7q
tradeItemId,1mq5cui
tradeItemId,1mul2og
tradeItemId,1mvlb7k
tradeItemId,1mmi8k6
tradeItemId,1mvjb0g
tradeItemId,1mrfdi4
tradeItemId,1mvbc4m
tradeItemId,1mrp1sg
tradeItemId,1mumy0g
tradeItemId,1mvo3ny
tradeItemId,1mvrwwi
tradeItemId,1mt3x9o
tradeItemId,1mqnld4
tradeItemId,1mue2gk
tradeItemId,1ml6f7w
tradeItemId,1mvck14
tradeItemId,1mviwos
tradeItemId,1mvkvyg
tradeItemId,1mjuduw
tradeItemId,1mvymiy
tradeItemId,1mpx348
tradeItemId,1mt6n6g
tradeItemId,1mvm7ba
tradeItemId,1m12jku
tradeItemId,1mw2gak
tradeItemId,1mkdccq
tradeItemId,1mvqefw
tradeItemId,1mvpita
tradeItemId,1mv9rlm
tradeItemId,1mspu1k
tradeItemId,1md6fe8
tradeItemId,1mvw45o
tradeItemId,1ms7bcy
tradeItemId,1mvt7q8
tradeItemId,1mv4l86
tradeItemId,1mrzc4m
tradeItemId,1muq9sk
tradeItemId,1mvf7vw
tradeItemId,1mup7ig
tradeItemId,1mvq5he
tradeItemId,1msw0be
tradeItemId,1muqnq2
tradeItemId,1mu5weq
tradeItemId,1mvwd2i
tradeItemId,1mvwojg
tradeItemId,1mvk084
tradeItemId,1mupotc
tradeItemId,1muwm7m
tradeItemId,1mvqebe
tradeItemId,1muneys
tradeItemId,1mwbizo
tradeItemId,1murfhc
tradeItemId,1mvl2e4
tradeItemId,1mvkp68
tradeItemId,1md5is0
tradeItemId,1me2rye
tradeItemId,1mvw91k
tradeItemId,1kihtb8
tradeItemId,1mtuula
tradeItemId,1mq61hi
tradeItemId,1mvns0e
tradeItemId,1mvvhwi
tradeItemId,1mfi8fq
tradeItemId,1mvrtfw
tradeItemId,1mvyfi2
tradeItemId,1muryg4
tradeItemId,1mvlonw
tradeItemId,1mvwzkc
tradeItemId,1mvyc5u
tradeItemId,1mdubw0
tradeItemId,1mw9zci
tradeItemId,1mqga0m
tradeItemId,1mvwzqa
tradeItemId,1mvoiry
tradeItemId,1mva5hq
tradeItemId,1mtq2k4
tradeItemId,1mvq04u
tradeItemId,1mv6ah0
tradeItemId,1mv9lwy
tradeItemId,1mvqphw
tradeItemId,1mw7lgc
tradeItemId,1mvpbuc
tradeItemId,1mvkv56
tradeItemId,1mviwz2
tradeItemId,1mv73da
tradeItemId,1mlsuxa
tradeItemId,1mvqp18
tradeItemId,1mv5jn0
tradeItemId,1mkqlqk
tradeItemId,1mslats
tradeItemId,1mkd1y6
tradeItemId,1mvjvti
tradeItemId,1mvsd96
tradeItemId,1mdpig2
tradeItemId,1mvis32
tradeItemId,1mt407a
tradeItemId,1mv47dk
tradeItemId,1mop04c
tradeItemId,1k24mbk
tradeItemId,1m78vym
tradeItemId,1mijm4q
tradeItemId,1mv8qaw
tradeItemId,1me4cl8
tradeItemId,1mjm9y8
tradeItemId,1mt1jxo
tradeItemId,1mvwkr2
tradeItemId,1mo3qwy
tradeItemId,1mvt2vg
tradeItemId,1mujem2
tradeItemId,1mtbrj0
tradeItemId,1mw2wvy
tradeItemId,1mjie0i
tradeItemId,1mqj0vq
tradeItemId,1mqvfge
tradeItemId,1mvkwxq
tradeItemId,1mlgzew
tradeItemId,1mer1uy
tradeItemId,1mu7b0s
tradeItemId,1mv8ima
tradeItemId,1msndq8
tradeItemId,1mvwlb4
tradeItemId,1mnbb8s
tradeItemId,1m6q6ci
tradeItemId,1mt21t2
tradeItemId,1mvo2o2
tradeItemId,1mv5gla
tradeItemId,1muu39u
tradeItemId,1mveucw
tradeItemId,1mvaz8k
tradeItemId,1mqlwcy
tradeItemId,1mvct4k
tradeItemId,1mvi0p2
tradeItemId,1mj32q0
tradeItemId,1mr01ya
tradeItemId,1mnkbbw
tradeItemId,1mwexrg
tradeItemId,1mvwzzc
tradeItemId,1mquzjk
tradeItemId,1mi1466
tradeItemId,1mtfax2
tradeItemId,1mtiev6
tradeItemId,1mmkl4y
tradeItemId,1mpxrfo
tradeItemId,1mspdco
tradeItemId,1lu7y4c
tradeItemId,1muk6xa
tradeItemId,1mua5n0
tradeItemId,1mmlv74
tradeItemId,1mvx8rk
tradeItemId,1mtgpre
tradeItemId,1mdcz6s
tradeItemId,1mv3uh8
tradeItemId,1mvl93g
tradeItemId,1kfrin4
tradeItemId,1musaqm
tradeItemId,1mvzemg
tradeItemId,1mjq1sk
tradeItemId,1motn70
tradeItemId,1mr1w24
tradeItemId,1mpnsyu
tradeItemId,1ml0iuu
tradeItemId,1mtxixq
tradeItemId,1mroi5c
tradeItemId,1mkngjm
tradeItemId,1me1uwi
tradeItemId,1mw7w8o
tradeItemId,1mvrx6y
tradeItemId,1miomtc
tradeItemId,1muw0t2
tradeItemId,1mnlz00
tradeItemId,1mvhh72
tradeItemId,1mkdmb4
tradeItemId,1mmndzk
tradeItemId,1mj5pt2
tradeItemId,1mv4mrm
tradeItemId,1mqnas4
tradeItemId,1msltv6
tradeItemId,1mkezoa
tradeItemId,1mn015y
tradeItemId,1mub28i
tradeItemId,1mkugls
tradeItemId,1mgc4xo
tradeItemId,1mmq56u
tradeItemId,1kchlr4
tradeItemId,1mhxica
tradeItemId,1mw8d3c
tradeItemId,1mvuzy0
tradeItemId,1mvn0iy
tradeItemId,1mp550i
tradeItemId,1mo9j0w
tradeItemId,1mjwsmg
tradeItemId,1mvrjlw
tradeItemId,1mocnj8
tradeItemId,1mrvb2g
tradeItemId,1mpe1n2
tradeItemId,1mw8dzi
tradeItemId,1mq4a7s
tradeItemId,1mocumo
tradeItemId,1mur1oo
tradeItemId,1mv3kvk
tradeItemId,1mw5vm6
tradeItemId,1mj90ma
tradeItemId,1m7so3k
tradeItemId,1mvyt7o
tradeItemId,1mf57ms
tradeItemId,1mw8ftk
tradeItemId,1mv7xwg
tradeItemId,1mvatam
tradeItemId,1mmc2h0
tradeItemId,1mvomsm
tradeItemId,1mvf6ko
tradeItemId,1mvkjge
tradeItemId,1mubrug
tradeItemId,1mr2mfw
tradeItemId,1mr90uq
tradeItemId,1moprxk
tradeItemId,1mo9tsc
tradeItemId,1kfiys8
tradeItemId,1ms4if4
tradeItemId,1msnf3w
tradeItemId,1mw2zf6
tradeItemId,1mvdqgo
tradeItemId,1mvp0ig
tradeItemId,1mio8ko
tradeItemId,1mqmmqo
tradeItemId,1mm053a
tradeItemId,1mvsfii
tradeItemId,1mvf9xc
tradeItemId,1mfyzt6
tradeItemId,1mluday
tradeItemId,1m84woy
tradeItemId,1mue6xq
tradeItemId,1mvh8eg
tradeItemId,1mtl88o
tradeItemId,1mv5z5s
tradeItemId,1mvohro
tradeItemId,1mvfr3m
tradeItemId,1mf3knu
tradeItemId,1ls601i
tradeItemId,1mobdwg
tradeItemId,1mdvbac
tradeItemId,1mkc54s
tradeItemId,1mfxgq2
tradeItemId,1mv3mxw
tradeItemId,1mscurq
tradeItemId,1803w0k
tradeItemId,1ls601i
tradeItemId,1ms33li
tradeItemId,1mv002e
tradeItemId,1mvpata
tradeItemId,1mw8d4k
tradeItemId,1mlcjpq
tradeItemId,1mvf9xc
tradeItemId,1mptw3m
tradeItemId,1muavhm
tradeItemId,1mvikmu
tradeItemId,1mkub7e
tradeItemId,1mvdqgo
tradeItemId,1mq427q
tradeItemId,1mggzo6
tradeItemId,1mvj9ey
tradeItemId,1mguhy6
tradeItemId,1mm1wmk
tradeItemId,1lrlob4
tradeItemId,1mpr1fo
tradeItemId,1lqmcb8
tradeItemId,1mpb66m
tradeItemId,1mvnhve
tradeItemId,1mr4aoc
tradeItemId,1mt3ikw
tradeItemId,1m7sgam
tradeItemId,1mvwzxw
tradeItemId,1mv3mxw
tradeItemId,1lrmx90
tradeItemId,1muro48
tradeItemId,1mvaau4
tradeItemId,1mfyzt6
tradeItemId,1mdteoc
tradeItemId,1mkf1z8
tradeItemId,1mvfqnm
tradeItemId,1mpygm4
tradeItemId,1mve6mg
tradeItemId,1m5ms5g
tradeItemId,1mvn4rw
tradeItemId,1mrj5li
tradeItemId,1mp944m
tradeItemId,1mlgqf0
tradeItemId,1mqv8q4
tradeItemId,1mvlvk2
tradeItemId,1mvrcau
tradeItemId,1me2mjk
tradeItemId,1mf1ceg
tradeItemId,1mkhdqq
tradeItemId,1mvncac
tradeItemId,1mp800e
tradeItemId,1mio4cq
tradeItemId,1mrw31e
tradeItemId,1mrsqdk
tradeItemId,1mtqxqk
tradeItemId,1moxs3u
tradeItemId,1mv3coi
tradeItemId,1m8bda4
tradeItemId,1mvb9fu
tradeItemId,1mqvi02
tradeItemId,1mt5eha
tradeItemId,1mri2fw
tradeItemId,1mqqtnu
tradeItemId,1mklg9w
tradeItemId,1mveexw
tradeItemId,1mrl822
tradeItemId,1mw7fe2
tradeItemId,1mvh1uo
tradeItemId,1mvmpwg
tradeItemId,1mkgqjy
tradeItemId,1mvphz4
tradeItemId,1muqlmq
tradeItemId,1mnmnwq
tradeItemId,1msbi4c
tradeItemId,1lwzn4m
tradeItemId,1mjpu12
tradeItemId,1mvaphi
tradeItemId,1ko0ek4
tradeItemId,1mnfomc
tradeItemId,1msiqwo
tradeItemId,1mjsxeo
tradeItemId,1mw8dx4
tradeItemId,1mvafza
tradeItemId,1mrvb2g
tradeItemId,1mmd4he
tradeItemId,1mvf9j4
tradeItemId,1mw4d6s
tradeItemId,1mvetwu
tradeItemId,1mkfpek
tradeItemId,1mldd1w
tradeItemId,1mo58n4
tradeItemId,1mlczow
tradeItemId,1mtnq4i
tradeItemId,1mth4uu
tradeItemId,1mv95bu
tradeItemId,1mvjpcy
tradeItemId,1ms8rr8
tradeItemId,1mld6zi
tradeItemId,1mw2gru
tradeItemId,1m5ms5g
tradeItemId,1mvc8pe
tradeItemId,1mv8rb8
tradeItemId,1mujz84
tradeItemId,1kjlal4
tradeItemId,1mk51pa
tradeItemId,1mvoko0
tradeItemId,1mwbhm6
tradeItemId,1mgb8ei
tradeItemId,1mauir8
tradeItemId,1mvytwi
tradeItemId,1mdugxm
tradeItemId,1mn4fzw
tradeItemId,1mkvwjg
tradeItemId,1mv7q7w
tradeItemId,1m8qs9m
tradeItemId,1mk1zsm
tradeItemId,1mw8drc
tradeItemId,1lz0e8k
tradeItemId,1lucmci
tradeItemId,1mpgh36
tradeItemId,1mptke4
tradeItemId,1mdk3l0
tradeItemId,1mt3zwq
tradeItemId,1m76lqg
tradeItemId,1mmysca
tradeItemId,1mvss74
tradeItemId,1mrllfe
tradeItemId,1muorlw
tradeItemId,1mupfxu
tradeItemId,1mvrpku
tradeItemId,1mismv0
tradeItemId,1mposmm
tradeItemId,1mjehl0
tradeItemId,1mkzrl2
tradeItemId,1mv2xyk
tradeItemId,1mpr1fo
tradeItemId,1mbay3m
tradeItemId,1ms3sky
tradeItemId,1mv661m
tradeItemId,1mkmnp0
tradeItemId,1mv5uy6
tradeItemId,1mvvqkq
tradeItemId,1muftio
tradeItemId,1mh1sty
tradeItemId,1mjy5kq
tradeItemId,1mlcs0g
tradeItemId,1mvgprg
tradeItemId,1maubaq
tradeItemId,1mufbyw
tradeItemId,1mvakl0
tradeItemId,1mvhivs
tradeItemId,1mv28g4
tradeItemId,1mvg5om
tradeItemId,1mus5gs
tradeItemId,1ml6j1s
tradeItemId,1mqqtry
tradeItemId,1mv28g4
tradeItemId,1mvls6c
tradeItemId,1mv7748
tradeItemId,1mihat2
tradeItemId,1mvdkfw
tradeItemId,1m7qtnq
tradeItemId,1mv6rg8
tradeItemId,1mvpndo
tradeItemId,1mqnev8
tradeItemId,1mjnoxg
tradeItemId,1mdl148
tradeItemId,1mv88ey
tradeItemId,1mrduvm
tradeItemId,1mvrc0m
tradeItemId,1mvt2r4
tradeItemId,1m780im
tradeItemId,1mi46u6
tradeItemId,1mk797i
tradeItemId,1mqzf4u
tradeItemId,1mu9rg6
tradeItemId,1mkxm48
tradeItemId,1ms93iw
tradeItemId,1motuko
tradeItemId,1mp7ec2
tradeItemId,1muv97m
tradeItemId,1mpptl6
tradeItemId,1mvc9oy
tradeItemId,1m5cg12
tradeItemId,1mppyps
tradeItemId,1mvr7ni
tradeItemId,1mqrj60
tradeItemId,1mve4ak
tradeItemId,1mujurw
tradeItemId,1mp15io
tradeItemId,1mvsb1k
tradeItemId,1muyzqe
tradeItemId,1mpptsg
tradeItemId,1mv4wqq
tradeItemId,1muozhu
tradeItemId,1mudbr8
tradeItemId,1mralg0
tradeItemId,1mdvhde
tradeItemId,1mvxgl0
tradeItemId,1mqmw46
tradeItemId,1mtfdia
tradeItemId,1mw9kos
tradeItemId,1msf3wo
tradeItemId,1ls4eeu
tradeItemId,1mvwk3k
tradeItemId,1mv3zl0
tradeItemId,1mw9ohs
tradeItemId,1mvr10s
tradeItemId,1m73634
tradeItemId,1mvzlcy
tradeItemId,1mvryq8
tradeItemId,1mvip2i
tradeItemId,1mv7rao
tradeItemId,1mvi6ls
tradeItemId,1mvubfa
tradeItemId,1mvvzb2
tradeItemId,1mvoqsi
tradeItemId,1mva878
tradeItemId,1mofyhk
tradeItemId,1mpkivg
tradeItemId,1mupv80
tradeItemId,1mekeww
tradeItemId,1mvi8ym
tradeItemId,1mvo75o
tradeItemId,1mudzyu
tradeItemId,1mvi5bw
tradeItemId,1mvnx90
tradeItemId,1mkywgo
tradeItemId,1mvywuc
tradeItemId,1mvks7w
tradeItemId,1mjv0gs
tradeItemId,1mkos9k
tradeItemId,1mvnyuo
tradeItemId,1mvnycw
tradeItemId,1mrcff6
tradeItemId,1mutpn6
tradeItemId,1mt65v2
tradeItemId,1mkhqni
tradeItemId,1mtql7s
tradeItemId,1mvkxns
tradeItemId,1msmj6s
tradeItemId,1mctyju
tradeItemId,1mrazzm
tradeItemId,1mufm24
tradeItemId,1msgxrg
tradeItemId,1mry3y0
tradeItemId,1mwatj0
tradeItemId,1mvbw80
tradeItemId,1mt1iuw
tradeItemId,1min8um
tradeItemId,1mdt48a
tradeItemId,1ms8qt0
tradeItemId,1mvxc90
tradeItemId,1mqq6iu
tradeItemId,1mcww7a
tradeItemId,1mvldri
tradeItemId,1muqbr6
tradeItemId,17lzoku
tradeItemId,1mu78im
tradeItemId,1mvwq1m
tradeItemId,1mvwlmm
tradeItemId,1mpa2j0
tradeItemId,1mkjmey
tradeItemId,1mshp1c
tradeItemId,1msmdh0
tradeItemId,1mvw37u
tradeItemId,1mu9bbe
tradeItemId,1mu0cl0
tradeItemId,1mvn20y
tradeItemId,1mtj2bi
tradeItemId,1mva3q8
tradeItemId,1mvp4f0
tradeItemId,1mv72e4
tradeItemId,1muqzc6
tradeItemId,1mlxei6
tradeItemId,1mi4qhg
tradeItemId,1ms8pha
tradeItemId,1mkawli
tradeItemId,1mdpsae
tradeItemId,1kj91r0
tradeItemId,1mv5h80
tradeItemId,1mvvlk8
tradeItemId,1mf1egm
tradeItemId,1mvysc2
tradeItemId,1mvhum8
tradeItemId,1mv583m
tradeItemId,1mvydsu
tradeItemId,1mvbt5k
tradeItemId,1mvjlnq
tradeItemId,1mdtkes
tradeItemId,1muo3ts
tradeItemId,1md5o8s
tradeItemId,1mu4mae
tradeItemId,1mv3v62
tradeItemId,1mpgh36
tradeItemId,1mvh7o8
tradeItemId,1mv4slm
tradeItemId,1mveq08
tradeItemId,1mv5nli
tradeItemId,1mrbmm4
tradeItemId,1mjjxau
tradeItemId,1mu1mp4
tradeItemId,1mu727y
tradeItemId,1mvyxyg
tradeItemId,1mvbhhi
tradeItemId,1mvamf0
tradeItemId,1mrlzbq
tradeItemId,1me8hru
tradeItemId,1mvkfus
tradeItemId,1mvx9m6
tradeItemId,1m9qk9q
tradeItemId,1k4ax7e
tradeItemId,1mvdkyq
tradeItemId,1mvymto
tradeItemId,1mseroa
tradeItemId,1mvbhxw
tradeItemId,1k8spmq
tradeItemId,1mjuske
tradeItemId,1mtwisg
tradeItemId,1mvf3ai
tradeItemId,1mvy7jg
tradeItemId,1mqvki4
tradeItemId,1mvg08g
tradeItemId,1mkk7wk
tradeItemId,1mvgim6
tradeItemId,1mvvtgw
tradeItemId,1mw5ous
tradeItemId,1mn4gsw
tradeItemId,1mvt7a0
tradeItemId,1ms5tve
tradeItemId,1mkk8lw
tradeItemId,1ms5zcs
tradeItemId,1mst1lc
tradeItemId,1luhh86
tradeItemId,1mrr064
tradeItemId,1lu0zxe
tradeItemId,1mkyv2y
tradeItemId,1mtm836
tradeItemId,1mvgkuw
tradeItemId,1mvtaoa
tradeItemId,1mti15w
tradeItemId,1mslb2o
tradeItemId,1ms0cpg
tradeItemId,1mvd38e
tradeItemId,1mjl5z6
tradeItemId,1ml2yay
tradeItemId,1murwmu
tradeItemId,1mvzaks
tradeItemId,1mquw1a
tradeItemId,1mi4ce4
tradeItemId,1mkdk00
tradeItemId,1lwcn2o
tradeItemId,1mn4b5g
tradeItemId,1mk5vv2
tradeItemId,1mum7ta
tradeItemId,1muri1y
tradeItemId,1mva0l4
tradeItemId,1mw36te
tradeItemId,1mudeea
tradeItemId,1mvh8fa
tradeItemId,1muw8m4
tradeItemId,1m7eyl8
tradeItemId,1mvyiwe
tradeItemId,1mv4awi
tradeItemId,1mvm46g
tradeItemId,1mvuk98
tradeItemId,1mqalas
tradeItemId,1mk63f4
tradeItemId,1mvh7uo
tradeItemId,1mvger8
tradeItemId,1msdnzk
tradeItemId,1mvoit8
tradeItemId,1mjjowk
tradeItemId,1mvpdvs
tradeItemId,1mud99k
tradeItemId,1mdwugw
tradeItemId,1md75p8
tradeItemId,1mp59n4
tradeItemId,1mvncvk
tradeItemId,1mszsrk
tradeItemId,1mvwh7g
tradeItemId,1mq8iuu
tradeItemId,1mk7rly
tradeItemId,1mvw8vi
tradeItemId,1mvr2ay
tradeItemId,1mu45m6
tradeItemId,1mq5yjc
tradeItemId,1msjyk2
tradeItemId,1mvdmpe
tradeItemId,1mq8n7g
tradeItemId,1msgy1m
tradeItemId,1mw9ovk
tradeItemId,1mvotu6
tradeItemId,1mvytja
tradeItemId,1mvk94o
tradeItemId,1msbkxg
tradeItemId,1mv8g8o
tradeItemId,1msdkbe
tradeItemId,1mo4l48
tradeItemId,1mk4fyy
tradeItemId,1mshb20
tradeItemId,1mv8b9w
tradeItemId,1mvm7ak
tradeItemId,1msdcu8
tradeItemId,1ko61ew
tradeItemId,1mvf6yy
tradeItemId,1msqbis
tradeItemId,1mq8bwc
tradeItemId,1mt6ma8
tradeItemId,1msl4cs
tradeItemId,1mamgzi
tradeItemId,1mkwop6
tradeItemId,1mvnbo8
tradeItemId,1mtgpf0
tradeItemId,1mpa4d0
tradeItemId,1mqyy5a
tradeItemId,1meqm4m
tradeItemId,1mvapzk
tradeItemId,18fofqm
tradeItemId,1mvk0g2
tradeItemId,1mv01ma
tradeItemId,1muq0ny
tradeItemId,1mvq0eq
tradeItemId,1mvt50i
tradeItemId,1mrj6q6
tradeItemId,1mvwiz8
tradeItemId,1muvsw4
tradeItemId,1msokqu
tradeItemId,1mvcfw6
tradeItemId,1mv8u5k
tradeItemId,1mv15gk
tradeItemId,1mscami
tradeItemId,1msmlqy
tradeItemId,1mvg5do
tradeItemId,1mvhehm
tradeItemId,1mewf5e
tradeItemId,1mw54xi
tradeItemId,1mtiu98
tradeItemId,1mvo4d6
tradeItemId,1mrhvn8
tradeItemId,1msy72a
tradeItemId,1md75ik
tradeItemId,1mvaxpy
tradeItemId,1mvlkfq
tradeItemId,1muml90
tradeItemId,1mvz57w
tradeItemId,1mvot1s
tradeItemId,1mvqkru
tradeItemId,1mvt50q
tradeItemId,1mquvi0
tradeItemId,1mvtbe4
tradeItemId,1lu8nie
tradeItemId,1mtztsg
tradeItemId,1mq7fks
tradeItemId,1mvsdus
tradeItemId,1mvixo4
tradeItemId,1mri28o
tradeItemId,1mvtilq
tradeItemId,1mv7xha
tradeItemId,1mvtmgg
tradeItemId,1mv2jl8
tradeItemId,1mvwpwo
tradeItemId,1mtpvtg
tradeItemId,1mv7pry
tradeItemId,1mjcpp2
tradeItemId,1mjj3uw
tradeItemId,1mv9qry
tradeItemId,1mv4pqa
tradeItemId,1muewaq
tradeItemId,1mvbz12
tradeItemId,1muqpp8
tradeItemId,1mdjspg
tradeItemId,1mvb9us
tradeItemId,1ms79ps
tradeItemId,1muu4g2
tradeItemId,1mvhp6g
tradeItemId,1m9m05e
tradeItemId,1mvs6da
tradeItemId,1mvxbxm
tradeItemId,1mvqk0g
tradeItemId,1muyung
tradeItemId,1mwa4zs
tradeItemId,1mu98qk
tradeItemId,1mqlmwa
tradeItemId,1mvs5l6
tradeItemId,1mvg2oe
tradeItemId,1ml8s1o
tradeItemId,1mlkkwy
tradeItemId,1mulbb6
tradeItemId,1mth6bi
tradeItemId,1mvvk1e
tradeItemId,1mlaqk0
tradeItemId,1mv9gdo
tradeItemId,1mt7f2s
tradeItemId,1muwdx0
tradeItemId,1klfuok
tradeItemId,1mvppkq
tradeItemId,1mvvi2m
tradeItemId,1mv6zuq
tradeItemId,1mvvkb8
tradeItemId,1mvq648
tradeItemId,1mk8qxe
tradeItemId,1mvovj6
tradeItemId,1mugd1e
tradeItemId,1msntvq
tradeItemId,1mpiyec
tradeItemId,1mqomyk
tradeItemId,1mqom1s
tradeItemId,1mkg1vs
tradeItemId,1mrlwfe
tradeItemId,1mv6afy
tradeItemId,1mw9oua
tradeItemId,1ml91nw
tradeItemId,1mjypne
tradeItemId,1m9kkg2
tradeItemId,1mrfr5i
tradeItemId,1mrmzbm
tradeItemId,1msqrxg
tradeItemId,1mv9lbs
tradeItemId,1mvociq
tradeItemId,1mvjl9a
tradeItemId,1lyaz9w
tradeItemId,1mul5ow
tradeItemId,1mv6wi8
tradeItemId,1mspre0
tradeItemId,1msreha
tradeItemId,1mdk410
tradeItemId,1msk6io
tradeItemId,1mvwntm
tradeItemId,1mvr278
tradeItemId,1mmoiy4
tradeItemId,1mvwcy4
tradeItemId,1mszo3s
tradeItemId,1mvbhuq
tradeItemId,1mmo5dw
tradeItemId,1mvivpu
tradeItemId,1mkmt0u
tradeItemId,1mvtnqs
tradeItemId,1muovce
tradeItemId,1mhqco8
tradeItemId,1muh5qa
tradeItemId,1mvyaj4
tradeItemId,1mk7qem
tradeItemId,1mvwsl8
tradeItemId,1mvwn1w
tradeItemId,1mvxl7m
tradeItemId,1mw651c
tradeItemId,1mqjdvc
tradeItemId,1mvb79a
tradeItemId,1mvbbg4
tradeItemId,1mvy8bq
tradeItemId,1m7blwk
tradeItemId,1mvnweu
tradeItemId,1mk7sss
tradeItemId,1mvdq1k
tradeItemId,1mv5x8g
tradeItemId,1mso4nm
tradeItemId,1mv6pgk
tradeItemId,1mvz6h4
tradeItemId,1mvvosm
tradeItemId,1mtl8nu
tradeItemId,1mlfi2u
tradeItemId,1mvlhnu
tradeItemId,1mvntro
tradeItemId,1mvqec4
tradeItemId,1mrnoaw
tradeItemId,1ml9rxq
tradeItemId,1mvd8zc
tradeItemId,1mpdeue
tradeItemId,1mviwzo
tradeItemId,1mvn9ji
tradeItemId,1mppvpi
tradeItemId,1ms4v14
tradeItemId,1mvvow4
tradeItemId,1mvgmdw
tradeItemId,1mu49ck
tradeItemId,1mrn52y
tradeItemId,1ms0rae
tradeItemId,1mmoblk
tradeItemId,1mvqtmk
tradeItemId,1mtuzq6
tradeItemId,1mvil2k
tradeItemId,1mvsipc
tradeItemId,1mvgg8u
tradeItemId,1mvp2pk
tradeItemId,1k7j0ba
tradeItemId,1mdc6yq
tradeItemId,1mtc8du
tradeItemId,1mvpwao
tradeItemId,1mvwmw0
tradeItemId,1mvrqy0
tradeItemId,1mdbb0a
tradeItemId,1mvgtve
tradeItemId,1mvolyo
tradeItemId,1mvrrfi
tradeItemId,1mumwr2
tradeItemId,1mvwlhu
tradeItemId,1mvgohi
tradeItemId,1mrvi8o
tradeItemId,1mspi40
tradeItemId,1mvpks2
tradeItemId,1lxbpfw
tradeItemId,1mfwu9w
tradeItemId,1msar0q

