区域,昆明,餐饮类型,日韩料理,店铺id,5653092,店铺名称,米恩香（建设路店）,经度,102.696351,纬度,25.052144
区域,昆明,餐饮类型,云贵菜,店铺id,1254651,店铺名称,年轮菜馆•云南菜（金碧店）,经度,102.710535,纬度,25.034127
区域,昆明,餐饮类型,火锅,店铺id,1578496500,店铺名称,本小蛙（正义坊店）,经度,102.709531,纬度,25.038955
区域,昆明,餐饮类型,生日蛋糕,店铺id,69965117,店铺名称,伊雅蛋糕（穿金路店）,经度,102.72362,纬度,25.050484
区域,安宁,餐饮类型,云贵菜,店铺id,5937432,店铺名称,云南人家（大屯店）,经度,102.468097,纬度,24.914702
区域,昆明,餐饮类型,其他美食,店铺id,862185658,店铺名称,德傣餐饮手抓饭,经度,102.768901,纬度,24.969232
区域,昆明,餐饮类型,火锅,店铺id,1255823,店铺名称,香锅美食源,经度,102.784163,纬度,24.995416
区域,昆明,餐饮类型,生日蛋糕,店铺id,1378656,店铺名称,DOBOSS多柏思（环西店）,经度,102.6908,纬度,25.03573
区域,昆明,餐饮类型,火锅,店铺id,666541188,店铺名称,石里羊场全羊火锅,经度,102.726299,纬度,25.062434
区域,昆明,餐饮类型,火锅,店铺id,1250873,店铺名称,何老幺野鱼（国贸路店）,经度,102.74088,纬度,25.0105
区域,昆明,餐饮类型,小吃快餐,店铺id,1251237,店铺名称,林鑫大厂肠旺米线（北京路中段店）,经度,102.719015,纬度,25.048308
区域,昆明,餐饮类型,中式烧烤/烤串,店铺id,42571009,店铺名称,阡榆佳景烤羊庄,经度,102.726794,纬度,25.12593
区域,昆明,餐饮类型,西餐,店铺id,5007157,店铺名称,青鸟春膳西餐厅（翠湖店）,经度,102.703735,纬度,25.045762
区域,昆明,餐饮类型,小吃快餐,店铺id,42267836,店铺名称,桥香园（世纪金源店）,经度,102.762957,纬度,24.97769
区域,昆明,餐饮类型,中式烧烤/烤串,店铺id,42571009,店铺名称,阡榆佳景烤羊庄,经度,102.726794,纬度,25.12593
区域,昆明,餐饮类型,江河湖海鲜,店铺id,4866271,店铺名称,私房蟹逅,经度,102.720459,纬度,25.074396
区域,昆明,餐饮类型,火锅,店铺id,40183086,店铺名称,雅府正红木桶鱼（昆明旗舰店）,经度,102.740008,纬度,25.096824
区域,昆明,餐饮类型,火锅,店铺id,193656982,店铺名称,一朵菌野生菌火锅（白云路店）,经度,102.72052,纬度,25.06644
区域,昆明,餐饮类型,生日蛋糕,店铺id,52438812,店铺名称,原味坊蛋糕店（锦苑花园店）,经度,102.72177,纬度,25.002077
区域,昆明,餐饮类型,饮品店,店铺id,41987614,店铺名称,帕萨咖啡（新亚洲体育城店）,经度,102.76459,纬度,24.94607
区域,昆明,餐饮类型,云贵菜,店铺id,42044246,店铺名称,花园1号,经度,102.651078,纬度,25.041413
区域,昆明,餐饮类型,小吃快餐,店铺id,40418455,店铺名称,鱼嚒嚒（新迎总店）,经度,102.735536,纬度,25.049692
区域,昆明,餐饮类型,江河湖海鲜,店铺id,4424194,店铺名称,徐记.蟹嘎嘎辣螃蟹,经度,102.662719,纬度,25.034339
区域,昆明,餐饮类型,火锅,店铺id,761320328,店铺名称,胡同涮羊肉自助火锅（圆西路店）,经度,102.705651,纬度,25.055196
区域,昆明,餐饮类型,火锅,店铺id,2544877,店铺名称,佈食渔海湾参鱼火锅（寺瓦路店）,经度,102.756372,纬度,25.041571
区域,昆明,餐饮类型,生日蛋糕,店铺id,5340391,店铺名称,希曼烘焙（星耀店）,经度,102.76374,纬度,24.953546
区域,昆明,餐饮类型,火锅,店铺id,1453261917,店铺名称,七掌柜精选自助火锅（富康城店）,经度,102.792965,纬度,24.967978
区域,昆明,餐饮类型,烧烤烤串,店铺id,41115597,店铺名称,赛兰牛气冲天正宗昭通小肉串烧烤（南亚二分店）,经度,102.681879,纬度,25.007166
区域,昆明,餐饮类型,小吃快餐,店铺id,40944970,店铺名称,张傻羊肉米线,经度,102.69675,纬度,25.036931
区域,昆明,餐饮类型,火锅,店铺id,713295159,店铺名称,菌彩野生菌火锅（滇池店）,经度,102.679108,纬度,25.005997
区域,昆明,餐饮类型,江河湖海鲜,店铺id,1254013,店铺名称,花园渔村（天鸿店）,经度,102.697916,纬度,25.035355
区域,昆明,餐饮类型,饮品店,店铺id,6014712,店铺名称,刘念咖啡馆,经度,102.702073,纬度,25.037712
区域,昆明,餐饮类型,火锅,店铺id,194690978,店铺名称,马路边边麻辣烫（云纺店）,经度,102.710266,纬度,25.021584
区域,昆明,餐饮类型,面包甜点,店铺id,5285264,店铺名称,古滇花韵鲜花饼,经度,102.725081,纬度,24.98349
区域,昆明,餐饮类型,饮品店,店铺id,42852774,店铺名称,倾城花园咖啡馆,经度,102.708041,纬度,25.047544
区域,昆明,餐饮类型,火锅,店铺id,1578947101,店铺名称,贵锅·豆干自助火锅,经度,102.860817,纬度,24.856899
区域,昆明,餐饮类型,火锅,店铺id,6559899,店铺名称,城林园红河干锅旱鸭店（总店）,经度,102.639572,纬度,25.052526
区域,昆明,餐饮类型,火锅,店铺id,41013400,店铺名称,清真伊乡园牛肉火锅,经度,102.700762,纬度,25.06767
区域,昆明,餐饮类型,火锅,店铺id,6859154,店铺名称,憨石匠土火锅（官南店）,经度,102.72126,纬度,24.98249
区域,昆明,餐饮类型,中式烧烤/烤串,店铺id,1255220,店铺名称,尹赖仕鸡脚王第5分店（世纪城店）,经度,102.757547,纬度,24.973992
区域,昆明,餐饮类型,云贵菜,店铺id,1251346,店铺名称,德宏傣家园,经度,102.682626,纬度,25.047639
区域,昆明,餐饮类型,火锅,店铺id,165889776,店铺名称,牛很鲜潮汕牛肉火锅（南亚店）,经度,102.68597,纬度,25.00826
区域,昆明,餐饮类型,香锅烤鱼,店铺id,41013882,店铺名称,留一手特色烤鱼,经度,102.761714,纬度,24.966994
区域,昆明,餐饮类型,小吃快餐,店铺id,41108085,店铺名称,胖子极品冒菜（白龙店）,经度,102.750668,纬度,25.058684
区域,昆明,餐饮类型,烧烤烤串,店铺id,601936106,店铺名称,山禾家·日式烧肉（大悦城店）,经度,102.714026,纬度,25.02135
区域,昆明,餐饮类型,火锅,店铺id,5831462,店铺名称,花溪清汤鹅（高新店）,经度,102.657081,纬度,25.065881
区域,昆明,餐饮类型,其他美食,店铺id,50621482,店铺名称,傣味云南,经度,102.71863,纬度,25.008426
区域,昆明,餐饮类型,火锅,店铺id,194979916,店铺名称,渝州老舍重庆鲜菜火锅,经度,102.71441,纬度,25.05686
区域,昆明,餐饮类型,小吃快餐,店铺id,42321795,店铺名称,河北水饺,经度,102.723091,纬度,25.054692
区域,昆明,餐饮类型,小吃快餐,店铺id,40313759,店铺名称,罗家小铺甩手粑粑,经度,102.7131,纬度,25.035289
区域,昆明,餐饮类型,火锅,店铺id,42639649,店铺名称,辰渝花园火锅,经度,102.73502,纬度,25.081911
区域,昆明,餐饮类型,火锅,店铺id,4174102,店铺名称,土鸡野生菌石锅鱼,经度,102.670141,纬度,25.059627
区域,昆明,餐饮类型,创意菜,店铺id,1564969,店铺名称,广来顺清真主题餐厅,经度,102.732631,纬度,25.06677
区域,昆明,餐饮类型,云贵菜,店铺id,1982165706,店铺名称,C先生厨房（霖岚广场店）,经度,102.73049,纬度,25.05418
区域,昆明,餐饮类型,云贵菜,店铺id,4085060,店铺名称,胖哥柴火鸡,经度,102.766962,纬度,25.093301
区域,昆明,餐饮类型,云贵菜,店铺id,1251692,店铺名称,热火朝天驴肉馆（昆明总店）,经度,102.71496,纬度,25.05126
区域,昆明,餐饮类型,烧烤烤串,店铺id,1991233434,店铺名称,马国烧烤美食（清真）,经度,102.74977,纬度,25.005897
区域,昆明,餐饮类型,火锅,店铺id,42748547,店铺名称,小妙手重庆老火锅（翠园店）,经度,102.692872,纬度,25.054823
区域,昆明,餐饮类型,川湘菜,店铺id,42187179,店铺名称,徐记红河干锅旱鸭,经度,102.726217,纬度,25.019081
区域,昆明,餐饮类型,烧烤烤串,店铺id,1991233434,店铺名称,马国烧烤美食（清真）,经度,102.74977,纬度,25.005897
区域,昆明,餐饮类型,火锅,店铺id,2770875,店铺名称,馋嘴鸭（毛哥老鸭汤）,经度,103.185896,纬度,26.07033
区域,昆明,餐饮类型,火锅,店铺id,1253208,店铺名称,彝人部落牛汤锅（总店）,经度,102.73199,纬度,25.03763
区域,昆明,餐饮类型,火锅,店铺id,169104894,店铺名称,一朵菌野生菌火锅（南亚店）,经度,102.68527,纬度,25.00681
区域,昆明,餐饮类型,自助餐,店铺id,5477848,店铺名称,富力万达文华酒店美食汇餐厅,经度,102.711254,纬度,25.007277
区域,昆明,餐饮类型,云贵菜,店铺id,4055513,店铺名称,伊达园牛菜馆,经度,102.690521,纬度,25.043956
区域,昆明,餐饮类型,火锅,店铺id,161871220,店铺名称,李记鱼菌园（长水航城店）,经度,102.937359,纬度,25.072397
区域,昆明,餐饮类型,火锅,店铺id,1250902,店铺名称,闰祥釜·福润肥牛（北仓园丁店）,经度,102.733005,纬度,25.101111
区域,昆明,餐饮类型,香锅烤鱼,店铺id,4595079,店铺名称,清真三家寨干锅牛肉,经度,102.729956,纬度,25.109543
区域,昆明,餐饮类型,云贵菜,店铺id,177900490,店铺名称,老滇山寨（金碧店）,经度,102.710615,纬度,25.034239
区域,昆明,餐饮类型,火锅,店铺id,6859688,店铺名称,保山铜瓢牛肉,经度,102.707271,纬度,25.016872
区域,安宁,餐饮类型,特色菜,店铺id,2271820,店铺名称,滇食聚,经度,102.493023,纬度,24.927424
区域,昆明,餐饮类型,素食,店铺id,1265743690,店铺名称,万福素食,经度,102.71847,纬度,25.05477
区域,昆明,餐饮类型,火锅,店铺id,3270857,店铺名称,菌故·野生菌火锅（南屏店）,经度,102.712794,纬度,25.034328
区域,昆明,餐饮类型,自助餐,店铺id,6756292,店铺名称,佳客来牛排火锅自助（正义坊店）,经度,102.709623,纬度,25.039405
区域,昆明,餐饮类型,生日蛋糕,店铺id,108051317,店铺名称,嘉华饼屋JOY BAKERY（七彩云南店）,经度,102.824918,纬度,24.877482
区域,昆明,餐饮类型,火锅,店铺id,41237005,店铺名称,清真·小马哥坛火牛肉,经度,102.79154,纬度,24.97622
区域,昆明,餐饮类型,香锅烤鱼,店铺id,41756121,店铺名称,万州烤鱼,经度,102.757643,纬度,24.963962
区域,昆明,餐饮类型,火锅,店铺id,563840860,店铺名称,大胃王猪肚包鸡养生火锅（大商汇耍街店）,经度,102.714261,纬度,24.981802
区域,昆明,餐饮类型,小吃快餐,店铺id,42817794,店铺名称,疯狂烤猪蹄（祥云美食城店）,经度,102.712891,纬度,25.035298
区域,昆明,餐饮类型,火锅,店铺id,2271726,店铺名称,彝乡牛汤锅（高峣店）,经度,102.624486,纬度,24.98166
区域,昆明,餐饮类型,火锅,店铺id,1706531237,店铺名称,哥两红串串香,经度,102.761438,纬度,25.046749
区域,昆明,餐饮类型,云贵菜,店铺id,1251069,店铺名称,红豆园（茭菱路店）,经度,102.680431,纬度,25.049095
区域,昆明,餐饮类型,川湘菜,店铺id,6784369,店铺名称,杨林闻氏兄弟酸菜鱼（寺瓦路店）,经度,102.759031,纬度,25.044189
区域,昆明,餐饮类型,火锅,店铺id,644771780,店铺名称,千巷溢成都火锅音乐餐吧,经度,102.664347,纬度,25.051208
区域,昆明,餐饮类型,火锅,店铺id,41315684,店铺名称,重庆哈儿土火锅（美璟欣城店）,经度,102.732714,纬度,25.09793
区域,昆明,餐饮类型,小吃快餐,店铺id,41973798,店铺名称,赛义德沾益辣子鸡（篆新店）,经度,102.69245,纬度,25.036084
区域,昆明,餐饮类型,烧烤烤串,店铺id,160012055,店铺名称,正宗眼镜烧烤,经度,102.729055,纬度,24.99825
区域,昆明,餐饮类型,北京菜,店铺id,5846270,店铺名称,鸭旭北京烤鸭（百富琪总店）,经度,102.726763,纬度,25.025218
区域,昆明,餐饮类型,生日蛋糕,店铺id,41530706,店铺名称,法国味芙烘焙,经度,102.772224,纬度,25.00601
区域,昆明,餐饮类型,烧烤烤串,店铺id,160012055,店铺名称,正宗眼镜烧烤,经度,102.729055,纬度,24.99825
区域,昆明,餐饮类型,生日蛋糕,店铺id,4444952,店铺名称,面包先生原味烘焙（新迎店）,经度,102.731806,纬度,25.048584
区域,昆明,餐饮类型,云贵菜,店铺id,42840753,店铺名称,余记王中王鲜鲜牛大锅,经度,102.735353,纬度,25.072327
区域,昆明,餐饮类型,火锅,店铺id,193720310,店铺名称,菌故·野生菌火锅（小花园店）,经度,102.714006,纬度,25.042113
区域,昆明,餐饮类型,火锅,店铺id,2460080,店铺名称,福滇园·煳辣鱼·酸萝卜乌江鱼（金江店）,经度,102.740457,纬度,25.098226
区域,安宁,餐饮类型,香锅烤鱼,店铺id,5574023,店铺名称,壹家烤鱼,经度,102.465112,纬度,24.911946
区域,昆明,餐饮类型,火锅,店铺id,6970320,店铺名称,菌故·大山源肚子鸡野生菌（金实店）,经度,102.732453,纬度,25.074788
区域,昆明,餐饮类型,火锅,店铺id,5199078,店铺名称,汇风轩老读书浦酸笋鸡（黑林铺景秀西苑总店）,经度,102.646766,纬度,25.053217
区域,昆明,餐饮类型,火锅,店铺id,42716367,店铺名称,雅府正红木桶鱼（珥季路店）,经度,102.754289,纬度,24.961461
区域,昆明,餐饮类型,川湘菜,店铺id,1914957801,店铺名称,老调酸菜鱼（建设路店）,经度,102.696291,纬度,25.050284
区域,昆明,餐饮类型,日韩料理,店铺id,41174415,店铺名称,唔里吉韩国烤肉专门店,经度,102.679578,纬度,25.057276
区域,昆明,餐饮类型,火锅,店铺id,41911128,店铺名称,徐州人家柴火鸡（高原明珠店）,经度,102.752848,纬度,24.98172
区域,昆明,餐饮类型,火锅,店铺id,179361086,店铺名称,菌故·野生菌肚子鸡火锅（小西门店）,经度,102.698391,纬度,25.043114
区域,昆明,餐饮类型,川湘菜,店铺id,42293487,店铺名称,乡坝头柴火鸡,经度,102.727072,纬度,25.006259
区域,昆明,餐饮类型,特色菜,店铺id,2740900,店铺名称,经典私房菜,经度,102.662458,纬度,25.034084
区域,昆明,餐饮类型,云贵菜,店铺id,169148249,店铺名称,宝兴楼·云南菜（万科学府分店）,经度,102.687712,纬度,25.063438
区域,昆明,餐饮类型,小吃快餐,店铺id,41506494,店铺名称,三顾冒菜,经度,102.738555,纬度,25.007315
区域,昆明,餐饮类型,川湘菜,店铺id,2432586,店铺名称,杨林闻氏兄弟酸菜鱼（白云路店）,经度,102.73136,纬度,25.061715
区域,昆明,餐饮类型,火锅,店铺id,6841218,店铺名称,山菌王（宝海店）,经度,102.7361,纬度,25.011789
区域,昆明,餐饮类型,火锅,店铺id,40145464,店铺名称,抚仙湖石锅生态鱼,经度,102.674725,纬度,25.042263
区域,昆明,餐饮类型,云贵菜,店铺id,6440051,店铺名称,傣味轩•云南特色菜（南屏街东口店）,经度,102.71311,纬度,25.037297
区域,昆明,餐饮类型,火锅,店铺id,926566399,店铺名称,重庆真味鱼府,经度,102.70849,纬度,25.00728
区域,昆明,餐饮类型,小吃快餐,店铺id,41873139,店铺名称,穆景星辰清真冒菜（王旗营店）,经度,102.72985,纬度,25.06144
区域,昆明,餐饮类型,云贵菜,店铺id,2271148,店铺名称,读书铺酸笋鸡（教场北路店）,经度,102.69786,纬度,25.07257
区域,昆明,餐饮类型,火锅,店铺id,895961713,店铺名称,新龍人家鱼公馆,经度,102.830521,纬度,24.947041
区域,昆明,餐饮类型,川湘菜,店铺id,40871551,店铺名称,二嘎婆柴火鸡,经度,102.75673,纬度,24.96246
区域,昆明,餐饮类型,云贵菜,店铺id,42648689,店铺名称,昭通乡土菜馆,经度,102.849891,纬度,24.8502
区域,昆明,餐饮类型,生日蛋糕,店铺id,94700246,店铺名称,嘉华饼屋（红星国际店）,经度,102.684192,纬度,24.992803
区域,昆明,餐饮类型,小吃快餐,店铺id,1249936,店铺名称,老三家曲靖蒸饵丝（虹山东路店）,经度,102.689798,纬度,25.054581
区域,昆明,餐饮类型,自助餐,店铺id,62611,店铺名称,南亚风情园豪生大酒店,经度,102.826779,纬度,24.885719
区域,昆明,餐饮类型,云贵菜,店铺id,114771044,店铺名称,巅味情跳菜食府（金瓦路店）,经度,102.75699,纬度,25.042424
区域,昆明,餐饮类型,云贵菜,店铺id,40786392,店铺名称,傣族人家（高新分店）,经度,102.657604,纬度,25.075905
区域,昆明,餐饮类型,东南亚菜,店铺id,2472211,店铺名称,泰皇阁,经度,102.658796,纬度,25.069514
区域,昆明,餐饮类型,火锅,店铺id,163933180,店铺名称,雄柒映象老火锅,经度,102.709429,纬度,25.03919
区域,昆明,餐饮类型,火锅,店铺id,41189923,店铺名称,重庆毛儿老火锅（岔街店）,经度,102.729831,纬度,25.031296
区域,昆明,餐饮类型,小吃快餐,店铺id,41703982,店铺名称,楊銘宇黄燜雞米飯（呈贡龙城店）,经度,102.800439,纬度,24.889348
区域,昆明,餐饮类型,火锅,店铺id,1937832215,店铺名称,在蜀里老火锅（子君村店）,经度,102.77681,纬度,24.95091
区域,昆明,餐饮类型,火锅,店铺id,1251733,店铺名称,鱼有天下（正义坊店）,经度,102.709744,纬度,25.038756
区域,昆明,餐饮类型,小吃快餐,店铺id,40884065,店铺名称,胖子冒菜（关上森林公园店）,经度,102.746895,纬度,25.007723
区域,昆明,餐饮类型,小龙虾,店铺id,1484985747,店铺名称,钱庄重庆小龙虾,经度,102.686401,纬度,25.007098
区域,昆明,餐饮类型,火锅,店铺id,6931481,店铺名称,石味轩,经度,102.90008,纬度,25.059724
区域,昆明,餐饮类型,香锅烤鱼,店铺id,41743444,店铺名称,诸葛烤鱼,经度,102.76153,纬度,24.955903
区域,昆明,餐饮类型,生日蛋糕,店铺id,90733722,店铺名称,欧菲克蛋糕（东华店）,经度,102.735506,纬度,25.049835
区域,昆明,餐饮类型,火锅,店铺id,6218464,店铺名称,土坛酸汤片片鱼火锅（西站店）,经度,102.68753,纬度,25.05508
区域,昆明,餐饮类型,自助餐,店铺id,52386255,店铺名称,上井精致料理（柏联店）,经度,102.7104,纬度,25.035274
区域,昆明,餐饮类型,面包甜点,店铺id,1255825,店铺名称,嘉华饼屋（中汇店）,经度,102.739729,纬度,25.092469
区域,昆明,餐饮类型,火锅,店铺id,1472329,店铺名称,花溪村清汤鹅（永昌店）,经度,102.704764,纬度,25.017352
区域,昆明,餐饮类型,素食,店铺id,4214243,店铺名称,妙膳素食餐厅,经度,102.741778,纬度,25.010743
区域,昆明,餐饮类型,云贵菜,店铺id,1546662946,店铺名称,思茅土灶特色思茅野菜（二分店）,经度,102.753001,纬度,24.981134
区域,昆明,餐饮类型,烧烤烤串,店铺id,41121868,店铺名称,一起烤羊腿,经度,102.714877,纬度,25.079653
区域,昆明,餐饮类型,火锅,店铺id,6203789,店铺名称,驼峰野菌王火锅,经度,102.738268,纬度,25.01329
区域,昆明,餐饮类型,火锅,店铺id,808759005,店铺名称,神筋火锅·牛筋米捞,经度,102.658169,纬度,25.090259
区域,昆明,餐饮类型,面包甜点,店铺id,4794002,店铺名称,花韵留香鲜花饼（总店）,经度,102.754178,纬度,24.95394
区域,昆明,餐饮类型,特色菜,店铺id,50125136,店铺名称,清真·优阳餐厅,经度,102.712965,纬度,24.965237
区域,昆明,餐饮类型,火锅,店铺id,184395784,店铺名称,重庆花园老灶火锅（虹山东路24小时总店）,经度,102.687378,纬度,25.06336
区域,昆明,餐饮类型,粤港菜,店铺id,40711193,店铺名称,味王广式烧腊烧鹅饭,经度,102.72226,纬度,25.07532
区域,昆明,餐饮类型,云贵菜,店铺id,6572403,店铺名称,保山火炉牛肉,经度,102.691499,纬度,25.00508
区域,昆明,餐饮类型,江浙菜,店铺id,1298097801,店铺名称,蔡鹏饭店,经度,102.710382,纬度,25.021372
区域,昆明,餐饮类型,小吃快餐,店铺id,42465471,店铺名称,老仓醋米线（环城东路店）,经度,102.732,纬度,25.045339
区域,昆明,餐饮类型,小吃快餐,店铺id,41694707,店铺名称,33号口缸米线,经度,102.698001,纬度,25.052867
区域,昆明,餐饮类型,小吃快餐,店铺id,1550404618,店铺名称,庙东排骨（端仕街店）,经度,102.71183,纬度,25.037111
区域,昆明,餐饮类型,小吃快餐,店铺id,41732661,店铺名称,不二汤包（爱琴海购物公园店）,经度,102.685052,纬度,24.99217
区域,昆明,餐饮类型,云贵菜,店铺id,2573583,店铺名称,滇缅213傣味,经度,102.75643,纬度,25.084477
区域,昆明,餐饮类型,火锅,店铺id,1408148125,店铺名称,重庆花园老灶火锅（丽阳星城店）,经度,102.64296,纬度,25.07723
区域,昆明,餐饮类型,饮品店,店铺id,41193863,店铺名称,MILKY&Coffee鲜奶'咖,经度,102.733247,纬度,25.079675
区域,昆明,餐饮类型,香锅烤鱼,店铺id,42951460,店铺名称,青年乌托邦主题餐厅（欣都龙城店）,经度,102.733787,纬度,25.079187
区域,昆明,餐饮类型,烧烤烤串,店铺id,99096071,店铺名称,乐忆园蒙藏风情休闲山庄,经度,102.82488,纬度,25.0877
区域,安宁,餐饮类型,小吃快餐,店铺id,50186531,店铺名称,点食坊莲花白米线,经度,102.461105,纬度,24.911194
区域,昆明,餐饮类型,云贵菜,店铺id,41670942,店铺名称,小瓦房十里鸭香园,经度,102.750725,纬度,25.072472
区域,昆明,餐饮类型,火锅,店铺id,1193718032,店铺名称,潮莊野生菌火锅,经度,102.76625,纬度,24.94796
区域,昆明,餐饮类型,火锅,店铺id,4648446,店铺名称,（清真）带皮小黄牛火锅,经度,102.727709,纬度,25.067357
区域,昆明,餐饮类型,小吃快餐,店铺id,41085864,店铺名称,汇来大嘴私房米线,经度,102.737197,纬度,25.070592
区域,昆明,餐饮类型,其他美食,店铺id,1096343075,店铺名称,德宏地道傣味馆•特色民族菜（万达店）,经度,102.710477,纬度,25.007698
区域,昆明,餐饮类型,自助餐,店铺id,6739731,店铺名称,鑫胖胖自助烤肉（昆明走廊店）,经度,102.713782,纬度,25.041248
区域,安宁,餐饮类型,火锅,店铺id,41551733,店铺名称,重庆奇香老火锅,经度,102.471823,纬度,24.912299
区域,昆明,餐饮类型,烧烤烤串,店铺id,99096071,店铺名称,乐忆园蒙藏风情休闲山庄,经度,102.82488,纬度,25.0877
区域,昆明,餐饮类型,火锅,店铺id,1255974,店铺名称,花溪村清汤鹅（昌宏路店）,经度,102.782587,纬度,24.999114
区域,昆明,餐饮类型,面包甜点,店铺id,2270073,店铺名称,嘉华鲜花饼（青年路店）,经度,102.715912,纬度,25.041838
区域,昆明,餐饮类型,其他美食,店铺id,1096343075,店铺名称,德宏地道傣味馆•特色民族菜（万达店）,经度,102.710477,纬度,25.007698
区域,昆明,餐饮类型,火锅,店铺id,41867728,店铺名称,潮辣矿泉水火锅（金色店）,经度,102.730925,纬度,25.08521
区域,昆明,餐饮类型,小吃快餐,店铺id,4913013,店铺名称,蒸好吃（走廊店）,经度,102.713871,纬度,25.040989
区域,昆明,餐饮类型,火锅,店铺id,1473944449,店铺名称,蜀韵蜀味火锅,经度,102.694026,纬度,24.981588
区域,昆明,餐饮类型,西餐,店铺id,42553107,店铺名称,贵族世家牛排（新亚洲店）,经度,102.76473,纬度,24.94477
区域,昆明,餐饮类型,面包甜点,店铺id,52770713,店铺名称,饼之初,经度,102.660536,纬度,25.060205
区域,昆明,餐饮类型,川湘菜,店铺id,679126299,店铺名称,泰米厨房美食汇,经度,102.708921,纬度,25.031123
区域,昆明,餐饮类型,小吃快餐,店铺id,41547821,店铺名称,楊銘宇黄燜雞米飯（教场西路店）,经度,102.697021,纬度,25.065636
区域,昆明,餐饮类型,火锅,店铺id,40604800,店铺名称,花溪清汤鹅（阳光花园店）,经度,102.677633,纬度,25.010038
区域,安宁,餐饮类型,火锅,店铺id,184450587,店铺名称,小妙手重庆老火锅（安宁店）,经度,102.453915,纬度,24.919055
区域,昆明,餐饮类型,素食,店铺id,41920412,店铺名称,昆明六和圆素食餐厅,经度,102.748798,纬度,25.086379
区域,安宁,餐饮类型,火锅,店铺id,40753832,店铺名称,重庆巴香老火锅,经度,102.487608,纬度,24.931918
区域,昆明,餐饮类型,饮品店,店铺id,1053493147,店铺名称,高汐尔意大利冰淇淋（同德店）,经度,102.72494,纬度,25.067917
区域,昆明,餐饮类型,火锅,店铺id,40606025,店铺名称,蜀齐重庆老火锅,经度,102.725107,纬度,25.030331
区域,昆明,餐饮类型,烧烤烤串,店铺id,2499723,店铺名称,亚马逊巴西烤肉（七彩metown店）,经度,102.726608,纬度,25.048538
区域,安宁,餐饮类型,火锅,店铺id,184450587,店铺名称,小妙手重庆老火锅（安宁店）,经度,102.453915,纬度,24.919055
区域,昆明,餐饮类型,小吃快餐,店铺id,40080595,店铺名称,香无缺冒菜（麻园店）,经度,102.68167,纬度,25.05532
区域,昆明,餐饮类型,自助餐,店铺id,1250445,店铺名称,云安会都榕园西餐厅海鲜自助,经度,102.643444,纬度,25.023875
区域,昆明,餐饮类型,火锅,店铺id,1542145582,店铺名称,韩家正宗小黄牛羊肉火锅,经度,102.7063,纬度,25.01956
区域,昆明,餐饮类型,烧烤烤串,店铺id,90803,店铺名称,依佐拉巴西烤肉（正义店）,经度,102.709744,纬度,25.039525
区域,昆明,餐饮类型,西餐,店铺id,5032837,店铺名称,鑫盛达西餐厅,经度,102.792788,纬度,24.901623
区域,昆明,餐饮类型,香锅烤鱼,店铺id,1831481068,店铺名称,从牛·创意香锅（南亚店）,经度,102.685759,纬度,25.009879
区域,昆明,餐饮类型,自助餐,店铺id,91025,店铺名称,锦江大酒店旋转餐厅,经度,102.720606,纬度,25.020756
区域,昆明,餐饮类型,火锅,店铺id,4005293,店铺名称,重庆土贼老火锅（珥季路店）,经度,102.76429,纬度,24.96896
区域,昆明,餐饮类型,云贵菜,店铺id,195930108,店铺名称,云色傣乡.傣味云南特色菜（恒隆广场店）,经度,102.72148,纬度,25.036823
区域,昆明,餐饮类型,小吃快餐,店铺id,41301117,店铺名称,七恭冒菜（万达店）,经度,102.70776,纬度,25.009008
区域,昆明,餐饮类型,其他美食,店铺id,4073584,店铺名称,丽傣傣味餐厅（世纪城店）,经度,102.755608,纬度,24.960992
区域,昆明,餐饮类型,生日蛋糕,店铺id,596844016,店铺名称,糕手匠.私人订制蛋糕（新迎店）,经度,102.741757,纬度,25.046165
区域,昆明,餐饮类型,火锅,店铺id,41564417,店铺名称,源汁羊肉馆,经度,102.739673,纬度,25.037706
区域,昆明,餐饮类型,火锅,店铺id,2508495,店铺名称,保山火塘牛肉（农大店）,经度,102.74164,纬度,25.12603
区域,昆明,餐饮类型,火锅,店铺id,850905564,店铺名称,挥一刀重庆火锅,经度,102.860817,纬度,24.856899
区域,昆明,餐饮类型,火锅,店铺id,1250480,店铺名称,旺岛火锅店,经度,102.69867,纬度,25.05136
区域,昆明,餐饮类型,云贵菜,店铺id,4909696,店铺名称,热土地傣味园,经度,102.675047,纬度,25.050031
区域,昆明,餐饮类型,饮品店,店铺id,1053493147,店铺名称,高汐尔意大利冰淇淋（同德店）,经度,102.72494,纬度,25.067917
区域,安宁,餐饮类型,面包甜点,店铺id,5946525,店铺名称,多米诺甜品（时代广场店）,经度,102.46549,纬度,24.91262
区域,昆明,餐饮类型,烧烤烤串,店铺id,4425124,店铺名称,527自助纸上烤肉,经度,102.677081,纬度,25.053505
区域,昆明,餐饮类型,火锅,店铺id,187104928,店铺名称,土灶香柴火鸡,经度,102.79404,纬度,24.97986
区域,昆明,餐饮类型,火锅,店铺id,40717014,店铺名称,重庆风光老灶火锅（珥季路店）,经度,102.762887,纬度,24.967878
区域,昆明,餐饮类型,小吃快餐,店铺id,51380842,店铺名称,长沙臭豆腐（圆西路）,经度,102.706765,纬度,25.056638
区域,昆明,餐饮类型,云贵菜,店铺id,194932844,店铺名称,傣家小院民族菜（昆明站店）,经度,102.720865,纬度,25.021955
区域,昆明,餐饮类型,小吃快餐,店铺id,50579950,店铺名称,老师专·玉溪特色小吃,经度,102.7149,纬度,25.04158
区域,昆明,餐饮类型,火锅,店铺id,5599793,店铺名称,香穆村明炉牛肉火锅,经度,102.690226,纬度,25.003271
区域,昆明,餐饮类型,烧烤烤串,店铺id,90160598,店铺名称,老杨烧豆腐,经度,102.69096,纬度,25.00855
区域,昆明,餐饮类型,小吃快餐,店铺id,41244631,店铺名称,杨铭宇黄焖鸡米饭（北辰店）,经度,102.72808,纬度,25.07742
区域,昆明,餐饮类型,火锅,店铺id,2270847,店铺名称,抚仙湖铜锅石锅鱼庄,经度,102.74219,纬度,25.06039
区域,昆明,餐饮类型,火锅,店铺id,188664901,店铺名称,清真·酸菜牛肉·酸笋鸡火锅,经度,102.706291,纬度,25.036362
区域,安宁,餐饮类型,小吃快餐,店铺id,52861036,店铺名称,富源酸菜猪脚,经度,102.46492,纬度,24.911294
区域,昆明,餐饮类型,其他美食,店铺id,1254484,店铺名称,月润德宏傣味（滇池路店）,经度,102.667354,纬度,25.002383
区域,昆明,餐饮类型,火锅,店铺id,163923323,店铺名称,重庆菜源坝子老火锅,经度,102.6752,纬度,24.99354
区域,昆明,餐饮类型,西餐,店铺id,6135229,店铺名称,大漠汉堡麻园店,经度,102.678516,纬度,25.055113
区域,昆明,餐饮类型,中式烧烤/烤串,店铺id,4050868,店铺名称,口里香碳烤羊腿（明珠店）,经度,102.753676,纬度,24.981107
区域,安宁,餐饮类型,火锅,店铺id,184939797,店铺名称,焱九簋美蛙鱼头火锅,经度,102.464698,纬度,24.912047
区域,昆明,餐饮类型,火锅,店铺id,41132249,店铺名称,保山火塘牛肉（广福店）,经度,102.695366,纬度,24.984924
区域,昆明,餐饮类型,火锅,店铺id,5712320,店铺名称,石锅鱼野生菌乔老爷总店,经度,102.726876,纬度,25.103212
区域,昆明,餐饮类型,香锅烤鱼,店铺id,162056669,店铺名称,好吃狐麻辣香锅,经度,102.860577,纬度,24.856239
区域,昆明,餐饮类型,自助餐,店铺id,6032160,店铺名称,食尚宫纸上烤肉 边烤边涮（理工店）,经度,102.851547,纬度,24.850272
区域,昆明,餐饮类型,火锅,店铺id,1577101,店铺名称,石磨传奇.豆花肚子鸡（祥云街店）,经度,102.712814,纬度,25.034439
区域,昆明,餐饮类型,饮品店,店铺id,193873226,店铺名称,猫岛,经度,102.752408,纬度,25.085967
区域,昆明,餐饮类型,云贵菜,店铺id,2270729,店铺名称,锅子楼家常菜（文林街店）,经度,102.698715,纬度,25.051248
区域,昆明,餐饮类型,小吃快餐,店铺id,6769813,店铺名称,蟹老毛特色啤酒辣螃蟹,经度,102.737542,纬度,25.049821
区域,昆明,餐饮类型,火锅,店铺id,187104928,店铺名称,土灶香柴火鸡,经度,102.79404,纬度,24.97986
区域,昆明,餐饮类型,小吃快餐,店铺id,1255296,店铺名称,玉罕勐海烤鸡店,经度,102.730962,纬度,25.073075
区域,昆明,餐饮类型,饮品店,店铺id,2271596,店铺名称,西堤岛休闲餐厅，音乐酒馆（世纪金源店）,经度,102.764009,纬度,24.977729
区域,昆明,餐饮类型,小吃快餐,店铺id,1446903204,店铺名称,尚碗陈食纯鸡汤土鸡过桥米线,经度,102.766585,纬度,24.948472
区域,昆明,餐饮类型,烧烤烤串,店铺id,2427103,店铺名称,合田牧羊烤全羊（云南野生动物园店）,经度,102.768695,纬度,25.098491
区域,昆明,餐饮类型,其他美食,店铺id,4145125,店铺名称,益华园,经度,102.74612,纬度,25.03551
区域,安宁,餐饮类型,火锅,店铺id,184450587,店铺名称,小妙手重庆老火锅（安宁店）,经度,102.453915,纬度,24.919055
区域,昆明,餐饮类型,云贵菜,店铺id,6042178,店铺名称,鸡皮老倌,经度,102.737285,纬度,25.061554
区域,昆明,餐饮类型,云贵菜,店铺id,41589507,店铺名称,园子小酌,经度,102.669128,纬度,25.000974
区域,昆明,餐饮类型,火锅,店铺id,159083423,店铺名称,诸葛燎重庆火锅（新迎总店）,经度,102.74236,纬度,25.04684
区域,昆明,餐饮类型,香锅烤鱼,店铺id,6428455,店铺名称,诸葛烤鱼,经度,102.850882,纬度,24.851166
区域,昆明,餐饮类型,云贵菜,店铺id,40985313,店铺名称,滇鑫园红河干锅旱鸭（寺瓦路店）,经度,102.758814,纬度,25.044134
区域,昆明,餐饮类型,饮品店,店铺id,1984121015,店铺名称,星国王羊驼咖啡馆（融创文旅店）,经度,102.654299,纬度,25.017879
区域,昆明,餐饮类型,火锅,店铺id,1250876,店铺名称,国府肥牛,经度,102.745911,纬度,25.006426
区域,安宁,餐饮类型,云贵菜,店铺id,41576281,店铺名称,保山火瓢牛肉,经度,102.50598,纬度,24.89321
区域,安宁,餐饮类型,其他美食,店铺id,185831453,店铺名称,酤居湖景音乐餐吧,经度,102.453952,纬度,24.919238
区域,昆明,餐饮类型,面包甜点,店铺id,4598277,店铺名称,云尚吉庆鲜花饼（关上总店）,经度,102.736939,纬度,25.011402
区域,昆明,餐饮类型,食品保健,店铺id,4396139,店铺名称,快乐厨师（华昌路店）,经度,102.704874,纬度,25.018246
区域,昆明,餐饮类型,饮品店,店铺id,193873226,店铺名称,猫岛,经度,102.752408,纬度,25.085967
区域,昆明,餐饮类型,烧烤烤串,店铺id,42789272,店铺名称,草原烤羊腿,经度,102.691247,纬度,25.004622
区域,昆明,餐饮类型,云贵菜,店铺id,5581435,店铺名称,摩梭泉水火塘（火锅、烧烤）,经度,102.780638,纬度,25.088423
区域,昆明,餐饮类型,饮品店,店铺id,186577664,店铺名称,HeHe新式茶饮（江东花园直营店）,经度,102.740282,纬度,25.086861
区域,昆明,餐饮类型,香锅烤鱼,店铺id,42806739,店铺名称,贵阳留一手特色烤鱼,经度,102.761582,纬度,24.955916
区域,昆明,餐饮类型,素食,店铺id,5580292,店铺名称,乐善斋素食（昆明走廊店）,经度,102.713919,纬度,25.040971
区域,昆明,餐饮类型,小吃快餐,店铺id,1446903204,店铺名称,尚碗陈食纯鸡汤土鸡过桥米线,经度,102.766585,纬度,24.948472
区域,昆明,餐饮类型,火锅,店铺id,2765428,店铺名称,阿莲红河干锅旱鸭（珥季路店）,经度,102.765144,纬度,24.969439
区域,昆明,餐饮类型,西餐,店铺id,50964380,店铺名称,pizza芝根芝底（和谐店）,经度,102.731198,纬度,25.101476
区域,昆明,餐饮类型,饮品店,店铺id,186577664,店铺名称,HeHe新式茶饮（江东花园直营店）,经度,102.740282,纬度,25.086861
区域,昆明,餐饮类型,西餐,店铺id,50964380,店铺名称,pizza芝根芝底（和谐店）,经度,102.731198,纬度,25.101476
区域,昆明,餐饮类型,小吃快餐,店铺id,50822830,店铺名称,吴氏台式鸡腿饭,经度,102.713186,纬度,25.035377
区域,昆明,餐饮类型,小吃快餐,店铺id,1784730195,店铺名称,庙东排骨（同德店）,经度,102.723643,纬度,25.068409
区域,昆明,餐饮类型,火锅,店铺id,41652463,店铺名称,金石锅鱼菌园（玉来鱼菌园）,经度,102.746175,纬度,25.029019
区域,昆明,餐饮类型,火锅,店铺id,6934094,店铺名称,野生菌石锅鱼,经度,102.663338,纬度,25.062769
区域,昆明,餐饮类型,饮品店,店铺id,1984121015,店铺名称,星国王羊驼咖啡馆（融创文旅店）,经度,102.654299,纬度,25.017879
区域,昆明,餐饮类型,西餐,店铺id,40991476,店铺名称,必欢客,经度,102.797019,纬度,24.889874
区域,昆明,餐饮类型,面包甜点,店铺id,6421133,店铺名称,嘉兴饼屋,经度,102.776867,纬度,24.950625
区域,昆明,餐饮类型,饮品店,店铺id,1744855139,店铺名称,猫咪森林•猫吧•奶茶•猫咖,经度,102.716553,纬度,25.062226
区域,昆明,餐饮类型,生日蛋糕,店铺id,40680817,店铺名称,唯美面包坊,经度,102.6759,纬度,25.07011
区域,昆明,餐饮类型,火锅,店铺id,1247619,店铺名称,原林野山菌（关上总店）,经度,102.738914,纬度,25.011656
区域,昆明,餐饮类型,饮品店,店铺id,193873226,店铺名称,猫岛,经度,102.752408,纬度,25.085967
区域,昆明,餐饮类型,烧烤烤串,店铺id,93778957,店铺名称,本埠釜山料理（韩国烤肉欣都龙城店）,经度,102.734494,纬度,25.079283
区域,昆明,餐饮类型,生日蛋糕,店铺id,5678151,店铺名称,储缘蛋糕（龙泉路云南财大店）,经度,102.714676,纬度,25.079601
区域,昆明,餐饮类型,火锅,店铺id,193580333,店铺名称,孟想大虾火锅（小花园店）,经度,102.71389,纬度,25.041212
区域,昆明,餐饮类型,云贵菜,店铺id,52479602,店铺名称,德宏印象,经度,102.673424,纬度,25.001116
区域,昆明,餐饮类型,云贵菜,店铺id,4478781,店铺名称,永昌牛肉·山坡柴火鸡,经度,102.764765,纬度,24.945264
区域,昆明,餐饮类型,火锅,店铺id,193155459,店铺名称,纵横四海港食•边炉（金鹰店）,经度,102.714131,纬度,25.040454
区域,昆明,餐饮类型,云贵菜,店铺id,40961298,店铺名称,贵州凯里翘尾巴童子鸡,经度,102.745103,纬度,25.00777
区域,昆明,餐饮类型,生日蛋糕,店铺id,6762123,店铺名称,储缘蛋糕（同德广场店）,经度,102.731235,纬度,25.057393
区域,昆明,餐饮类型,自助餐,店铺id,1260425327,店铺名称,秋元里日式清真料理,经度,102.658475,纬度,25.09024
区域,昆明,餐饮类型,云贵菜,店铺id,1255841,店铺名称,读书铺酸笋鸡（观音山店）,经度,102.666058,纬度,24.84671
区域,昆明,餐饮类型,生日蛋糕,店铺id,1252723,店铺名称,嘉华饼屋JOY BAKERY（南屏街店）,经度,102.71113,纬度,25.036608
区域,昆明,餐饮类型,中式烧烤/烤串,店铺id,93963331,店铺名称,猫抓烤肉（七彩metown店）,经度,102.726841,纬度,25.048459
区域,昆明,餐饮类型,火锅,店铺id,2541968,店铺名称,山茅田鸡鲜活馆（大观园店）,经度,102.683686,纬度,25.029758
区域,昆明,餐饮类型,生日蛋糕,店铺id,5839231,店铺名称,鲜华食品（海埂滇池路店）,经度,102.6723,纬度,24.975285
区域,昆明,餐饮类型,饮品店,店铺id,194672996,店铺名称,检茶官饮品（大都摩天店）,经度,102.76853,纬度,24.969504
区域,昆明,餐饮类型,江西菜,店铺id,2527135,店铺名称,醉美江西（穿金路店）,经度,102.757385,纬度,25.084072
区域,昆明,餐饮类型,东南亚菜,店铺id,6601630,店铺名称,囍宴越南菜.越南滴漏咖啡（顺城王府井店）,经度,102.707431,纬度,25.034793
区域,昆明,餐饮类型,生日蛋糕,店铺id,192854380,店铺名称,尚品Cake私房定制蛋糕（小西门店）,经度,102.700849,纬度,25.041835
区域,昆明,餐饮类型,火锅,店铺id,6291695,店铺名称,盐泥腊排骨,经度,102.741508,纬度,25.013732
区域,昆明,餐饮类型,火锅,店铺id,5244255,店铺名称,四川渔情苑火锅,经度,102.752822,纬度,24.980859
区域,昆明,餐饮类型,饮品店,店铺id,1090310379,店铺名称,猫咪森林（新迎新城店）,经度,102.738791,纬度,25.051166
区域,昆明,餐饮类型,自助餐,店铺id,5864609,店铺名称,昆明阳光酒店自助餐厅,经度,102.685,纬度,25.00983
区域,昆明,餐饮类型,云贵菜,店铺id,6819703,店铺名称,保山萨锅火瓢牛肉,经度,102.775017,纬度,24.988683
区域,昆明,餐饮类型,火锅,店铺id,191727391,店铺名称,渝三刀重庆火锅（第七街区店）,经度,102.860482,纬度,24.857752
区域,昆明,餐饮类型,小吃快餐,店铺id,41729133,店铺名称,卤蹄侠,经度,102.680114,纬度,25.030349
区域,昆明,餐饮类型,火锅,店铺id,41689795,店铺名称,土灶香柴火鸡,经度,102.675311,纬度,25.068257
区域,昆明,餐饮类型,生日蛋糕,店铺id,188793553,店铺名称,CARLO·卡洛定制蛋糕1,经度,102.709623,纬度,25.027292
区域,昆明,餐饮类型,饮品店,店铺id,41995334,店铺名称,茶百道1,经度,102.650889,纬度,25.083484
区域,昆明,餐饮类型,小吃快餐,店铺id,4302929,店铺名称,楊銘宇黄燜雞米飯（螺蛳湾店）,经度,102.779226,纬度,24.937446
区域,昆明,餐饮类型,火锅,店铺id,159856658,店铺名称,扛把子老火锅（西城时代店）,经度,102.654522,纬度,25.063941
区域,昆明,餐饮类型,江河湖海鲜,店铺id,5578515,店铺名称,水产乐园（西山万达广场店）,经度,102.710091,纬度,25.008283
区域,昆明,餐饮类型,火锅,店铺id,41016464,店铺名称,滋补罗非鱼庄,经度,102.72616,纬度,25.06111
区域,昆明,餐饮类型,饮品店,店铺id,1175787765,店铺名称,有米酸奶（富康城店）,经度,102.792571,纬度,24.967475
区域,昆明,餐饮类型,鲁菜,店铺id,41854861,店铺名称,鲁菏家宴 山东人家,经度,102.700586,纬度,24.997801
区域,昆明,餐饮类型,饮品店,店铺id,41309548,店铺名称,边渡有味咖啡,经度,102.700894,纬度,24.997846
区域,昆明,餐饮类型,西餐,店铺id,158472866,店铺名称,美梦美兮新西兰西餐厅（南强街店）,经度,102.714381,纬度,25.034388
区域,昆明,餐饮类型,烧烤烤串,店铺id,52665039,店铺名称,大凉山火盆烧烤,经度,102.68995,纬度,25.00366
区域,昆明,餐饮类型,饮品店,店铺id,9875,店铺名称,丹堤咖啡,经度,102.70207,纬度,25.052041
区域,昆明,餐饮类型,生日蛋糕,店铺id,189646818,店铺名称,蓉益烘焙（星体花园店）,经度,102.760303,纬度,24.938207
区域,昆明,餐饮类型,火锅,店铺id,42266218,店铺名称,会泽壮羊馆,经度,102.666464,纬度,25.105337
区域,昆明,餐饮类型,其他美食,店铺id,1247926,店铺名称,锡伯龙生态园（金殿总店）,经度,102.804239,纬度,25.102677
区域,昆明,餐饮类型,生日蛋糕,店铺id,97974445,店铺名称,欧菲克蛋糕（云纺店）,经度,102.706712,纬度,25.020448
区域,昆明,餐饮类型,生日蛋糕,店铺id,42683751,店铺名称,峥嵘蛋糕（碧鸡店）,经度,102.616041,纬度,24.994083
区域,昆明,餐饮类型,火锅,店铺id,1912038019,店铺名称,大龙火锅（同德店）,经度,102.722149,纬度,25.066568
区域,昆明,餐饮类型,饮品店,店铺id,5783310,店铺名称,早起鸟儿奶茶店,经度,102.739648,纬度,25.049494
区域,昆明,餐饮类型,火锅,店铺id,2461994,店铺名称,龙记斑鱼,经度,102.732438,纬度,25.07475
区域,昆明,餐饮类型,火锅,店铺id,193165832,店铺名称,孟想大虾火锅（新亚洲体育城店）,经度,102.7639,纬度,24.94391
区域,昆明,餐饮类型,火锅,店铺id,2461994,店铺名称,龙记斑鱼,经度,102.732438,纬度,25.07475
区域,昆明,餐饮类型,粤港菜,店铺id,1247819,店铺名称,昌元酒楼,经度,102.723058,纬度,25.022329
区域,昆明,餐饮类型,生日蛋糕,店铺id,782640468,店铺名称,小精灵轻奢定制蛋糕（祥云店）,经度,102.713073,纬度,25.034971
区域,昆明,餐饮类型,生日蛋糕,店铺id,60082371,店铺名称,金美蛋糕,经度,102.671787,纬度,25.041345
区域,昆明,餐饮类型,小吃快餐,店铺id,52201456,店铺名称,土大姐现烤鲜花饼,经度,102.709711,纬度,25.003749
区域,昆明,餐饮类型,火锅,店铺id,160561773,店铺名称,牛很鲜潮汕牛肉火锅（青年路店）,经度,102.715961,纬度,25.038774
区域,昆明,餐饮类型,生日蛋糕,店铺id,6824444,店铺名称,嘉和利口福饼屋,经度,102.750242,纬度,25.072183
区域,昆明,餐饮类型,云贵菜,店铺id,1250783,店铺名称,德宏风味园（金实店）,经度,102.735228,纬度,25.076252
区域,昆明,餐饮类型,小吃快餐,店铺id,1668572461,店铺名称,泰罗克铁板烧（大都店）,经度,102.768564,纬度,24.968199
区域,昆明,餐饮类型,江河湖海鲜,店铺id,5553476,店铺名称,鼎易大酒店,经度,102.657438,纬度,25.070098
区域,昆明,餐饮类型,面包甜点,店铺id,2506906,店铺名称,汇园祥,经度,102.701026,纬度,25.063163
区域,昆明,餐饮类型,川湘菜,店铺id,1294858481,店铺名称,铁公鸡·川味·农家乐（恒隆广场店）,经度,102.721602,纬度,25.03695
区域,昆明,餐饮类型,小吃快餐,店铺id,50953520,店铺名称,中餐煮艺,经度,102.774543,纬度,24.94064
区域,昆明,餐饮类型,小吃快餐,店铺id,50496895,店铺名称,福记黄焖鸡米饭（螺蛳湾店）,经度,102.78024,纬度,24.93712
区域,昆明,餐饮类型,小吃快餐,店铺id,187413320,店铺名称,云物·小食堂（精致云南小吃）,经度,102.713321,纬度,25.04095
区域,昆明,餐饮类型,火锅,店铺id,1250532,店铺名称,香如木樨火锅仔（北门街店）,经度,102.704734,纬度,25.054374
区域,昆明,餐饮类型,江河湖海鲜,店铺id,2506407,店铺名称,人人海鲜餐厅,经度,102.742319,纬度,25.060303
区域,昆明,餐饮类型,生日蛋糕,店铺id,190856161,店铺名称,CARLO·卡洛蛋糕定制（金泰国际店）,经度,102.671021,纬度,25.06555
区域,昆明,餐饮类型,香锅烤鱼,店铺id,6455230,店铺名称,小嘴香万州烤鱼（特色干锅）（和平村店）,经度,102.722327,纬度,25.026028
区域,昆明,餐饮类型,云贵菜,店铺id,2270042,店铺名称,驼峰饭庄,经度,102.72317,纬度,25.04006
区域,昆明,餐饮类型,火锅,店铺id,193155459,店铺名称,纵横四海港食•边炉（金鹰店）,经度,102.714131,纬度,25.040454
区域,昆明,餐饮类型,小龙虾,店铺id,51647475,店铺名称,美鲜味小龙虾,经度,102.726615,纬度,25.103559
区域,昆明,餐饮类型,小吃快餐,店铺id,50837507,店铺名称,傣旺小锤干巴（北市区店）,经度,102.729167,纬度,25.099866
区域,昆明,餐饮类型,西餐,店铺id,158472866,店铺名称,美梦美兮新西兰西餐厅（南强街店）,经度,102.714381,纬度,25.034388
区域,昆明,餐饮类型,烧烤烤串,店铺id,41052949,店铺名称,省家协后花园烧烤,经度,102.753358,纬度,25.053176
区域,昆明,餐饮类型,小吃快餐,店铺id,4177987,店铺名称,黑鸭先生（七彩店）,经度,102.726706,纬度,25.048327
区域,昆明,餐饮类型,生日蛋糕,店铺id,1304990744,店铺名称,Cake·美诺私人定制蛋糕（顺城店）,经度,102.701532,纬度,25.03789
区域,石林彝族自治县,餐饮类型,西餐,店铺id,51497727,店铺名称,澳菲西餐厅,经度,103.268532,纬度,24.757036
区域,昆明,餐饮类型,云贵菜,店铺id,2771917,店铺名称,人义园饭店,经度,102.725397,纬度,25.039847
区域,昆明,餐饮类型,生日蛋糕,店铺id,189646818,店铺名称,蓉益烘焙（星体花园店）,经度,102.760303,纬度,24.938207
区域,昆明,餐饮类型,云贵菜,店铺id,50164273,店铺名称,朝花惜食滇味厨房（翠湖店）,经度,102.703808,纬度,25.044301
区域,昆明,餐饮类型,面包甜点,店铺id,5572627,店铺名称,群兴缘（茭菱路店）,经度,102.672149,纬度,25.049474
区域,昆明,餐饮类型,火锅,店铺id,1912038019,店铺名称,大龙火锅（同德店）,经度,102.722149,纬度,25.066568
区域,安宁,餐饮类型,火锅,店铺id,159996444,店铺名称,柠檬叶子,经度,102.464193,纬度,24.911941
区域,昆明,餐饮类型,火锅,店铺id,41047420,店铺名称,兄弟记忆老灶火锅（昆明总店）,经度,102.633746,纬度,25.038256
区域,昆明,餐饮类型,自助餐,店铺id,1260425327,店铺名称,秋元里日式清真料理,经度,102.658475,纬度,25.09024
区域,昆明,餐饮类型,生日蛋糕,店铺id,42390352,店铺名称,吉庆花之语鲜花饼烘焙坊,经度,102.76296,纬度,24.95107
区域,昆明,餐饮类型,小吃快餐,店铺id,51802712,店铺名称,大福过桥米线,经度,102.652696,纬度,24.974518
区域,昆明,餐饮类型,生日蛋糕,店铺id,807832522,店铺名称,伊诺私人定制蛋糕,经度,102.719679,纬度,24.984902
区域,昆明,餐饮类型,其他美食,店铺id,42589534,店铺名称,清真·赢融印象（阳光城店）,经度,102.675667,纬度,25.059263
区域,昆明,餐饮类型,北京菜,店铺id,66930014,店铺名称,北京烤鸭,经度,102.748669,纬度,25.058741
区域,昆明,餐饮类型,生日蛋糕,店铺id,735128827,店铺名称,米兰西饼生日蛋糕(全国连锁时代俊园店)（昆明二店）,经度,102.815517,纬度,24.810662
区域,昆明,餐饮类型,面包甜点,店铺id,2503079,店铺名称,手工巧克力,经度,102.727181,纬度,25.047739
区域,昆明,餐饮类型,火锅,店铺id,95165256,店铺名称,重庆鼻祖老火锅（欣都龙城店）,经度,102.733299,纬度,25.079206
区域,昆明,餐饮类型,生日蛋糕,店铺id,195183934,店铺名称,禾畔家蛋糕（鼓楼店）,经度,102.717728,纬度,25.051899
区域,昆明,餐饮类型,火锅,店铺id,95165256,店铺名称,重庆鼻祖老火锅（欣都龙城店）,经度,102.733299,纬度,25.079206
区域,昆明,餐饮类型,日韩料理,店铺id,4368521,店铺名称,本埠釜山料理（韩国烤肉百大店）,经度,102.70952,纬度,25.03672
区域,昆明,餐饮类型,小吃快餐,店铺id,644698547,店铺名称,赛爷洋芋（同德广场店）,经度,102.723746,纬度,25.068138
区域,昆明,餐饮类型,火锅,店铺id,50282599,店铺名称,大理风味火锅（高铁昆明南站店）,经度,102.8495,纬度,24.850134
区域,昆明,餐饮类型,小吃快餐,店铺id,41560944,店铺名称,麦道烧肉卤面,经度,102.66773,纬度,25.05851
区域,昆明,餐饮类型,生日蛋糕,店铺id,193608135,店铺名称,糕手匠·私人订制蛋糕（南屏街店）,经度,102.700471,纬度,25.037434
区域,昆明,餐饮类型,云贵菜,店铺id,95689750,店铺名称,傣香原味（北辰店）,经度,102.733564,纬度,25.081038
区域,昆明,餐饮类型,西餐,店铺id,2465428,店铺名称,东岸咖啡,经度,102.76434,纬度,24.978172
区域,昆明,餐饮类型,生日蛋糕,店铺id,178731808,店铺名称,麦森蛋糕,经度,102.702434,纬度,25.062301
区域,昆明,餐饮类型,火锅,店铺id,51775111,店铺名称,听牧牛庄（同仁店）,经度,102.711373,纬度,25.034663
区域,昆明,餐饮类型,火锅,店铺id,40502901,店铺名称,言子火锅,经度,102.749328,纬度,25.010728
区域,昆明,餐饮类型,日本菜,店铺id,1187721207,店铺名称,大离料理（第七街区店）,经度,102.860346,纬度,24.856801
区域,昆明,餐饮类型,小吃快餐,店铺id,40086237,店铺名称,正宗富源人家酸菜猪脚（颐园里店）,经度,102.726379,纬度,25.064266
区域,安宁,餐饮类型,火锅,店铺id,40343596,店铺名称,天添梨炭火锅·特色涮牛肉（安宁店）,经度,102.485008,纬度,24.913925
区域,昆明,餐饮类型,小吃快餐,店铺id,1132779843,店铺名称,西门井建水特色食府,经度,102.728476,纬度,25.058461
区域,昆明,餐饮类型,香锅烤鱼,店铺id,69651962,店铺名称,纸上烤鱼,经度,102.686565,纬度,25.007323
区域,昆明,餐饮类型,云贵菜,店铺id,40106273,店铺名称,纳禾春-曼听小厨（滨江店）,经度,102.717404,纬度,25.066716
区域,昆明,餐饮类型,小吃快餐,店铺id,1719076845,店铺名称,春风烧饵块（新迎新城店）,经度,102.738597,纬度,25.052094
区域,昆明,餐饮类型,火锅,店铺id,2746811,店铺名称,爱伲牛肉自助火锅（景秀西苑店）,经度,102.646819,纬度,25.053539
区域,昆明,餐饮类型,云贵菜,店铺id,2471699,店铺名称,柳记农家园（和谐世纪店）,经度,102.733362,纬度,25.101692
区域,昆明,餐饮类型,生日蛋糕,店铺id,881237210,店铺名称,吉庆花语鲜花饼烘焙坊（南亚店）,经度,102.68478,纬度,25.00868
区域,昆明,餐饮类型,生日蛋糕,店铺id,41025750,店铺名称,爱尚彩虹,经度,102.720449,纬度,25.065481
区域,昆明,餐饮类型,生日蛋糕,店铺id,41472418,店铺名称,Take Cake七枫蛋糕（七彩店）,经度,102.726785,纬度,25.048126
区域,昆明,餐饮类型,生日蛋糕,店铺id,1840161304,店铺名称,咔诺西饼生日蛋糕（同德店）,经度,102.72169,纬度,25.06841
区域,昆明,餐饮类型,火锅,店铺id,158674113,店铺名称,重装清真·老北京涮肉（昌宏路店）,经度,102.782283,纬度,24.999096
区域,昆明,餐饮类型,火锅,店铺id,2270258,店铺名称,泰式海鲜酸汤火锅（正义坊店）,经度,102.709499,纬度,25.038079
区域,昆明,餐饮类型,生日蛋糕,店铺id,1182746078,店铺名称,咔诺西饼生日蛋糕（昆明西山店）,经度,102.672027,纬度,25.044712
区域,昆明,餐饮类型,西餐,店铺id,6888630,店铺名称,绝品牛扒西餐厅（金尚俊园店）,经度,102.730076,纬度,25.063874
区域,昆明,餐饮类型,烧烤烤串,店铺id,4582520,店铺名称,牧羊人炭烤羊排（煤机总厂店）,经度,102.743799,纬度,25.068116
区域,昆明,餐饮类型,饮品店,店铺id,1302943818,店铺名称,张小盒·茶,经度,102.70587,纬度,25.05514
区域,昆明,餐饮类型,火锅,店铺id,40256753,店铺名称,味绝美蛙鱼头（金星店）,经度,102.733661,纬度,25.066415
区域,昆明,餐饮类型,日本菜,店铺id,66357345,店铺名称,艾壹多寿司,经度,102.714752,纬度,25.061868
区域,昆明,餐饮类型,小吃快餐,店铺id,509851429,店铺名称,派乐汉堡,经度,102.715124,纬度,25.040652
区域,晋宁区,餐饮类型,火锅,店铺id,41024224,店铺名称,宝山火瓢牛肉（昆阳店）,经度,102.592544,纬度,24.672707
区域,昆明,餐饮类型,火锅,店铺id,42235837,店铺名称,味积香重庆火锅（金江店）,经度,102.743142,纬度,25.102747
区域,昆明,餐饮类型,小吃快餐,店铺id,1977214875,店铺名称,大红鸭过桥米线,经度,102.722639,纬度,25.061206
区域,昆明,餐饮类型,日本菜,店铺id,5374234,店铺名称,飞阳铁板烧（七彩店）,经度,102.727417,纬度,25.048117
区域,昆明,餐饮类型,云贵菜,店铺id,40873522,店铺名称,狮子塘农家乐,经度,102.630061,纬度,25.032266
区域,昆明,餐饮类型,饮品店,店铺id,1473410611,店铺名称,舍饮,经度,102.748834,纬度,25.075751
区域,昆明,餐饮类型,烧烤烤串,店铺id,40813829,店铺名称,赤焱火一把昭通小肉串（南亚店）,经度,102.681833,纬度,25.006806
区域,昆明,餐饮类型,川湘菜,店铺id,42623995,店铺名称,俏江南（爱琴海购物公园店）,经度,102.684722,纬度,24.992151
区域,昆明,餐饮类型,生日蛋糕,店铺id,908836776,店铺名称,简格轻奢定制蛋糕（百富琪店）,经度,102.726068,纬度,25.025914
区域,昆明,餐饮类型,面包甜点,店铺id,65666741,店铺名称,米兜紫米露（华山东路店）,经度,102.711875,纬度,25.047845
区域,昆明,餐饮类型,火锅,店铺id,1253288,店铺名称,汤霸花溪清汤鹅,经度,102.66334,纬度,25.06197
区域,昆明,餐饮类型,生日蛋糕,店铺id,184731779,店铺名称,JC cake蛋糕（日新村店）,经度,102.729514,纬度,24.998352
区域,昆明,餐饮类型,小吃快餐,店铺id,102373437,店铺名称,香无缺冒菜（吴井路店）,经度,102.725683,纬度,25.027215
区域,昆明,餐饮类型,西餐,店铺id,2803616,店铺名称,舒格雷·李大师披萨（环城东路店）,经度,102.730125,纬度,25.047283
区域,昆明,餐饮类型,小吃快餐,店铺id,95357961,店铺名称,李记 河口老字号越南小卷粉,经度,102.735427,纬度,25.034472
区域,昆明,餐饮类型,生日蛋糕,店铺id,157750009,店铺名称,Cakery cake凯可莉蛋糕,经度,102.717555,纬度,24.9918
区域,昆明,餐饮类型,火锅,店铺id,1253184,店铺名称,紫悦轩（柏联广场店）,经度,102.710932,纬度,25.035237
区域,安宁,餐饮类型,面包甜点,店铺id,1665171178,店铺名称,裕祥糕点（学林中心店）,经度,102.46187,纬度,24.911
区域,昆明,餐饮类型,火锅,店铺id,6807598,店铺名称,金石锅鱼（菌园店）,经度,102.736056,纬度,25.019656
区域,昆明,餐饮类型,小吃快餐,店铺id,41278173,店铺名称,七恭冒菜（豆腐营店）,经度,102.708163,纬度,25.01695
区域,昆明,餐饮类型,饮品店,店铺id,195222219,店铺名称,燕府燕窝（北辰店）,经度,102.737492,纬度,25.077838
区域,昆明,餐饮类型,江河湖海鲜,店铺id,51552547,店铺名称,麦田一只蟹,经度,102.696327,纬度,25.031058
区域,昆明,餐饮类型,火锅,店铺id,52251031,店铺名称,德心澳牛府（上东店）,经度,102.730817,纬度,25.040414
区域,昆明,餐饮类型,饮品店,店铺id,108994069,店铺名称,ORITEA朴茶（钱王店）,经度,102.709102,纬度,25.039529
区域,昆明,餐饮类型,云贵菜,店铺id,5020242,店铺名称,年轮菜馆•云南菜（爱琴海购物公园店）,经度,102.685097,纬度,24.991657
区域,昆明,餐饮类型,云贵菜,店铺id,4931223,店铺名称,又见炊烟（人民中路店）,经度,102.713847,纬度,25.041867
区域,安宁,餐饮类型,自助餐,店铺id,42535644,店铺名称,汉丽轩烤肉自助餐厅,经度,102.465705,纬度,24.911566
区域,昆明,餐饮类型,火锅,店铺id,1251982,店铺名称,季季红火锅（景星恒百货店）,经度,102.709649,纬度,25.037881
区域,昆明,餐饮类型,云贵菜,店铺id,42044246,店铺名称,花园1号,经度,102.651078,纬度,25.041413
区域,昆明,餐饮类型,火锅,店铺id,42678332,店铺名称,花溪清汤鹅（广福店）,经度,102.69694,纬度,24.98688
区域,昆明,餐饮类型,火锅,店铺id,40195990,店铺名称,喔椰主题餐厅·椰子鸡&烤肉料理,经度,102.717483,纬度,25.066972
区域,昆明,餐饮类型,火锅,店铺id,6055103,店铺名称,雨林小筑傣味酸汤火锅（百大新天地店）,经度,102.709186,纬度,25.036881
区域,昆明,餐饮类型,日本菜,店铺id,1250921,店铺名称,禾绿回转寿司（汇都金格店）,经度,102.726679,纬度,25.035953
区域,昆明,餐饮类型,面包甜点,店铺id,40778285,店铺名称,米兜紫米露（麻园店）,经度,102.679061,纬度,25.055652
区域,昆明,餐饮类型,云贵菜,店铺id,1253348,店铺名称,翠府,经度,102.701182,纬度,25.050005
区域,昆明,餐饮类型,粤港菜,店铺id,4795650,店铺名称,新人人海鲜酒楼（广福路店）,经度,102.748096,纬度,24.957196
区域,昆明,餐饮类型,其他美食,店铺id,2270351,店铺名称,芒市傣家（五华山店）,经度,102.710317,纬度,25.044019
区域,昆明,餐饮类型,小吃快餐,店铺id,40192522,店铺名称,楊銘宇黄燜雞米飯（百家商业街店）,经度,102.71831,纬度,24.98415
区域,昆明,餐饮类型,特色菜,店铺id,1416808,店铺名称,丽江火塘生态土锅私房菜,经度,102.730972,纬度,25.073356
区域,昆明,餐饮类型,特色菜,店铺id,2271317,店铺名称,清真·伊天园（梁源分店）,经度,102.664614,纬度,25.036489
区域,昆明,餐饮类型,云贵菜,店铺id,103983560,店铺名称,曼听傣味餐厅,经度,102.65751,纬度,25.06038
区域,昆明,餐饮类型,云贵菜,店铺id,6972800,店铺名称,宣仁缘,经度,102.6942,纬度,24.98092
区域,昆明,餐饮类型,川湘菜,店铺id,2504881,店铺名称,蜀风一号,经度,102.757213,纬度,24.962804
区域,昆明,餐饮类型,火锅,店铺id,42844883,店铺名称,2号楼重庆老火锅,经度,102.674859,纬度,25.067322
区域,昆明,餐饮类型,云贵菜,店铺id,1255560,店铺名称,友人园,经度,102.706817,纬度,25.056767
区域,昆明,餐饮类型,云贵菜,店铺id,94608271,店铺名称,云一山味OTO体验店（柏联广场店）,经度,102.710686,纬度,25.035321
区域,昆明,餐饮类型,自助餐,店铺id,41335932,店铺名称,牛皇叔自助烤肉牛排火锅,经度,102.764479,纬度,24.944804
区域,昆明,餐饮类型,日韩料理,店铺id,40216160,店铺名称,本埠釜山料理（韩国烤肉南亚店）,经度,102.68408,纬度,25.009418
区域,昆明,餐饮类型,特色菜,店铺id,5420595,店铺名称,栖息地1980花园餐厅,经度,102.747058,纬度,24.948926
区域,昆明,餐饮类型,云贵菜,店铺id,5269314,店铺名称,农耕时代老菜馆,经度,102.689289,纬度,25.037915
区域,昆明,餐饮类型,自助餐,店铺id,1250568,店铺名称,世纪金源大饭店海鲜自助餐厅（迎宾路店）,经度,102.765293,纬度,24.975489
区域,昆明,餐饮类型,火锅,店铺id,41637086,店铺名称,东陆人家糊辣鱼,经度,102.68464,纬度,25.03074
区域,昆明,餐饮类型,特色菜,店铺id,41404981,店铺名称,伊天园.伊千零一夜（同德店）,经度,102.723937,纬度,25.068414
区域,安宁,餐饮类型,江河湖海鲜,店铺id,68010079,店铺名称,螃蟹先生,经度,102.464566,纬度,24.911309
区域,昆明,餐饮类型,云贵菜,店铺id,6265279,店铺名称,外婆味道•轻爽云南菜（昌源店）,经度,102.657511,纬度,25.060381
区域,昆明,餐饮类型,香锅烤鱼,店铺id,40007222,店铺名称,红蕃干锅（滨江店）,经度,102.71782,纬度,25.067123
区域,昆明,餐饮类型,火锅,店铺id,40259958,店铺名称,渔家田鸡火锅（联盟路店）,经度,102.728222,纬度,25.056732
区域,昆明,餐饮类型,火锅,店铺id,2271380,店铺名称,福隆园涮鱼片火锅（广福路店）,经度,102.672797,纬度,25.006131
区域,昆明,餐饮类型,云贵菜,店铺id,41895872,店铺名称,傣香园（永乐店）,经度,102.696985,纬度,25.030349
区域,昆明,餐饮类型,火锅,店铺id,41619163,店铺名称,仔仔火锅（白云路店）,经度,102.720766,纬度,25.065958
区域,昆明,餐饮类型,火锅,店铺id,2383880,店铺名称,思景缘猪肚包鸡（和谐店）,经度,102.73342,纬度,25.101954
区域,昆明,餐饮类型,江浙菜,店铺id,52186490,店铺名称,泓丰饭店,经度,102.696749,纬度,25.045304
区域,昆明,餐饮类型,日韩料理,店铺id,50144801,店铺名称,本埠釜山料理（韩国烤肉顺城店）,经度,102.70853,纬度,25.03615
区域,昆明,餐饮类型,川湘菜,店铺id,40467210,店铺名称,小麦溪无烟柴火鸡,经度,102.727726,纬度,25.118287
区域,昆明,餐饮类型,云贵菜,店铺id,42168964,店铺名称,锦园私房菜,经度,102.74458,纬度,25.03748
区域,昆明,餐饮类型,西餐,店铺id,41584455,店铺名称,披萨啦果露咖,经度,102.73841,纬度,25.00478
区域,昆明,餐饮类型,面包甜点,店铺id,2270863,店铺名称,台湾多柏思（佳园店）,经度,102.7465,纬度,25.05891
区域,昆明,餐饮类型,自助餐,店铺id,1251391,店铺名称,世博花园酒店自助餐厅,经度,102.754742,纬度,25.075773
区域,昆明,餐饮类型,日本菜,店铺id,1251584,店铺名称,禾绿回转寿司（顺城购物中心店）,经度,102.708621,纬度,25.035939
区域,昆明,餐饮类型,西餐,店铺id,6853952,店铺名称,汉堡王（昆明欣都龙城店）,经度,102.733479,纬度,25.079898
区域,昆明,餐饮类型,火锅,店铺id,3271363,店铺名称,大龙火锅（新迎店）,经度,102.737325,纬度,25.050304
区域,昆明,餐饮类型,火锅,店铺id,3271363,店铺名称,大龙火锅（新迎店）,经度,102.737325,纬度,25.050304
区域,昆明,餐饮类型,火锅,店铺id,50344064,店铺名称,滇香火瓢牛肉,经度,102.696495,纬度,24.986334
区域,昆明,餐饮类型,川湘菜,店铺id,3264634,店铺名称,俏江南（昆明金鹰店）,经度,102.714442,纬度,25.04044
区域,昆明,餐饮类型,创意菜,店铺id,41051671,店铺名称,四海大丰收（世纪城店）,经度,102.762046,纬度,24.977532
区域,嵩明县,餐饮类型,火锅,店铺id,5217400,店铺名称,福润肥牛火锅（水真路店）,经度,103.04828,纬度,25.33214
区域,昆明,餐饮类型,火锅,店铺id,40371382,店铺名称,黄记煌三汁焖锅（云路中心店）,经度,102.72959,纬度,25.02661
区域,昆明,餐饮类型,烧烤烤串,店铺id,4392790,店铺名称,汉拿山（昆明广场店）,经度,102.7239,纬度,25.068474
区域,昆明,餐饮类型,西餐,店铺id,1247633,店铺名称,绿茵阁西餐厅（青年路店）,经度,102.715441,纬度,25.041309
区域,昆明,餐饮类型,小吃快餐,店铺id,4657425,店铺名称,天府棒棒鸡（世纪城店）,经度,102.765899,纬度,24.978511
区域,昆明,餐饮类型,烧烤烤串,店铺id,41898532,店铺名称,汉拿山（西山万达店）,经度,102.710478,纬度,25.007944
区域,昆明,餐饮类型,川湘菜,店铺id,1252795,店铺名称,味源蜀香坊（江东花城店）,经度,102.745552,纬度,25.090628
区域,昆明,餐饮类型,日本菜,店铺id,1460463,店铺名称,飞阳铁板烧（南亚店）,经度,102.683049,纬度,25.009457
区域,昆明,餐饮类型,香锅烤鱼,店铺id,4321295,店铺名称,春城树下,经度,102.712768,纬度,25.03437
区域,昆明,餐饮类型,香锅烤鱼,店铺id,2709186,店铺名称,红蕃干锅（正义路店）,经度,102.7095,纬度,25.04065
区域,昆明,餐饮类型,小吃快餐,店铺id,4502977,店铺名称,广东海鲜粥王,经度,102.713192,纬度,25.035716
区域,昆明,餐饮类型,小吃快餐,店铺id,5798966,店铺名称,胖子级品冒菜（金夏路店）,经度,102.72858,纬度,25.074719
区域,昆明,餐饮类型,火锅,店铺id,1405247,店铺名称,山坡羊（滇池路店）,经度,102.664859,纬度,24.999901
区域,昆明,餐饮类型,云贵菜,店铺id,42334935,店铺名称,茄子恰恰（昆明走廊店）,经度,102.71402,纬度,25.04106
区域,昆明,餐饮类型,小吃快餐,店铺id,6687246,店铺名称,时鲜食客-包烧米线（欣都店）,经度,102.73372,纬度,25.07955
区域,昆明,餐饮类型,创意菜,店铺id,68326075,店铺名称,船动力音乐餐厅,经度,102.764635,纬度,24.944209
区域,昆明,餐饮类型,云贵菜,店铺id,2270193,店铺名称,极致小厨（诸葛烤鱼）,经度,102.712895,纬度,25.041138
区域,昆明,餐饮类型,小吃快餐,店铺id,42040079,店铺名称,霖记豆花,经度,102.7136,纬度,25.041
区域,昆明,餐饮类型,小吃快餐,店铺id,1253396,店铺名称,蒙自源（国贸店）,经度,102.729781,纬度,25.013033
区域,昆明,餐饮类型,云贵菜,店铺id,52623835,店铺名称,阿老表食府,经度,102.643337,纬度,25.078554
区域,昆明,餐饮类型,云贵菜,店铺id,1250052,店铺名称,艾维故事（格调店）,经度,102.71501,纬度,25.03886
区域,昆明,餐饮类型,云贵菜,店铺id,4159717,店铺名称,蓉盛园酒楼（幸福店）,经度,102.746717,纬度,24.958806
区域,昆明,餐饮类型,粤港菜,店铺id,2645909,店铺名称,星港茶餐厅（大观店）,经度,102.69601,纬度,25.0415
区域,昆明,餐饮类型,火锅,店铺id,4312239,店铺名称,李记巴蜀人家,经度,102.754351,纬度,25.058848
区域,昆明,餐饮类型,特色菜,店铺id,6462647,店铺名称,清真·伊天园（国贸店）,经度,102.731512,纬度,25.010519
区域,昆明,餐饮类型,特色菜,店铺id,50131970,店铺名称,清真顺宏园（昆明店）,经度,102.74682,纬度,25.04816
区域,昆明,餐饮类型,小吃快餐,店铺id,1255307,店铺名称,乡村基·简餐·小吃（滇池路店）,经度,102.683005,纬度,25.010122
区域,昆明,餐饮类型,云贵菜,店铺id,1253263,店铺名称,伊天园.清真（迪拜会所店）,经度,102.726994,纬度,25.097636
区域,昆明,餐饮类型,日本菜,店铺id,41116342,店铺名称,飞阳铁板烧（同德广场店）,经度,102.723943,纬度,25.068358
区域,昆明,餐饮类型,生日蛋糕,店铺id,2506904,店铺名称,星期六私房烘焙,经度,102.673579,纬度,25.063559
区域,昆明,餐饮类型,云贵菜,店铺id,4028028,店铺名称,320傣味（联盟路店）,经度,102.719939,纬度,25.059375
区域,安宁,餐饮类型,自助餐,店铺id,40587456,店铺名称,佐客牛排,经度,102.464868,纬度,24.913776
区域,昆明,餐饮类型,特色菜,店铺id,6743072,店铺名称,山野小村私房菜,经度,102.677513,纬度,25.035694
区域,昆明,餐饮类型,江河湖海鲜,店铺id,6258989,店铺名称,利来海鲜水鱼馆（新亚洲体育城店）,经度,102.768021,纬度,24.946073
区域,昆明,餐饮类型,东南亚菜,店铺id,1252719,店铺名称,囍宴越南菜.越南滴漏咖啡（滇池店）,经度,102.660656,纬度,24.983532
区域,昆明,餐饮类型,西餐,店铺id,40808783,店铺名称,ma ma food 食饅饅（白塔路店）,经度,102.725449,纬度,25.041497
区域,昆明,餐饮类型,烧烤烤串,店铺id,50389351,店铺名称,悟空火焰山烧烤,经度,102.67964,纬度,25.05036
区域,昆明,餐饮类型,小吃快餐,店铺id,1247611,店铺名称,桥香园（南疆店）,经度,102.698377,纬度,25.045165
区域,昆明,餐饮类型,云贵菜,店铺id,41998770,店铺名称,傣香淳（大学城总店）,经度,102.849012,纬度,24.850822
区域,昆明,餐饮类型,云贵菜,店铺id,2271361,店铺名称,云南昭通人家（总店）,经度,102.743861,纬度,24.963453
区域,昆明,餐饮类型,小吃快餐,店铺id,5981105,店铺名称,乡村基（国际银座店）,经度,102.79456,纬度,24.964643
区域,昆明,餐饮类型,东南亚菜,店铺id,4572994,店铺名称,耀华力泰国菜（同德店）,经度,102.72342,纬度,25.068504
区域,昆明,餐饮类型,饮品店,店铺id,5633419,店铺名称,PRAGUE CAFE,经度,102.736546,纬度,25.081256
区域,昆明,餐饮类型,川湘菜,店铺id,4864952,店铺名称,鼎鼎尖椒鸡（世纪城店）,经度,102.764182,纬度,24.969192
区域,昆明,餐饮类型,云贵菜,店铺id,5749957,店铺名称,张家大院世珍轩酒楼,经度,102.674465,纬度,25.058466
区域,昆明,餐饮类型,小吃快餐,店铺id,4953458,店铺名称,傣记私厨,经度,102.730196,纬度,25.025078
区域,昆明,餐饮类型,云贵菜,店铺id,2511148,店铺名称,盈江傣味园（二分店）,经度,102.697056,纬度,25.027994
区域,昆明,餐饮类型,特色菜,店铺id,40711616,店铺名称,清真·铁大牛牛菜馆（江东花城店）,经度,102.740219,纬度,25.08354
区域,昆明,餐饮类型,日本菜,店铺id,4353932,店铺名称,飞阳铁板烧（万达店）,经度,102.709952,纬度,25.007835
区域,昆明,餐饮类型,火锅,店铺id,5647562,店铺名称,羊大娃（金马立交总店）,经度,102.745859,纬度,25.034892
区域,昆明,餐饮类型,素食,店铺id,4176629,店铺名称,百合天心素食（版筑翠园店）,经度,102.691545,纬度,25.054305
区域,昆明,餐饮类型,东南亚菜,店铺id,41220749,店铺名称,the tree翡翠小厨泰餐吧,经度,102.712162,纬度,25.041253
区域,昆明,餐饮类型,云贵菜,店铺id,42963586,店铺名称,柴火土灶坊（龙泉路店）,经度,102.733844,纬度,25.132985
区域,昆明,餐饮类型,云贵菜,店铺id,1248056,店铺名称,伊天园（丰宁店）,经度,102.673655,纬度,25.049304
区域,昆明,餐饮类型,小龙虾,店铺id,42379440,店铺名称,秘制小龙虾（联盟路店）,经度,102.72849,纬度,25.05612
区域,昆明,餐饮类型,小吃快餐,店铺id,6225653,店铺名称,继光香香鸡（顺城店）,经度,102.707276,纬度,25.034967
区域,昆明,餐饮类型,小吃快餐,店铺id,6225653,店铺名称,继光香香鸡（顺城店）,经度,102.707276,纬度,25.034967
区域,昆明,餐饮类型,川湘菜,店铺id,73703,店铺名称,金太阳香辣蟹（和谐世纪店）,经度,102.732227,纬度,25.102652
区域,昆明,餐饮类型,小吃快餐,店铺id,2270702,店铺名称,品筑小吃,经度,102.70674,纬度,25.056182
区域,昆明,餐饮类型,面包甜点,店铺id,4732167,店铺名称,清真-面包沙龙（华龙人家店）,经度,102.73397,纬度,25.108443
区域,昆明,餐饮类型,烧烤烤串,店铺id,40762670,店铺名称,塘屋烧烤（瑞丰店）,经度,102.665944,纬度,25.042177
区域,昆明,餐饮类型,火锅,店铺id,2271305,店铺名称,野菌庄,经度,102.665351,纬度,25.036607
区域,昆明,餐饮类型,云贵菜,店铺id,5495508,店铺名称,景东思茅野菜馆,经度,102.851854,纬度,24.851895
区域,昆明,餐饮类型,烧烤烤串,店铺id,40216810,店铺名称,蒙古烤羊腿（云大西路店）,经度,102.790165,纬度,24.976525
区域,昆明,餐饮类型,自助餐,店铺id,3290351,店铺名称,昆明金鹰广场酒店 | 揽春园西餐厅,经度,102.71368,纬度,25.04045
区域,昆明,餐饮类型,云贵菜,店铺id,40725136,店铺名称,醉云喃滇味民俗餐厅（万达店）,经度,102.710069,纬度,25.006865
区域,昆明,餐饮类型,云贵菜,店铺id,2271018,店铺名称,320傣味（金实店）,经度,102.73047,纬度,25.073656
区域,昆明,餐饮类型,江浙菜,店铺id,5598413,店铺名称,外婆家（万达广场西山店）,经度,102.709845,纬度,25.007841
区域,昆明,餐饮类型,香锅烤鱼,店铺id,42622857,店铺名称,蜀江烤鱼（西山万达店）,经度,102.71012,纬度,25.00802
区域,昆明,餐饮类型,西餐,店铺id,1251809,店铺名称,绿茵阁西餐厅（正义店）,经度,102.70924,纬度,25.038599
区域,昆明,餐饮类型,云贵菜,店铺id,41558224,店铺名称,傣家德宏菜馆（望城美食城店）,经度,102.707968,纬度,25.009088
区域,昆明,餐饮类型,小吃快餐,店铺id,41535795,店铺名称,绝味鸭脖（和平村店）,经度,102.722276,纬度,25.028269
区域,昆明,餐饮类型,云贵菜,店铺id,5744146,店铺名称,兆兴园,经度,102.69703,纬度,25.03008
区域,昆明,餐饮类型,云贵菜,店铺id,42786996,店铺名称,傣味小调餐厅,经度,102.735714,纬度,25.08157
区域,昆明,餐饮类型,饮品店,店铺id,41819633,店铺名称,快乐时光台式奶茶铺休闲吧,经度,102.793959,纬度,24.977627
区域,昆明,餐饮类型,生日蛋糕,店铺id,5199219,店铺名称,清真-面包沙龙（春城邻里店）,经度,102.749431,纬度,25.07639
区域,昆明,餐饮类型,火锅,店铺id,4903749,店铺名称,佈食渔海湾参鱼火锅（高原明珠店）,经度,102.753371,纬度,24.981321
区域,昆明,餐饮类型,火锅,店铺id,5930233,店铺名称,再聚首自助重庆老火锅•必体验自助火锅,经度,102.71289,纬度,25.035285
区域,昆明,餐饮类型,川湘菜,店铺id,6511331,店铺名称,川滇风味农家园,经度,102.753169,纬度,25.028809
区域,昆明,餐饮类型,火锅,店铺id,1247820,店铺名称,菌王松茸园菌火锅,经度,102.735253,纬度,25.012091
区域,昆明,餐饮类型,饮品店,店铺id,5267824,店铺名称,DQ（金鹰店）,经度,102.713651,纬度,25.040447
区域,昆明,餐饮类型,火锅,店铺id,64863548,店铺名称,抚仙湖生态石锅鱼,经度,102.727939,纬度,24.99821
区域,昆明,餐饮类型,云贵菜,店铺id,40770058,店铺名称,省家协两棵树柴火鸡,经度,102.752509,纬度,25.053245
区域,昆明,餐饮类型,其他美食,店铺id,42999081,店铺名称,园丰阁普洱野菜馆,经度,102.693707,纬度,25.067115
区域,昆明,餐饮类型,火锅,店铺id,2270599,店铺名称,辣得爽煳辣鱼|云南特色鱼火锅（小西门店）,经度,102.699429,纬度,25.043203
区域,昆明,餐饮类型,饮品店,店铺id,4552142,店铺名称,MY.girl蜜菓（昆明学院店）,经度,102.7939,纬度,24.97609
区域,昆明,餐饮类型,云贵菜,店铺id,72538021,店铺名称,甲克的蟹,经度,102.703687,纬度,25.05716
区域,昆明,餐饮类型,小吃快餐,店铺id,78757561,店铺名称,火烧牛干巴（双龙店）,经度,102.71844,纬度,25.02366
区域,昆明,餐饮类型,生日蛋糕,店铺id,156769409,店铺名称,慕焱蛋糕（创意英国店）,经度,102.68185,纬度,25.05113
区域,昆明,餐饮类型,特色菜,店铺id,1250733,店铺名称,清真·赢融印象（小菜园总店）,经度,102.708731,纬度,25.063829
区域,昆明,餐饮类型,云贵菜,店铺id,5565220,店铺名称,龙美园（西园路店）,经度,102.679146,纬度,25.048133
区域,昆明,餐饮类型,火锅,店铺id,2271689,店铺名称,董氏酸笋鸡,经度,102.78463,纬度,24.977899
区域,昆明,餐饮类型,生日蛋糕,店铺id,50294284,店铺名称,香港芈福记烘焙工坊（万科金域店）,经度,102.65471,纬度,25.05233
区域,昆明,餐饮类型,生日蛋糕,店铺id,41265110,店铺名称,甜蜜城堡烘焙坊,经度,102.795351,纬度,24.96335
区域,昆明,餐饮类型,云贵菜,店铺id,1247661,店铺名称,金傣园餐厅（新迎店）,经度,102.735812,纬度,25.05772
区域,昆明,餐饮类型,西餐,店铺id,2271141,店铺名称,台北牛排（南亚店）,经度,102.683296,纬度,25.009647
区域,昆明,餐饮类型,火锅,店铺id,4353135,店铺名称,重庆老灶火锅（西山万达店）,经度,102.710481,纬度,25.007795
区域,安宁,餐饮类型,云贵菜,店铺id,42093403,店铺名称,宣威山野人家（安宁店）,经度,102.472576,纬度,24.913262
区域,昆明,餐饮类型,生日蛋糕,店铺id,5433275,店铺名称,刘氏宇航蛋糕（永安店）,经度,102.71756,纬度,25.02072
区域,昆明,餐饮类型,香锅烤鱼,店铺id,4048231,店铺名称,本草留一手烤活鱼,经度,102.7082,纬度,25.018
区域,昆明,餐饮类型,中式烧烤/烤串,店铺id,4297757,店铺名称,尹赖仕烧烤大师鸡脚王（水岸艺城店）,经度,102.712289,纬度,24.9888
区域,昆明,餐饮类型,其他美食,店铺id,1255559,店铺名称,龙记清汤鹅（关上店）,经度,102.734632,纬度,25.003
区域,昆明,餐饮类型,日韩料理,店铺id,6046677,店铺名称,糖罐子石锅拌饭,经度,102.702377,纬度,25.04179
区域,昆明,餐饮类型,火锅,店铺id,1251198,店铺名称,新纪元大酒店,经度,102.709154,纬度,25.035725
区域,昆明,餐饮类型,火锅,店铺id,5786761,店铺名称,丰汇圆野菌王,经度,102.6597,纬度,24.9837
区域,昆明,餐饮类型,面包甜点,店铺id,42926635,店铺名称,秋葉塘（万达店）,经度,102.709933,纬度,25.006789
区域,昆明,餐饮类型,西餐,店铺id,5817209,店铺名称,大师披萨（柏联百盛店）,经度,102.710523,纬度,25.035478
区域,昆明,餐饮类型,火锅,店铺id,1251063,店铺名称,仟和骨头王火锅（金碧店）,经度,102.710958,纬度,25.033086
区域,昆明,餐饮类型,小吃快餐,店铺id,6558504,店铺名称,廖记棒棒鸡（近华浦路店）,经度,102.674547,纬度,25.044219
区域,昆明,餐饮类型,香锅烤鱼,店铺id,40177856,店铺名称,水货约会吧（子君村店）,经度,102.7798,纬度,24.95117
区域,昆明,餐饮类型,火锅,店铺id,40541205,店铺名称,城林园红河干锅旱鸭店（普坪村店）,经度,102.6219,纬度,25.00822
区域,昆明,餐饮类型,香锅烤鱼,店铺id,5647869,店铺名称,汇鼎一家,经度,102.694913,纬度,25.028151
区域,昆明,餐饮类型,生日蛋糕,店铺id,40359090,店铺名称,火腿面包世界,经度,102.731847,纬度,25.02144
区域,昆明,餐饮类型,西餐,店铺id,1247950,店铺名称,金太阳意大利餐厅·酒吧（翠湖店）,经度,102.702958,纬度,25.051704
区域,昆明,餐饮类型,火锅,店铺id,4920946,店铺名称,味蜀吾（拓东店）,经度,102.731826,纬度,25.037431
区域,昆明,餐饮类型,川湘菜,店铺id,40691750,店铺名称,鼎鼎尖椒鸡（金江店）,经度,102.74507,纬度,25.10362
区域,安宁,餐饮类型,其他美食,店铺id,61267853,店铺名称,鑫凤傣味（金色时代广场店）,经度,102.465142,纬度,24.911159
区域,昆明,餐饮类型,火锅,店铺id,63484825,店铺名称,甲猜泰式火锅（美辰百货店）,经度,102.702589,纬度,25.043366
区域,昆明,餐饮类型,小吃快餐,店铺id,52580907,店铺名称,臻食汇（迎春巷店）,经度,102.735338,纬度,25.055847
区域,昆明,餐饮类型,大闸蟹,店铺id,62362218,店铺名称,蟹之家大闸蟹（北辰店）,经度,102.737339,纬度,25.077492
区域,昆明,餐饮类型,生日蛋糕,店铺id,34941,店铺名称,好利来（北京路店）,经度,102.724413,纬度,25.066519
区域,昆明,餐饮类型,火锅,店铺id,5088595,店铺名称,东陆桥糊辣鱼（西园路店）,经度,102.683061,纬度,25.031479
区域,昆明,餐饮类型,自助餐,店铺id,69484849,店铺名称,洋葱牛排（欣都店）,经度,102.733381,纬度,25.079691
区域,昆明,餐饮类型,火锅,店铺id,42408151,店铺名称,火瓢牛肉•酸菜牛肉,经度,102.637584,纬度,24.96082
区域,昆明,餐饮类型,云贵菜,店铺id,41703293,店铺名称,莲花宾馆餐厅,经度,102.703808,纬度,25.062228
区域,昆明,餐饮类型,日本菜,店铺id,1250623,店铺名称,大连红叶日本料理,经度,102.720565,纬度,25.020624
区域,昆明,餐饮类型,烧烤烤串,店铺id,4365917,店铺名称,草原烤羊腿总店（总店）,经度,102.696853,纬度,24.986835
区域,富民,餐饮类型,面包甜点,店铺id,42712822,店铺名称,木子桔私房甜品,经度,102.49621,纬度,25.21971
区域,昆明,餐饮类型,自助餐,店铺id,6364330,店铺名称,丽水云泉大酒店云泉阁西餐厅,经度,102.85221,纬度,24.85824
区域,昆明,餐饮类型,自助餐,店铺id,42873632,店铺名称,樱花自助餐厅（昆明中心假日酒店樱花咖啡厅）,经度,102.72506,纬度,25.03774
区域,昆明,餐饮类型,火锅,店铺id,2271192,店铺名称,保山铜瓢牛肉,经度,102.77305,纬度,25.0468
区域,昆明,餐饮类型,火锅,店铺id,40254640,店铺名称,老东北肥牛自助火锅,经度,102.760873,纬度,25.04641
区域,昆明,餐饮类型,云贵菜,店铺id,1255764,店铺名称,云天食府,经度,102.670073,纬度,25.04696
区域,昆明,餐饮类型,小龙虾,店铺id,50380956,店铺名称,巴渝龙虾（珥季路店）,经度,102.7592,纬度,24.965173
区域,昆明,餐饮类型,云贵菜,店铺id,1501292,店铺名称,天助缘苦笋鸡（官南店）,经度,102.719123,纬度,24.983522
区域,昆明,餐饮类型,火锅,店铺id,1251892,店铺名称,三只蛙山茅田鸡（关上店）,经度,102.742591,纬度,25.016622
区域,昆明,餐饮类型,其他美食,店铺id,42345658,店铺名称,时鲜食客（七彩METOWN）,经度,102.726189,纬度,25.04859
区域,昆明,餐饮类型,小吃快餐,店铺id,4178846,店铺名称,蓉李记成都名小吃（西山万达店）,经度,102.710145,纬度,25.00753
区域,昆明,餐饮类型,西餐,店铺id,86016,店铺名称,like赖着不走（翠湖店）,经度,102.705759,纬度,25.051927
区域,昆明,餐饮类型,小吃快餐,店铺id,40418979,店铺名称,卤道夫卤味店（东风巷店）,经度,102.723217,纬度,25.041158
区域,昆明,餐饮类型,火锅,店铺id,1251592,店铺名称,味之绝美蛙鱼头（西山区政府店）,经度,102.65851,纬度,25.039098
区域,昆明,餐饮类型,自助餐,店铺id,5261926,店铺名称,温德姆至尊豪廷大酒店星璨全日制餐厅,经度,102.686285,纬度,25.009848
区域,昆明,餐饮类型,面包甜点,店铺id,40507191,店铺名称,满记甜品（同德广场店）,经度,102.72397,纬度,25.06787
区域,安宁,餐饮类型,香锅烤鱼,店铺id,42432057,店铺名称,留谊手烤鱼店,经度,102.465111,纬度,24.91189
区域,昆明,餐饮类型,云贵菜,店铺id,2492892,店铺名称,艾维故事（西坝店）,经度,102.686104,纬度,25.025385
区域,昆明,餐饮类型,川湘菜,店铺id,42115484,店铺名称,抚仙湖生态石锅鱼,经度,102.642871,纬度,25.078168
区域,昆明,餐饮类型,火锅,店铺id,5173635,店铺名称,羊老咪火塘味道（昌宏路店）,经度,102.783405,纬度,25.00342
区域,昆明,餐饮类型,云贵菜,店铺id,2707869,店铺名称,大塘家乡菜馆,经度,102.654535,纬度,25.080403
区域,昆明,餐饮类型,火锅,店铺id,5494377,店铺名称,源味酸菜猪脚火锅,经度,102.65092,纬度,25.08658
区域,昆明,餐饮类型,云贵菜,店铺id,52627777,店铺名称,红河干锅旱鸭,经度,102.728293,纬度,24.998286
区域,昆明,餐饮类型,云贵菜,店铺id,51611108,店铺名称,茶花轩中餐厅（昆明中心皇冠假日酒店）,经度,102.71694,纬度,25.03443
区域,昆明,餐饮类型,火锅,店铺id,42932960,店铺名称,天下鱼庄,经度,102.778339,纬度,24.953457
区域,昆明,餐饮类型,火锅,店铺id,41334086,店铺名称,京川野菌王（分店）,经度,102.74018,纬度,25.01288
区域,昆明,餐饮类型,火锅,店铺id,4933556,店铺名称,猪小弟酸汤火锅,经度,102.727767,纬度,25.067314
区域,昆明,餐饮类型,云贵菜,店铺id,2527149,店铺名称,云津荟馆庭院餐厅,经度,102.712661,纬度,25.031068
区域,昆明,餐饮类型,江河湖海鲜,店铺id,1253101,店铺名称,芳呈海鲜酒楼,经度,102.647537,纬度,25.036853
区域,昆明,餐饮类型,火锅,店铺id,52839015,店铺名称,滇知酝老坛酸菜牛肉火锅（世博店）,经度,102.756632,纬度,25.08344
区域,昆明,餐饮类型,火锅,店铺id,6657235,店铺名称,飘香木桶鱼,经度,102.741669,纬度,25.126576
区域,昆明,餐饮类型,生日蛋糕,店铺id,41770541,店铺名称,烘焙面包坊,经度,102.779596,纬度,24.957377
区域,昆明,餐饮类型,云贵菜,店铺id,66332,店铺名称,石屏会馆,经度,102.702916,纬度,25.044629
区域,昆明,餐饮类型,火锅,店铺id,2270742,店铺名称,味腾四海重庆火锅,经度,102.73714,纬度,25.00948
区域,昆明,餐饮类型,西餐,店铺id,72324966,店铺名称,malls麦捞士汉堡（十二橡树店）,经度,102.754929,纬度,24.980889
区域,昆明,餐饮类型,小吃快餐,店铺id,64664979,店铺名称,喜梦客复合式休闲餐厅,经度,102.878682,纬度,25.044955
区域,昆明,餐饮类型,生日蛋糕,店铺id,50578368,店铺名称,澳得睐面包,经度,102.752539,纬度,25.08135
区域,昆明,餐饮类型,火锅,店铺id,61220887,店铺名称,元谋人家生态黑山羊火锅,经度,102.803425,纬度,24.854236
区域,昆明,餐饮类型,小吃快餐,店铺id,68766940,店铺名称,老昆明记忆小锅米线,经度,102.75111,纬度,25.078
区域,昆明,餐饮类型,火锅,店铺id,50809455,店铺名称,正宗富源酸汤猪脚,经度,102.861267,纬度,24.859792
区域,昆明,餐饮类型,云贵菜,店铺id,3248233,店铺名称,温德姆豪廷大酒店豪廷轩中餐厅,经度,102.686273,纬度,25.009848
区域,昆明,餐饮类型,西餐,店铺id,41629099,店铺名称,麦当劳（长水国际机场二号店）,经度,102.926961,纬度,25.096795
区域,昆明,餐饮类型,云贵菜,店铺id,40443259,店铺名称,余蛮子宣威菜（环城南路店）,经度,102.731689,纬度,25.025272
区域,昆明,餐饮类型,云贵菜,店铺id,2549794,店铺名称,和福轩（丽苑路总店）,经度,102.66366,纬度,25.03672
区域,昆明,餐饮类型,烧烤烤串,店铺id,63815875,店铺名称,谭记火焰山烧烤（金星农贸市场总店）,经度,102.727764,纬度,25.06878
区域,昆明,餐饮类型,小吃快餐,店铺id,52991778,店铺名称,漆氏源味黄焖鸡米饭（南亚店）,经度,102.686201,纬度,25.00717
区域,昆明,餐饮类型,云贵菜,店铺id,2271164,店铺名称,学成饭店（金实店）,经度,102.739155,纬度,25.076312
区域,昆明,餐饮类型,生日蛋糕,店铺id,41615420,店铺名称,澳美烘焙,经度,102.744173,纬度,24.958259
区域,昆明,餐饮类型,火锅,店铺id,1513054,店铺名称,老北京涮羊肉（西贡码头店）,经度,102.661568,纬度,24.984616
区域,昆明,餐饮类型,自助餐,店铺id,6524331,店铺名称,中庭苑咖啡厅海鲜自助（中心皇冠假日酒店）,经度,102.716987,纬度,25.034464
区域,昆明,餐饮类型,火锅,店铺id,60285810,店铺名称,竹林土灶柴火鸡（高原明珠店）,经度,102.753215,纬度,24.980919
区域,昆明,餐饮类型,烧烤烤串,店铺id,6699878,店铺名称,蒙古包烤羊腿（和谐世纪店）,经度,102.734505,纬度,25.103825
区域,昆明,餐饮类型,川湘菜,店铺id,40406568,店铺名称,柴火战斗鸡,经度,102.73113,纬度,25.12735
区域,昆明,餐饮类型,其他美食,店铺id,4600803,店铺名称,金塔傣乡（寺瓦路店）,经度,102.759644,纬度,25.04578
区域,安宁,餐饮类型,云贵菜,店铺id,67202405,店铺名称,德宏傣寨,经度,102.489861,纬度,24.927632
区域,昆明,餐饮类型,云贵菜,店铺id,5467952,店铺名称,金鹰广场酒店中餐厅,经度,102.713566,纬度,25.040524
区域,昆明,餐饮类型,火锅,店铺id,2271213,店铺名称,抚仙湖老铜锅鱼,经度,102.721957,纬度,24.995364
区域,昆明,餐饮类型,云贵菜,店铺id,1247671,店铺名称,云南人家•九歌寨,经度,102.73615,纬度,25.00756
区域,昆明,餐饮类型,其他美食,店铺id,50917750,店铺名称,泸州聚宾楼,经度,102.735246,纬度,25.007455
区域,昆明,餐饮类型,生日蛋糕,店铺id,51315626,店铺名称,慕蓝卡面包咖啡,经度,102.746972,纬度,24.957628
区域,昆明,餐饮类型,云贵菜,店铺id,1248195,店铺名称,老石头昆阳石锅野生菌,经度,102.689387,纬度,25.024294
区域,昆明,餐饮类型,云贵菜,店铺id,51936796,店铺名称,兴朝思茅野菜馆（昌宏路店）,经度,102.783551,纬度,25.003654
区域,昆明,餐饮类型,云贵菜,店铺id,5193121,店铺名称,老滇山寨（永安路店）,经度,102.724966,纬度,25.021121
区域,嵩明县,餐饮类型,火锅,店铺id,65432477,店铺名称,雅府正红木桶鱼（嵩明店）,经度,103.048353,纬度,25.332081
区域,昆明,餐饮类型,云贵菜,店铺id,61968467,店铺名称,老滇山寨（新亚洲店）,经度,102.767824,纬度,24.946146
区域,昆明,餐饮类型,饮品店,店铺id,1387404,店铺名称,上岛咖啡（世纪城店）,经度,102.764682,纬度,24.978482
区域,昆明,餐饮类型,云贵菜,店铺id,5629635,店铺名称,云粤楼中餐厅（昆明中心假日酒店）,经度,102.72506,纬度,25.03774
区域,昆明,餐饮类型,云贵菜,店铺id,41442815,店铺名称,土乡土菜,经度,102.700023,纬度,25.019809
区域,昆明,餐饮类型,小吃快餐,店铺id,4949861,店铺名称,威远街呛面馒头包子店,经度,102.712058,纬度,25.040307
区域,昆明,餐饮类型,小吃快餐,店铺id,52675358,店铺名称,彭德楷黄焖鸡米饭（书林店）,经度,102.713017,纬度,25.030755
区域,昆明,餐饮类型,川湘菜,店铺id,5633168,店铺名称,鱼满堂,经度,102.72799,纬度,25.05046
区域,昆明,餐饮类型,云贵菜,店铺id,1251040,店铺名称,味彩（翠湖西路店）,经度,102.701176,纬度,25.046944
区域,昆明,餐饮类型,小吃快餐,店铺id,5508172,店铺名称,七恭冒菜（城市领地店）,经度,102.656869,纬度,25.037744
区域,昆明,餐饮类型,云贵菜,店铺id,62346401,店铺名称,马疯窝私房小厨,经度,102.747003,纬度,25.041282
区域,昆明,餐饮类型,川湘菜,店铺id,2771479,店铺名称,味中味川菜馆,经度,102.69915,纬度,25.01987
区域,昆明,餐饮类型,日本菜,店铺id,1247934,店铺名称,明治屋（洪化桥店）,经度,102.701065,纬度,25.044326
区域,昆明,餐饮类型,火锅,店铺id,90597,店铺名称,宣和好菇到·菌菇养生·火锅过桥米线,经度,102.73175,纬度,25.02982
区域,昆明,餐饮类型,云贵菜,店铺id,4287665,店铺名称,尚品味道花园餐厅,经度,102.736447,纬度,25.037977
区域,昆明,餐饮类型,云贵菜,店铺id,4287665,店铺名称,尚品味道花园餐厅,经度,102.736447,纬度,25.037977
区域,昆明,餐饮类型,火锅,店铺id,6450794,店铺名称,花溪村清汤鹅（亚龙店）,经度,102.693329,纬度,25.00625
区域,安宁,餐饮类型,火锅,店铺id,42529550,店铺名称,董氏酸笋鸡第一锅,经度,102.454849,纬度,24.921091
区域,昆明,餐饮类型,自助餐,店铺id,1521355,店铺名称,温德姆至尊豪廷大酒店银座日餐厅,经度,102.68623,纬度,25.010046
区域,昆明,餐饮类型,云贵菜,店铺id,42854982,店铺名称,小菜园食府,经度,102.708758,纬度,25.062232
区域,昆明,餐饮类型,火锅,店铺id,1247666,店铺名称,滇菌王（银海店）,经度,102.73894,纬度,25.011877
区域,昆明,餐饮类型,粤港菜,店铺id,6144932,店铺名称,去茶去·茶餐厅,经度,102.763916,纬度,24.945681
区域,昆明,餐饮类型,云贵菜,店铺id,40684335,店铺名称,五谷闲亭,经度,102.722717,纬度,25.105763
区域,昆明,餐饮类型,云贵菜,店铺id,1250715,店铺名称,南诏香居,经度,102.699767,纬度,25.045935
区域,昆明,餐饮类型,生日蛋糕,店铺id,41404056,店铺名称,凯可莉杯子蛋糕（爱琴海店）,经度,102.684367,纬度,24.991934
区域,昆明,餐饮类型,火锅,店铺id,76738723,店铺名称,花溪清汤鹅（羊甫店）,经度,102.787944,纬度,24.97693
区域,昆明,餐饮类型,其他美食,店铺id,6335421,店铺名称,巍客坊（经典双城店）,经度,102.66515,纬度,25.050146
区域,昆明,餐饮类型,饮品店,店铺id,1256016,店铺名称,春晓书城·醇晓咖啡·唇知晓,经度,102.68433,纬度,25.008789
区域,昆明,餐饮类型,云贵菜,店铺id,5688157,店铺名称,阳光厨房,经度,102.719232,纬度,24.985982
区域,昆明,餐饮类型,西餐,店铺id,1253445,店铺名称,莱茵春天西餐厅（嘉年华店）,经度,102.736167,纬度,25.095333
区域,昆明,餐饮类型,特色菜,店铺id,5588309,店铺名称,好口福农家菜,经度,102.64236,纬度,25.07553
区域,嵩明县,餐饮类型,火锅,店铺id,63191569,店铺名称,重庆猪圈老渝火锅馆（汇尔佳店）,经度,103.007308,纬度,25.235378
区域,昆明,餐饮类型,火锅,店铺id,2270761,店铺名称,龙记斑鱼庄（白云路店）,经度,102.73177,纬度,25.06129
区域,昆明,餐饮类型,江河湖海鲜,店铺id,2506517,店铺名称,粤福楼海鲜,经度,102.7123,纬度,24.98878
区域,昆明,餐饮类型,云贵菜,店铺id,2271645,店铺名称,豐鑫园·勐海烤鸡,经度,102.663887,纬度,24.974277
区域,昆明,餐饮类型,云贵菜,店铺id,1248027,店铺名称,大蓉和（（蓉盛园）官南店）,经度,102.719288,纬度,24.984134
区域,昆明,餐饮类型,火锅,店铺id,69477435,店铺名称,抚仙湖野生菌石锅鱼（野生动物园店）,经度,102.77116,纬度,25.09916
区域,昆明,餐饮类型,云贵菜,店铺id,42634010,店铺名称,兴朝思茅野菜馆（新亚洲店）,经度,102.7656,纬度,24.95817
区域,昆明,餐饮类型,云贵菜,店铺id,2270869,店铺名称,贵州凯里辛继童子鸡,经度,102.74487,纬度,25.00788
区域,昆明,餐饮类型,自助餐,店铺id,42791581,店铺名称,韩国纸上烤肉馆（城市领地店）,经度,102.656978,纬度,25.038294
区域,安宁,餐饮类型,烧烤烤串,店铺id,64870879,店铺名称,合田牧羊烤全羊（太平新城店）,经度,102.580004,纬度,24.949483
区域,昆明,餐饮类型,云贵菜,店铺id,2271259,店铺名称,T9味道食尚餐厅,经度,102.71173,纬度,25.044011
区域,昆明,餐饮类型,火锅,店铺id,5887318,店铺名称,金太阳香辣蟹（国贸店）,经度,102.733922,纬度,25.013328
区域,昆明,餐饮类型,饮品店,店铺id,6367665,店铺名称,巧克力礼盒,经度,102.740619,纬度,25.039425
区域,昆明,餐饮类型,自助餐,店铺id,42397419,店铺名称,经贸宾馆餐厅,经度,102.714341,纬度,25.045505
区域,昆明,餐饮类型,自助餐,店铺id,42397419,店铺名称,经贸宾馆餐厅,经度,102.714341,纬度,25.045505
区域,昆明,餐饮类型,北京菜,店铺id,64202620,店铺名称,宜良烤鸭,经度,102.74163,纬度,25.008279
区域,昆明,餐饮类型,云贵菜,店铺id,40320756,店铺名称,抚仙湖石锅鱼.野生菌（永昌小区店）,经度,102.704798,纬度,25.018871
区域,昆明,餐饮类型,小吃快餐,店铺id,61471197,店铺名称,楊銘宇黄焖鸡米饭（银海尚御店）,经度,102.7377,纬度,25.00615
区域,昆明,餐饮类型,小吃快餐,店铺id,50211418,店铺名称,俩好川味小吃园,经度,102.862243,纬度,24.85999
区域,昆明,餐饮类型,川湘菜,店铺id,1255982,店铺名称,川蛙田鸡（世纪城店）,经度,102.759681,纬度,24.965552
区域,昆明,餐饮类型,西餐,店铺id,4734156,店铺名称,品客意式休闲餐厅（世博店）,经度,102.760403,纬度,25.074152
区域,安宁,餐饮类型,面包甜点,店铺id,4834109,店铺名称,云怡鲜饼屋,经度,102.497531,纬度,24.893323
区域,昆明,餐饮类型,小吃快餐,店铺id,69139064,店铺名称,露一手清真冒菜,经度,102.84401,纬度,24.88783
区域,安宁,餐饮类型,火锅,店铺id,5205352,店铺名称,宝欣人家肥牛炊锅,经度,102.493578,纬度,24.92705
区域,昆明,餐饮类型,面包甜点,店铺id,5963461,店铺名称,食之花饼屋,经度,102.688682,纬度,25.029497
区域,昆明,餐饮类型,小吃快餐,店铺id,5356567,店铺名称,福莱士,经度,102.758443,纬度,24.98355
区域,昆明,餐饮类型,特色菜,店铺id,51553422,店铺名称,万兴农家菜,经度,102.737306,纬度,25.053785
区域,昆明,餐饮类型,小吃快餐,店铺id,41070692,店铺名称,老昆明小锅米线,经度,102.710081,纬度,25.029394
区域,昆明,餐饮类型,云贵菜,店铺id,1250630,店铺名称,老滇缅320傣家（兴苑路店）,经度,102.6551,纬度,25.039278
区域,昆明,餐饮类型,生日蛋糕,店铺id,5902479,店铺名称,昆明冠生园（滇池路旗舰店）,经度,102.696885,纬度,25.018911
区域,昆明,餐饮类型,其他美食,店铺id,50421391,店铺名称,傣家宴,经度,102.76563,纬度,24.95812
区域,昆明,餐饮类型,小吃快餐,店铺id,42303348,店铺名称,彭德凯黄焖鸡米饭（百富琪店）,经度,102.72687,纬度,25.025313
区域,昆明,餐饮类型,火锅,店铺id,63670424,店铺名称,保山火塘牛肉（棕树营店）,经度,102.683457,纬度,25.042231
区域,安宁,餐饮类型,火锅,店铺id,6288066,店铺名称,开心鱼堂云南草本煳辣鱼（安宁店）,经度,102.49294,纬度,24.927912
区域,昆明,餐饮类型,云贵菜,店铺id,63675999,店铺名称,宝源铜锅洋芋饭,经度,102.675099,纬度,25.051206
区域,昆明,餐饮类型,云贵菜,店铺id,1252497,店铺名称,朱家花园食府（正义店）,经度,102.70904,纬度,25.03723
区域,昆明,餐饮类型,火锅,店铺id,79897372,店铺名称,楚雄三街小宝羊汤锅（高新店）,经度,102.640143,纬度,25.077277
区域,昆明,餐饮类型,小吃快餐,店铺id,42253754,店铺名称,傣味手抓饭,经度,102.677637,纬度,25.035514
区域,宜良县,餐饮类型,生日蛋糕,店铺id,5123763,店铺名称,云华鲜饼屋,经度,103.154019,纬度,24.918495
区域,昆明,餐饮类型,火锅,店铺id,1248028,店铺名称,京川野菌王,经度,102.73867,纬度,25.012006
区域,昆明,餐饮类型,小吃快餐,店铺id,1251458,店铺名称,百味锡都个旧汆肉米线馆（穿金路店）,经度,102.722242,纬度,25.049534
区域,禄劝彝族苗族自治县,餐饮类型,西餐,店铺id,50182640,店铺名称,麦瑞克西餐厅披萨牛排意面冰淇淋小吃石锅饭,经度,102.470846,纬度,25.548466
区域,昆明,餐饮类型,火锅,店铺id,73693522,店铺名称,秀峰丽江纳西腊排骨（商学院店）,经度,102.65047,纬度,25.08364
区域,昆明,餐饮类型,小吃快餐,店铺id,41229130,店铺名称,大羊米线（王旗营店）,经度,102.731094,纬度,25.061999
区域,昆明,餐饮类型,火锅,店铺id,2271131,店铺名称,城市花园泰式海鲜火锅（南亚店）,经度,102.684147,纬度,25.009627
区域,昆明,餐饮类型,特色菜,店铺id,41846675,店铺名称,乡村土灶柴火鸡,经度,102.70322,纬度,24.97969
区域,昆明,餐饮类型,火锅,店铺id,62237022,店铺名称,巧庄园•四季野生菌火锅,经度,102.701438,纬度,25.041347
区域,昆明,餐饮类型,火锅,店铺id,2511301,店铺名称,老碗羊汤锅,经度,102.734355,纬度,25.0762
区域,昆明,餐饮类型,云贵菜,店铺id,71032692,店铺名称,大丰收农家园,经度,102.72641,纬度,24.939642
区域,昆明,餐饮类型,生日蛋糕,店铺id,41748314,店铺名称,JUST HOT佳禾欧包（滨江店）,经度,102.717507,纬度,25.066798
区域,昆明,餐饮类型,江河湖海鲜,店铺id,1499159,店铺名称,利来海鲜水鱼馆（呈贡店）,经度,102.847075,纬度,24.852687
区域,昆明,餐饮类型,生日蛋糕,店铺id,42033712,店铺名称,拾梦小筑,经度,102.86118,纬度,24.85559
区域,昆明,餐饮类型,其他美食,店铺id,40714704,店铺名称,小马果果傣味餐厅,经度,102.71883,纬度,24.984604
区域,昆明,餐饮类型,香锅烤鱼,店铺id,71969916,店铺名称,袍哥纸上烤鱼（天骄北麓店）,经度,102.728673,纬度,25.111684
区域,石林彝族自治县,餐饮类型,云贵菜,店铺id,40951449,店铺名称,石苑饭店,经度,103.316177,纬度,24.831167
区域,晋宁区,餐饮类型,火锅,店铺id,1255845,店铺名称,蜀中吴养生板栗鸡,经度,102.591988,纬度,24.690071
区域,昆明,餐饮类型,火锅,店铺id,50288427,店铺名称,李记沾水罗非鱼火锅,经度,102.687539,纬度,25.006555
区域,昆明,餐饮类型,西餐,店铺id,1254547,店铺名称,翡翠鸟西餐厅,经度,102.7351,纬度,25.08199
区域,昆明,餐饮类型,云贵菜,店铺id,4880470,店铺名称,鑫鑫金草墩,经度,102.741655,纬度,25.081175
区域,昆明,餐饮类型,云贵菜,店铺id,1254890,店铺名称,天鹿酒楼（东风东路店）,经度,102.74058,纬度,25.036985
区域,昆明,餐饮类型,特色菜,店铺id,51756293,店铺名称,方圆红农家菜,经度,102.642962,纬度,25.077568
区域,昆明,餐饮类型,其他美食,店铺id,51215576,店铺名称,粮河晓院,经度,102.659629,纬度,25.044897
区域,昆明,餐饮类型,火锅,店铺id,4581435,店铺名称,云丰园昭通天麻火腿鸡火锅（船房店）,经度,102.690373,纬度,25.018378
区域,昆明,餐饮类型,生日蛋糕,店铺id,42032324,店铺名称,麦佳饼屋（丹霞路店）,经度,102.683594,纬度,25.038844
区域,昆明,餐饮类型,火锅,店铺id,52245290,店铺名称,土司汤锅（高新店）,经度,102.654111,纬度,25.078002
区域,昆明,餐饮类型,云贵菜,店铺id,42110570,店铺名称,聚滨楼·怒江人家,经度,102.675024,纬度,25.046298
区域,昆明,餐饮类型,粤港菜,店铺id,2409089,店铺名称,老东粥皇茶餐厅（正义坊店）,经度,102.709601,纬度,25.038983
区域,昆明,餐饮类型,火锅,店铺id,67263170,店铺名称,重庆溶洞老火锅（新亚洲体育城店）,经度,102.764665,纬度,24.944211
区域,昆明,餐饮类型,云贵菜,店铺id,1255412,店铺名称,拓东傣味,经度,102.72985,纬度,25.03663
区域,昆明,餐饮类型,火锅,店铺id,69888867,店铺名称,正宗富源酸菜土猪脚火锅（长村店第五分店）,经度,102.73443,纬度,25.019312
区域,昆明,餐饮类型,小吃快餐,店铺id,6814799,店铺名称,丰米台北鸡油饭（壹号广场店）,经度,102.68137,纬度,25.04744
区域,昆明,餐饮类型,云贵菜,店铺id,6860518,店铺名称,鸿欣昭通天麻火腿鸡,经度,102.716371,纬度,25.049965
区域,昆明,餐饮类型,饮品店,店铺id,51594668,店铺名称,米兜紫米露（金星店）,经度,102.729919,纬度,25.067559
区域,昆明,餐饮类型,火锅,店铺id,1247658,店铺名称,野菌园（关兴路总店）,经度,102.73937,纬度,25.012068
区域,昆明,餐饮类型,云贵菜,店铺id,5543009,店铺名称,驴味当家,经度,102.670178,纬度,25.059898
区域,石林彝族自治县,餐饮类型,火锅,店铺id,5231447,店铺名称,李氏肚包鸡,经度,103.282345,纬度,24.752559
区域,安宁,餐饮类型,其他美食,店铺id,79540778,店铺名称,春满堂版纳美食园,经度,102.480629,纬度,24.944735
区域,昆明,餐饮类型,饮品店,店铺id,41892220,店铺名称,吾饮良品idrink（南亚风情城店）,经度,102.684621,纬度,25.007938
区域,昆明,餐饮类型,小吃快餐,店铺id,1253465,店铺名称,兄弟昭通天麻火腿鸡,经度,102.719653,纬度,25.08573
区域,昆明,餐饮类型,火锅,店铺id,41864524,店铺名称,草墩酸菜鱼火锅,经度,102.849555,纬度,24.851226
区域,昆明,餐饮类型,特色菜,店铺id,40782398,店铺名称,聚缘来·家常菜（版筑翠园分店）,经度,102.69327,纬度,25.05498
区域,昆明,餐饮类型,生日蛋糕,店铺id,4546054,店铺名称,恒香饼屋（世纪城店）,经度,102.751139,纬度,24.959531
区域,昆明,餐饮类型,云贵菜,店铺id,6018955,店铺名称,宣威火腿钱家庄（玫瑰湾店）,经度,102.722201,纬度,24.98228
区域,昆明,餐饮类型,火锅,店铺id,76885939,店铺名称,丽江一锅,经度,102.829708,纬度,24.837897
区域,昆明,餐饮类型,小吃快餐,店铺id,5751773,店铺名称,浪漫樱花寿司（云艺总店）,经度,102.679106,纬度,25.055648
区域,昆明,餐饮类型,云贵菜,店铺id,1248154,店铺名称,滇菌王（金康园店）,经度,102.721901,纬度,25.070198
区域,昆明,餐饮类型,云贵菜,店铺id,6943141,店铺名称,晓陈农家乐,经度,102.69078,纬度,25.009247
区域,昆明,餐饮类型,火锅,店铺id,71289339,店铺名称,乡村铜锅园,经度,102.6823,纬度,25.0477
区域,昆明,餐饮类型,火锅,店铺id,69061910,店铺名称,正宗丽江腊排骨火锅,经度,102.7769,纬度,24.96565
区域,昆明,餐饮类型,云贵菜,店铺id,62787999,店铺名称,清真·赢融印象（星光餐厅）,经度,102.731488,纬度,25.028595
区域,昆明,餐饮类型,自助餐,店铺id,66926129,店铺名称,缘来素食自助（欣都龙城店）,经度,102.733599,纬度,25.079509
区域,昆明,餐饮类型,小吃快餐,店铺id,42059692,店铺名称,陕西小吃,经度,102.73851,纬度,25.05326
区域,昆明,餐饮类型,火锅,店铺id,42446687,店铺名称,城林园红河干锅旱鸭（王家桥店）,经度,102.673782,纬度,25.081862
区域,昆明,餐饮类型,火锅,店铺id,41304626,店铺名称,雅府正红木桶鱼（汇都店）,经度,102.726952,纬度,25.035364
区域,昆明,餐饮类型,云贵菜,店铺id,50317201,店铺名称,傣家小毕郎手抓饭,经度,102.73705,纬度,25.03938
区域,昆明,餐饮类型,饮品店,店铺id,1253745,店铺名称,卡夫卡咖啡书屋,经度,102.702237,纬度,25.052268
区域,昆明,餐饮类型,火锅,店铺id,50509020,店铺名称,永昌清真铜瓢牛肉,经度,102.72151,纬度,24.98242
区域,昆明,餐饮类型,云贵菜,店铺id,6118292,店铺名称,西双版纳勐海傣味园,经度,102.724101,纬度,25.023027
区域,昆明,餐饮类型,火锅,店铺id,41012722,店铺名称,保山火塘牛肉（金实店）,经度,102.73597,纬度,25.07704
区域,昆明,餐饮类型,云贵菜,店铺id,2270262,店铺名称,美提叶,经度,102.731254,纬度,25.022482
区域,昆明,餐饮类型,云贵菜,店铺id,1247946,店铺名称,故园食府（黄土坡店）,经度,102.67921,纬度,25.055084
区域,昆明,餐饮类型,鲁菜,店铺id,41548190,店铺名称,101家常菜馆,经度,102.667299,纬度,25.034293
区域,晋宁区,餐饮类型,火锅,店铺id,41362334,店铺名称,丽江腊排骨火锅城,经度,102.59483,纬度,24.66113
区域,昆明,餐饮类型,火锅,店铺id,41615091,店铺名称,顺轩红河干锅旱鸭,经度,102.699312,纬度,25.025866
区域,昆明,餐饮类型,火锅,店铺id,40565903,店铺名称,昭通天麻竹荪火腿鸡（关上店）,经度,102.745379,纬度,25.008016
区域,安宁,餐饮类型,云贵菜,店铺id,6316152,店铺名称,螳川印象花园餐厅,经度,102.478966,纬度,24.938613
区域,安宁,餐饮类型,云贵菜,店铺id,41793953,店铺名称,汇丰馨园,经度,102.494743,纬度,24.893472
区域,昆明,餐饮类型,火锅,店铺id,1252029,店铺名称,城市花园泰式海鲜火锅（登文店）,经度,102.753227,纬度,25.080528
区域,昆明,餐饮类型,火锅,店铺id,40415276,店铺名称,品味空间火锅,经度,102.70658,纬度,25.05079
区域,昆明,餐饮类型,小吃快餐,店铺id,41939306,店铺名称,吴家豆花村（爱琴海购物公园店）,经度,102.685364,纬度,24.992284
区域,昆明,餐饮类型,小吃快餐,店铺id,40241493,店铺名称,老鬼鸡汤饭（祥云美食城）,经度,102.713149,纬度,25.03539
区域,昆明,餐饮类型,火锅,店铺id,41914759,店铺名称,重庆烧鸡公,经度,102.683575,纬度,25.003425
区域,昆明,餐饮类型,小吃快餐,店铺id,65300966,店铺名称,当烫顶楼无边际餐厅（过桥米线）,经度,102.72069,纬度,25.020021
区域,昆明,餐饮类型,烧烤烤串,店铺id,5957083,店铺名称,点点香昭通小肉串,经度,102.681929,纬度,25.00719
区域,昆明,餐饮类型,小吃快餐,店铺id,64692445,店铺名称,文汇酒店滇菜王府餐厅,经度,102.695989,纬度,25.062607
区域,昆明,餐饮类型,香锅烤鱼,店铺id,51289815,店铺名称,蟹大大香辣蟹（幸福广场店）,经度,102.74732,纬度,24.95741
区域,昆明,餐饮类型,火锅,店铺id,62854760,店铺名称,丽江腊排骨火锅,经度,102.842596,纬度,24.860064
区域,昆明,餐饮类型,云贵菜,店铺id,65652708,店铺名称,德宏傣味馆（民航路店）,经度,102.732101,纬度,25.028747
区域,昆明,餐饮类型,云贵菜,店铺id,64057473,店铺名称,金牛馨·清真（金江旗舰店）,经度,102.742488,纬度,25.103983
区域,昆明,餐饮类型,其他美食,店铺id,62593052,店铺名称,回珍•牛新鲜（烧烤，快餐，小吃）,经度,102.724969,纬度,25.066526
区域,昆明,餐饮类型,火锅,店铺id,40718362,店铺名称,开胃鬼富源酸菜土猪脚火锅,经度,102.70317,纬度,25.041202
区域,昆明,餐饮类型,小吃快餐,店铺id,6616641,店铺名称,老东粥皇（新西南店）,经度,102.714921,纬度,25.041963
区域,昆明,餐饮类型,云贵菜,店铺id,6166250,店铺名称,聚兴园（高新店）,经度,102.6503,纬度,25.084716
区域,昆明,餐饮类型,云贵菜,店铺id,68437412,店铺名称,大理彝家人,经度,102.887552,纬度,25.04709
区域,嵩明县,餐饮类型,饮品店,店铺id,69680814,店铺名称,罗纳咖啡,经度,103.047566,纬度,25.332796
区域,昆明,餐饮类型,小吃快餐,店铺id,52820732,店铺名称,王掌柜·海鲜·特色干锅,经度,102.686104,纬度,25.007259
区域,昆明,餐饮类型,火锅,店铺id,51600002,店铺名称,马街老字号罗非鱼庄,经度,102.672216,纬度,25.090044
区域,昆明,餐饮类型,面包甜点,店铺id,51706936,店铺名称,柯江饼店,经度,102.718313,纬度,25.020893
区域,昆明,餐饮类型,日韩料理,店铺id,6475605,店铺名称,本家韩国紫菜包饭店（西昌店）,经度,102.707508,纬度,25.025711
区域,昆明,餐饮类型,饮品店,店铺id,51420577,店铺名称,世纪金源大饭店御景庭大堂吧,经度,102.765259,纬度,24.975433
区域,昆明,餐饮类型,小吃快餐,店铺id,51869281,店铺名称,时光酸菜鱼米线（版筑翠园店）,经度,102.691764,纬度,25.054275
区域,昆明,餐饮类型,火锅,店铺id,6945189,店铺名称,龚氏福生园酸笋鸡,经度,102.663986,纬度,25.004391
区域,昆明,餐饮类型,火锅,店铺id,63230105,店铺名称,重庆毛儿火锅（兴苑路店）,经度,102.66889,纬度,25.03885
区域,昆明,餐饮类型,云贵菜,店铺id,42645676,店铺名称,卢氏辣子鸡,经度,102.777176,纬度,25.006488
区域,昆明,餐饮类型,云贵菜,店铺id,67071580,店铺名称,阿政食府（云山路店）,经度,102.670857,纬度,25.038905
区域,昆明,餐饮类型,火锅,店铺id,42636130,店铺名称,东巴拉丽江风味腊排火锅（龙华路店）,经度,102.74312,纬度,25.05925
区域,昆明,餐饮类型,火锅,店铺id,42496735,店铺名称,带皮小黄牛,经度,102.7127,纬度,24.97138
区域,昆明,餐饮类型,云贵菜,店铺id,67667386,店铺名称,漫春园清真绿色生态主题餐厅,经度,102.762341,纬度,24.93805
区域,昆明,餐饮类型,火锅,店铺id,42682248,店铺名称,富酸港富源酸菜猪脚火锅,经度,102.88107,纬度,25.043891
区域,昆明,餐饮类型,小吃快餐,店铺id,50643920,店铺名称,味美东北饺子,经度,102.721713,纬度,25.085043
区域,昆明,餐饮类型,云贵菜,店铺id,50986553,店铺名称,安宁映山红餐馆,经度,102.587462,纬度,24.95759
区域,昆明,餐饮类型,火锅,店铺id,50594044,店铺名称,江川老字号抚仙湖野生菌石锅鱼,经度,102.665572,纬度,25.092145
区域,昆明,餐饮类型,火锅,店铺id,50962977,店铺名称,志东真味天麻鸡火锅,经度,102.74367,纬度,25.01448
区域,昆明,餐饮类型,香锅烤鱼,店铺id,67777495,店铺名称,博辣城麻辣香锅（理工大店）,经度,102.85061,纬度,24.850927
区域,昆明,餐饮类型,小吃快餐,店铺id,40940842,店铺名称,建新园过桥米线（塘子巷店）,经度,102.71984,纬度,25.031401
区域,石林彝族自治县,餐饮类型,火锅,店铺id,6440021,店铺名称,老圭山彝味带皮驴羊肉馆,经度,103.317201,纬度,24.837436
区域,昆明,餐饮类型,火锅,店铺id,5936699,店铺名称,永昌清真铜瓢牛肉,经度,102.74047,纬度,25.01643
区域,昆明,餐饮类型,火锅,店铺id,42979947,店铺名称,永昌清真火瓢牛肉（中央金座店）,经度,102.675416,纬度,25.006904
区域,昆明,餐饮类型,川湘菜,店铺id,6167605,店铺名称,德缘饭店,经度,102.731553,纬度,25.089244
区域,昆明,餐饮类型,云贵菜,店铺id,5712761,店铺名称,德宏傣家小馆,经度,102.842665,纬度,24.84222
区域,安宁,餐饮类型,特色菜,店铺id,42478537,店铺名称,乡村鸡农家园,经度,102.472776,纬度,24.945584
区域,晋宁区,餐饮类型,火锅,店铺id,5789181,店铺名称,阳光美食自助城,经度,102.594301,纬度,24.664652
区域,昆明,餐饮类型,火锅,店铺id,6126324,店铺名称,乌鸡腊排骨干锅火锅店,经度,102.718439,纬度,25.086153
区域,昆明,餐饮类型,云贵菜,店铺id,41313378,店铺名称,玺尊龙,经度,102.704861,纬度,25.028487
区域,嵩明县,餐饮类型,云贵菜,店铺id,5681619,店铺名称,云滇味美思餐厅,经度,103.029187,纬度,25.244341
区域,昆明,餐饮类型,特色菜,店铺id,5310404,店铺名称,金牛园清真餐厅,经度,102.736711,纬度,25.077878
区域,宜良县,餐饮类型,云贵菜,店铺id,5366470,店铺名称,南羊第一家小麻鸭,经度,103.137598,纬度,24.85426
区域,昆明,餐饮类型,云贵菜,店铺id,5025986,店铺名称,唐记云海园,经度,102.750112,纬度,25.072069
区域,昆明,餐饮类型,火锅,店铺id,5762162,店铺名称,禄劝雪山壮羊馆,经度,102.647087,纬度,25.037336
区域,安宁,餐饮类型,川湘菜,店铺id,5803170,店铺名称,美好食苑,经度,102.47365,纬度,24.94573
区域,安宁,餐饮类型,其他美食,店铺id,5206104,店铺名称,老滇坊.食府,经度,102.480479,纬度,24.945478
区域,安宁,餐饮类型,火锅,店铺id,42121729,店铺名称,野山药腊排骨火锅（太平店）,经度,102.586033,纬度,24.947115
区域,昆明,餐饮类型,小吃快餐,店铺id,5867604,店铺名称,老边民小吃,经度,102.63758,纬度,25.03323
