用户,星级,评论
RSE103504847,5.0,鱼头味道很正宗，配菜也很新鲜，绿色叶菜是老板院里自家种的。老板娘人不错超热情，让去菜地自己拔菜带走。总之出来玩的高兴，吃的超也美味，带着新鲜的蔬菜心情美美哒返程了。下次重游一定会再来光顾的，祝老板生意兴隆！
匿名用户,5.0,「#套餐：2-3 人柴锅灶台胖头鱼」「#炸虾」锅底选的微辣的，很好吃很下饭，鲤鱼新鲜肉质绵密。大家吃的很开心，老板人很热情，很实在
_qqcht1400384330,5.0,密云水库旁边，第二次来了，周末带着家人来吃水库鱼，服务超级热情，鱼个大新鲜鲜香入味，一家人点了只8斤的胖头孩子超爱吃，下次周末溜达还来这里
197海,3.0,在渔街里，好多吃鱼的餐馆，这间只是其中之一。上菜速度不快，等了好久，没人收拾桌子。点餐时说套餐券可以用，菜没上齐又说不让用，搞的像是占多大便宜似的。像这种情况应该提前告知，我好选择在哪家餐馆就餐。鱼熟的挺快。不太愉快的就餐。
zzyq,2.0,冲着美团第一来的，结果服务和口味都很差，没什么人，上菜还很慢。炖鱼全靠鱼本身的味道撑着，酱难吃！香椿拌豆腐几乎没有香椿。不知道怎么上的排行榜第一，如果美团继续这样，估计和莆田系差不多了，以后只能看大众点评了
anfuping,1.0,严重差评，估计是不想干了吧，柴鸡根本不是柴鸡，这也是水果拼盘，隔夜的苹果，大家不要上当，严重欺骗。
九王爷a,5.0,环境好，菜量足，味道不错，鱼新鲜，没有土腥味，价格实惠。
旋转木马128,5.0,看了大众点评推荐来的，鱼的味道果然鲜美！很鲜嫩！炖豆腐特别入味，三个人吃光光了
_qqcht1400384330,5.0,朋友推荐这家的灶台鱼，团购了个套餐，三人吃正好，特别划算。鱼的味道很赞鲜嫩正好入口即化，很棒的体验，值得推荐
zhangli0708,5.0,一家三口去密云，吃的最爽的一顿，好吃不贵。老板娘很好客。院子很大，停车也方便。
匿名用户,3.0,回到家后犯嘀咕，为啥老奶奶不戴口罩？为了叫客户放心，建议还是戴上口罩
Lily_201712,5.0,鱼的味道很不错 店员很热情 下次密云行还会去，大家路过密云一定要去尝一尝哈
cpc9837863688838,5.0,好吃！鱼很新鲜！
ArP507459843,4.0,十一期间，各处都很热闹，农家院里，家常菜的味道。很实惠的。
不是我们的我,2.0,来密云来旅游，特意说找一家网评第一名的水库鱼，驱车不远万里来到这里，我问美团可以用吗，说可以，一个应该像是老板娘的阿姨都不等我把菜单看完听说是团购直接把菜单给我撤了，什么意思我想说，我说我还没看完呢，还要点别的菜呢，特别不耐烦，加完菜马上就过来收钱，是怕不给钱吗，再说说这个鱼，不知道网评排名第一怎么来的，鱼头带着腮，见图，味道也是一般，不会再来第二次了，很失望，其他的服务员阿姨都很好很和蔼，年轻的小伙态度也不错
dubing911,4.0,大鱼超级好吃，店家还让娃挖了两个大萝卜，连吃带采摘真是有趣，孩子开心极了。
oOW203209915,5.0,去过很多周围的饭店，这家味道是最好的，而且价格也实惠，两个人吃的饱饱的还剩下了很多，因为天气原因选择了外面就餐，店家贴心准备了蚊香，满分满分，下次还会过去！ #锅底锅底# #白豆腐#
LusChaoyang,5.0,"去密云白龙潭爬山，中午找到他家吃的饭。
位置就在密云水库边上，按导航很好找。他们家有个很大的院子，要是天气凉快可以到处转转。
菜的味道都不错，尤其是烧的鱼非常嫩，烧的鸡味道也很好，额外加的豆腐白菜汤家人也很喜欢。
吃完饭还在他们家的菜园摘了几个黄瓜吃😀妈妈很开心😊"
VUn715205729,5.0,很不错 带着家人一起去玩 中午在美团买的这个套餐 看着没销量刚开始还有些担心 菜上来以后才发现担心是多余的了 分量足 味道不错！临走还送一大葫芦
Fvm250317161,5.0,我有所值，味道不错，下次还值得在来
jdc2011,4.0,鱼还成吧，但就是我们等的时间有点长，厨师把我们忘了，后来催才上的鱼
yOP821509113,3.0,老板建议我们跟换了套餐，补了差价，味道还不错
路易少辉,2.0,鱼做的一般、咸的很、吃完后感觉腥的很
关关2019,4.0,货真价实的柴鸡，味道很棒，分量再多点就好了。酱烧鱼特别新鲜，特别入味。不愧是密云水库排名第一的馆子！棒棒哒
小乔的瑜哥哥,2.0,"【口味】
【环境】
【服务】
【等位】"
wym860409,5.0,味道非常好，鱼太好吃了，一点都不腥，还可以免费采摘，还能Ｋ歌，老板好热情啊，绝对的回头客😊
匿名用户,5.0,味道不错，鱼很鲜，推荐来😄老板娘很实在，还送了自己种的菜👍
oky885736502,4.0,团的288的套餐，很大的一条鱼，四个人差点没吃完，味道很棒，公公婆婆吃的很满意～ #胖头鱼# #烙饼#
月亮怀抱太阳,5.0,铁锅炖鱼的味道非常好，鱼很嫩的，农家菜的味道也很好，老板娘也很热情，服务周到，店里还有自己种的地，可以采摘黄瓜吃，强烈推荐！
guoguo19830319,3.0,大五不错，就是没给果盘，这点不好！
匿名用户,2.0,老板娘很不实在，我们4个人推荐6.7斤的鱼头，老爹说吃不了，老板娘说鱼头越大越好吃，听了老板娘的推荐上了7斤，原来是两个鱼头7斤，都带多半个身子，最后一个也没吃完，味道也很一般，也不知道她家的5星好评是怎么来的
JQy956372443,5.0,环境好，服务周到，味道也很好
Blr934634169,5.0,农家院干净，价格合理。鱼的味道非常不错。有机会在到这里来。
匿名用户,5.0,货真价实，绝对的厚道。味道也很不错，下次还来。
VnW990955453,5.0,味道很好 店家服务态度很热情！
crykurt13,5.0,鱼很新鲜 从鱼池里现抓现做 很好吃 环境好 推荐大家来
付鹏爱,5.0,不错昂，推荐一下。下雨天吃个铁锅鱼特别舒服，热乎乎的。
Btf714943775,2.0,鱼还可以 所谓水果拼盘很不满意.
月亮怀抱太阳,5.0,味道很好，第一次来，团的套餐，物美价廉
snh345540918,5.0,在网上团购的，量很足，很好吃，服务很好！
舍我其谁8086,5.0,真不错👍味道超级好👌
mvn908245206,5.0,味道还不错，就是胖头鱼太大了，4个人根本吃不了，所以要的鲤鱼的，要是商家能做半条一份的胖头鱼就好了！因为草鱼太腥了！喜欢他家的菜园子，特别新鲜，随吃随摘，非常好吃！
梦想6349,5.0,胖头鱼特别好吃，老板娘人特好，强烈推荐来这吃饭
OID702688157,5.0,位置超好找，味道也非常不错，还有免费采摘，西红柿、小辣椒等等，店老板特别贴心
兜兜妙可,5.0,服务很好，可以免费采摘，院里环境很好！
jIx325233926,4.0,今天要的酱汤，比较适合老人孩子吃，味道很赞，自己还是喜欢吃辣的，觉得辣的味道更好，老板娘很热情送了自己种的杏和黄瓜，最喜欢吃豆腐和宽粉，还有烙饼很好吃
匿名用户,2.0,最后加一份生面条，都要15，太坑了，
匿名用户,1.0,价格高，事先不说好不能用，菜品一般
阿雷12333,5.0,来的时间有点早，下午四点左右就到了，所以店里没有客人，以为上菜会很慢，结果上菜速度真的超级快，基本坐屋里没有十分钟菜品就上完了。味道还是不错的哈，尤其是他家的酱炖鱼，和炖柴鸡味道相当的可以哈，还有拌野菜和炸花椒芽味道也是没得说啊，所以必须给好评啊
兜兜妙可,5.0,味道很好，服务特别好，有个菜园免费采摘，经常去吃 #家常饼# #贴饼子#
李彦军654,5.0,环境优美，服务热情，口味很鲜
tCZ774113788,5.0,味道不错，全部吃光光
EpI619435658,5.0,鱼很鲜，大锅炖的也很棒！花椒芽是现炸的，挺香的。水果盘是冰镇西瓜🍉太到位了！ #特色酱炖鲤鱼# #炸花椒芽#
pangcui6553,4.0,味道非常的不错！！鱼肉特别好！！
辛红香,5.0,菜品好！可以摘杏
匿名用户,4.0,大柴锅炖的鲤鱼，卤水豆腐，血豆腐和白菜。点了花椒芽和拌黑土豆丝。不错 #柴锅炖鱼# #炸花椒芽#
kTf144464647,5.0,在院子里吃的，很有生活气息！菜品新鲜，让人有食欲！老板很热情，贴心、周到。停车方便，下次还会再来！
MWT193033628,5.0,鱼味道不错，我们嘴急了吃的时候鱼还不大入味但是很嫩，开锅时间长一点鱼会比较入味，总的来说很超值！下次还会去
南宫影珣ljy,5.0,鱼的味道特别鲜，菜的分量够足，老板娘非常热情，热心帮我们指路，给我们介绍，最喜欢的就是老板家的菜园，好全的😄😄😄
RaK760151624,5.0,菜很不错，环境很好，老板还让我摘了袋黄瓜，棒棒的
Cdt407788371,4.0,大姐很热情，院子收拾的不错，做的🐟很新鲜！
wRJ620791768,5.0,味道不错，鱼很鲜，下次还会再来
匿名用户,5.0, #炸花椒芽# #炸香椿芽# #烙饼# #凉拌蕨菜#
庐山之东,5.0,味道不错，菜量也可以，老板人热情厚道，装修环境书香气浓厚，值得一去！
jYd649226922,5.0,环境好、服务佳
zzwf万福,5.0,菜品味道不错，服务态度很好，环境不错，下次还会去。
sPv397007419,5.0,很好…老板娘热情…菜品足…味道👌…
dXm948682380,5.0,菜品新鲜囗感出众，还会再来
深蓝色的忠诚,3.0,我们10个人要了一锅鱼一锅鸡一共才花了四百多，商家打75折，吃啥都合适，良心推荐。
允诺￡,5.0,不错的地方，鱼非常好吃，强烈推荐
bimyuanqi,5.0,味道很不错，团购很实惠，好评！！！
CoG620667715,5.0,
SqS495677593,5.0,
IAM294177056,5.0,
nUC764041303,5.0,环境很好 可以摘杏 和蔬菜
敢不敢不这么吊,4.0,
兜兜妙可,5.0,环境特别好，院子的杏挺好吃的，菜还可以免费采摘。老板娘特别热情，服务特别好！以后还会来！
fhl944299301,5.0,
jML334455110,5.0,菜品还可以，价格比较实惠，可以来尝尝
Lvm782731219,5.0,我们常来，不光灶台鱼实惠好吃，炖肉和鱼丸汤都很棒，强烈推荐！
afv679994021,5.0,味道好，环境挺好，还可以免费采摘，老板娘非常热情，服务特别好，棒棒哒！！！
Nereusdong,5.0,环境很棒，分量足，鱼新鲜，服务周到，强烈推荐
MWT193033628,5.0,
fmg540302959,5.0,下午三点多来的，味道不错，量也很足，老板娘态度很好还送了半份贴饼子
woxihuan77,5.0,
A阿杰276,5.0,
郭景强,5.0,
jML102211239,5.0,
nGx953953609,5.0,
Jvx132745390,5.0,
herson,5.0,
mdq941784263,5.0,
哈咯立,5.0,
Xnh202043872,5.0,
匿名用户,5.0,
匿名用户,5.0,
BpH556281277,5.0,
daisy雪1211,5.0,
露华浓lucy,5.0,
匿名用户,4.0,
wqs724698560,5.0,
cruiser_coco,5.0,
匿名用户,5.0,
hiE250290383,4.0,
hFz575714758,5.0,
PMD971086523,5.0,
tonycnbj,4.0,
lixiaofu1,4.0,
dXm948682380,5.0,
cruiser_coco,5.0,
用户,星级,评论
Auj991328979,5.0,"【口味】好想念的味道，面后第一次吃.早就馋福口居羊肉了
【消毒】很正规.如图，测体温登记，出示健康码否则不让进啊
今天是他家20年店庆.我是第六桌送了肉品菜品大礼包，据说开餐前十桌才送的，家门口从小吃到大的火锅店.不多说，开的时间比我年龄还大"
岁月神偷在熙,5.0,这家店前前后后来了快五六年了，总是忘不了这口味道，他家的小火锅也是铜锅，所以吃起来特别有味道，买了他家的两个套餐，量大小合适，两盘肉，一盘羊肉一盘牛肉，你大盘蔬菜拼盘还有菌类拼盘，番茄锅最好吃，酸酸的特别入味，蘸料和饮料还限量，真的不错！
QHR188601449,5.0,口感还不错。
dk3572a,5.0,美团团购的，价廉物美，菜品很足，品种齐全，肉的品质也不错，两个人吃不了，剩下很多，下回还会再来的。
领子665,5.0,菜品不错，味道还是一如既往的好，就是豆浆现在没有了。疫情期间人没有以前那么多了。吃饭体验挺好。
M海马马马马,4.0,实在是好吃。太好了老来吃了，一周一次。点赞👍3号服务员💁
周小蘭蘭蘭蘭,5.0,不错不错 味道好极了
ZZQCY9999,5.0,特别棒 第五次来了 超级超级好
匿名用户,5.0,环境很好，以后有机会还会继续光临
匿名用户,5.0,环境很好，以后有机会还会继续光临
KKK吃吃,5.0,很棒，好吃，很满意~
小马酥酥,2.0,一般般不好吃。就是服务，环境，价格还行，味道很一般。
听雨的拖油瓶,5.0,以前经常来的，尤其适合大家庭聚会，非常满意。
_qq8h61393076937,5.0,挺好的哟，疫情之前去的，羊肉挺好吃的～
屈彦奇008,5.0,"首先这是一条很认真的评价。
先要感谢013号阿姨的热情服务和帮助，每次来都让我有种回家的感觉。特意从大兴区带老同学来吃福口居火锅。初雪和火锅很配哦。
福口居的羊肉新鲜不膻，来自内蒙古锡林郭勒盟西乌珠穆沁旗。作为一个来自内蒙古锡林郭勒的草原汉子，对羊肉的品质要求很高，这里让我很满意。北京离锡林郭勒500多公里，能在这里吃到家乡的味道，款待老友，畅谈许久。
尤其是秘制牛肉丸，绝对是值得推荐的一道，太好吃啦！
送了果盘和糖果，很贴心。
如果你也幸运的在北京，幸运的看到了福口居火锅，不妨进来品尝一下，我保证你还想再来。
再次感谢013号阿姨，爱你哦
附一张和老同学的合影"
匿名用户,5.0,菜品新鲜足量，服务周到热情，味道好极了，蘸酱确实独特。
wang740914,4.0,老友相聚，看着还不错就来了，果然来对了，专门还给宝宝赠送了鸡蛋羹，超赞，下次还会再来，老字号值得相信，最后还打包了，饮料多种选择，适合不同人群，衣服冬季就餐衣物专门有收纳的地方，还不会染上火锅的味道，服务贴心。
goldfine,5.0,味道还是那个味道，感觉还是那个感觉，不错的选择
craceyang,5.0,第一回来福口居吃饭，真心不错。进门后环境就很讲究，肉很嫩，蔬菜拼盘啥的量也足，炸灌肠外焦里嫩，很棒，小铜锅涮肉看着也很讲究，饮料还是随便和且味道很好，还赠送了盘乾隆白菜，很好吃，服务很好，很及时的收空盘和添水，完全不亚于海底捞。我们吃着这顿就开始计划下顿了，饭后还赠送小布丁冰棍。
匿名用户,5.0,口味好，环境不错，服务一流，团的券，量大都没吃完，实惠，还送了一个凉拌菜，不错，推荐大家前来品尝，定会满意。
狂啸的风,1.0,肉时间长，不新鲜，味道差劲，不好吃，服务员告诉我说，套餐就这样，肉品差，要想吃新鲜肉，就得单独再点贵的
MtH579688682,5.0,非常不错，物美价廉，服务到位
豹小会1994,3.0,整体感觉一般般把，但是价格不算贵，口味也还行。
北上JN,5.0,老北京铜火锅，服务周到，菜品较多，菜量充足。
匿名用户,5.0,"【环境】环境很古朴，有老北京风味。同时餐厅里面很干净，地面和桌子都有特色。主要是，离我们挺近的hhh。
【服务】服务非常贴心。给我们头绳，将包包盖起来，手机的塑料袋子也有配备。如果锅底水不够让加，会很快过来。不用提醒也会将我们放在架子上的用过的餐盘主动收走。
【口味】铜锅味道很好，牛羊肉都很好吃。我们几个人甚至都没有吃完，量还ok哒。上菜的时候还会给我们祝福。
小料除了选择可以加一些调料，种类很全。旁边有小零食可供选择。
饮料有多种，我们尝了两种，酸梅汤，赞。
快要吃完的时候，可能因为是夏天，送了西瓜。还给我们一人一个小布丁。呜呜呜谢谢。很好的体验。"
匿名用户,4.0,看到推荐才来的，味道还不错，服务周到，价格实惠，推荐来品尝 #极品羊肉# #精品肥牛# #秘制酸梅汤#
Annie啦,4.0,"这家店真的是无论周内周末都需要排队，所以如果要去还是尽量提前排队，我们大学等位一个小时十分钟，五点四十到福口居的吧。
        之前吃过，味道不错，有免费饮料和小吃，不过这次去免费小吃只有一样，种类变少了。菜量还是很大，我们团了四人餐，三女     一男，还剩了一些菜。
         有一个缺点，桌子太小，菜摆上去很慢，体验稍微差一点。
         不过还是推荐大家去品尝，也希望福口居的服务可以再继续改进，我们也会一如既往地支持~哈哈"
安子丑,5.0,挺好吃的呀 选的麻酱蘸料  还可以 但我又打了辣辣的蘸料 哈哈哈哈 好吃 份量超级无敌巨足 四个女生 把肉吃完了就很饱了 还有蔬菜盘 菌菇盘 好多的菜菜   服务的姐姐人也很好 还给我们送了水果 很热情的 还有几种自助的饮料小吃可以选择 走的时候还给我们送了雪糕 棒👍
tianzhiyuan72,2.0,很一般，没啥特色，蔬菜不是鲜嫩
vOn99027605,3.0,团的券，挺实惠的。环境很好，服务员也比较周到。小锅煮，火大了容易崩到。
HyJ469983507,1.0,点菜服务员态度太差！太差！！服务差服务差
VHb764200437,5.0,用的129那个套餐 说的是两个人实际上两个人完全吃不下 建议三个人吃
匿名用户,4.0,还可以
ElvanHsiao,4.0,服务超级好～吃的人超级多～等位用了一个小时我会乱说…………🤣🤣🤣
十年桃夭,3.0,性价比挺高的，俩人去点个套餐完全吃到撑。环境也ok，下次想试试手切羊肉~
compass066,4.0,服务好，干净卫生，我生日还送了生日礼物和长寿面以及果盘，服务细心
TGj951465821,5.0,"013
【服务】服务热情周到、贴心很满意！
【环境】
【口味】"
xza914528653,4.0,除了菜品份量少以外，其它方面都不错。
xza914528653,4.0,环境优雅，服务热情，份量还行
milede,5.0,013的姐姐服务态度很好 羊肉很好吃😋 超级超级棒
DbA153601213,5.0,服务态度非常好，饮品不限量。
lhl10,5.0,非常周到 非常满意13号服务员服务意识积极主动
匿名用户,1.0,服务超差，碗上面都是污渍不说，还要等位等到了别人还在排队就说打烊了，我都不明白你们服务员怎么培训的
dNB324419205,5.0,"013阿姨的服务特别好，宾至如归，特别贴心，体验特别好。
阿姨服务热情，考虑周到，还很贴心，送上了果盘，冰棍，糖果。
火锅的话点的套餐很实惠，三个老爷们没有吃完，羊肉也不错，没有腥味，"
MvR945947797,4.0,不知为什么这次培根质量不好，基本上就是淀粉做的。
ZGz456383568,4.0,味道不错，还不算贵
ltc640770846,5.0,服务态度特别好，013大姐特别热情，牛羊肉丸子双拼特别好吃，肉也特别好，有特别便宜，
爱生活的侨妹,5.0,太棒了！明天还去
changjiang1002,3.0,整体来说还不错，味道可以，菜品新鲜，希望后期卫生也在提高一下。
mmq695979367,5.0,BT-17服务员服务非常的好！
911YH185,5.0,很满意。服务员服务很到位，态度很好！！！
太阳花邮箱,5.0,北太平庄福口居服务周到，细致体贴，菜品可口，环境优雅舒服，还有免费的停车位，一楼的环境就很好啦，没想到二楼的环境更好，这里特别感谢工号为013的大姐服务特别贴心，还给孩子们拿来孩子们喜欢的贴画和玩具，给个大大的好评！
MYR913171940,5.0,味道很不错，值得推荐，有机会还会再去
KING771231,5.0,肉特别好吃🙈阿姨服务挺好的，蘑菇真的给了好多好多！013阿姨服务特别好
zfI995093389,5.0,美团也是够***的狠的！我原来有摩拜单车会员卡，也有大众点评餐饮点单。愣是被它坑蒙拐骗到美团APP注册会员，注册完了还说我的身份证已经注册过了，还是无法联通大众点评和摩拜单车！在美团点买了团购餐饮使用后仍然无法打通！更奇葩的是找遍整个APP竟然找不到反馈意见交互的入口！只有反馈意见以后才会在我的反馈里面体现！这就像王兴他爸没有生他，却要问王兴的儿子是男是女！！！
二乔哈,5.0,第一次来 服务真的蛮好的 口味也不错推荐
匿名用户,3.0,还可以、环境很好、服务还可以、味道整体只能说中规中矩，人均不高，今天团的2人餐，外点一份手打牛肉丸🍡，没吃完打包回来了
Xsi726683880,5.0,"非常好吃 服务态度也很好 上菜有点慢，人很多
羊肉有腥味，牛肉很好吃"
tyH340582897,5.0,111号服务员服务非常周到！！
捏捏可达鸭,5.0,013号阿姨很热情，服务很好，给我们乘果汁，小吃，还赠了我们一盘果盘，雪糕。环境也很舒适，高端，肉也很好吃，下次还会再来。
立正向前走i,5.0,虽然吃饭过程中出了点小插曲，但是店员处理的很好，店里服务员也很热情，强烈推荐
QUz537556136,5.0,口味好服务周到性价比高，强烈推荐
匿名用户,5.0,太棒啦！
sOj669894713,5.0,店里环境古香古色，013号服务员特别亲切贴心
GRZ144019342,5.0,"013
【服务】很好周到 
【环境】不错"
Kts942685031,4.0,"突然意识到手擀面没上！！！天啊！
服务挺好"
古式菜鸟,4.0,服务很周到，就是人太多了，等位置要等很久，要有思想准备，饭菜性价比很高。
qfH783419063,5.0,很不错
匿名用户,4.0,味道不错，服务很好！
匿名用户,3.0,"【口味】还行，麻将8元一份，其他的自己调
【环境】还可以，适合小聚一下
【服务】优
【等位】看时间和天气情况定"
匿名用户,5.0,03号服务员姐姐巨热情，菜品也很好，👍👍👍👍
CKY512871996,4.0,非常好👍
俭约生活,4.0,俩人点了4个肉，果然吃撑了。一如既往的好，每次过生日都来
匿名用户,2.0,套餐很不好呀，菌类太多了。我平时是很喜欢吃菌类的，但今天还是剩了很多。
NzL649192923,5.0,服务好羊肉火锅好吃 #秘制酸梅汤# #麻酱小料# #极品羊肉# #精品肥牛# #宽粉# #火锅# #蔬菜拼盘# #特价肥牛# #菌类拼盘#
逍遥游789,5.0,菜品味道不错，服务态度特别好，服务人员特别热情
匿名用户,5.0,来了很多次啦，013的阿姨服务态度特别好，特别亲切，让人有一种回家的感觉，店里羊肉的味道特别正宗，木耳特别好吃，菜品都不错，推荐大家来~ #秘制酸梅汤# #极品羊肉# #蔬菜拼盘#
匿名用户,5.0,很棒，工号013阿姨很热情，很周到。菜量很足，满意。
感悟人生gy,5.0,非常好吃，服务热情周到，环境舒适
芳丫丫丫,5.0,经常去他家  一如既往的好  菜品新鲜  服务贴心  环境优雅 #宽粉# #菜汁面# #大拌菜# #手打鱼滑# #麻团# #牛腱子#
nHB242522470,4.0,服务热情、周到，环境不错、上菜快、肉类品质有保障，还会专的。
匿名用户,5.0,013号大姐服务特别热情周到，菜品质优价廉，棒！
守候与维一,5.0,爸爸刚来北京，今天带爸爸出来吃点好吃，所以选择了这家店，之前跟朋友一起来过，所以今天带爸爸过来，刚坐下，服务员就过来给我们点餐，点完餐，菜一会儿就上了，上菜速度挺快的，特别是服务员工号066态度特别好，也特别周到，看到她不停的在忙，挺辛苦的，女孩也特别好，下次还会推荐朋友过来，
匿名用户,5.0,菜品好、价格实惠，服务👌，已经连续吃三次了，强烈推荐
uan797720236,5.0,太划算了，阿姨服务态度也特别好，送了我们一份凉菜，买单后又送了我们每个人一个冰激淋小布丁，下次还来哈哈
zh51037,4.0,肉质细嫩鲜美，服务热情周到，环境优雅。
gUw102619839,5.0,工号013的姐姐很热心、很体贴哦，店里停电了还帮我们拿雪糕吃，送了水果盘，大赞，下次来北京必须还来！！！ #极品羊肉# #精品肥牛# #麻酱小料#
不许流泪836,5.0,不错，很满意，口味也挺正的，里面还有小吃，饮料！服务周到，013号服务员服务挺好的，很及时帮忙加汤，询问的菜单也很仔细！经常来这家吃饭，门口有停车位！
VUK835348275,5.0,013大姐服务特别周到，强烈推荐
邹豆豆123,5.0,体验感💯。传统京味火锅。香辣味好好吃。006 号员工超贴心，交流中得知是暑期兼职的学生，新员工都培训地这么棒！饭后送了果盘和小布丁雪糕。超级满意！
Bvp403260434,4.0,对于四个大小伙子来说套餐里的菜有点多，要是能换成肉就好了
诸葛笨笨121,5.0,013超级好，太好吃，服务堪比海底捞，分量超级足，还剩了好多
iMQ195519301,5.0,013大姐服务态度好、热情服务周到、送水果、菜品有特色、照顾小朋友贴身
匿名用户,5.0,强烈推荐，环境很好，味道很好，服务很好，饮料免费
可爱的欣520,5.0,特别好！！！！阿姨人太好了！！！！！！阿姨人超级好！！！特别的热情！！！并且特别的大方！！！！！大爱阿姨~~~~~因为是整个宿舍去聚餐，都是女生，所以阿姨好心的让我们不要点那么多的东西~~~阿姨人太好了~~~~~ #鲜虾滑# #冻豆腐# #牛肉丸# #香辣锅#
Wtv434774333,5.0,服务非常好  就是免费的饮料兑水有点太多了  已经没味道了     菜品不错   味道很好
kLM705293143,4.0,团的二人餐128，分量足，肉很好吃，菜和面都没吃完，饮料和小吃免费，服务很好。
匿名用户,5.0,服务很好，菜品都不错，环境很好， #鲜虾滑# #鲜牛羊组合# #太阳肉#
冯可可图图,5.0,吃过好几次啦 每次都吃撑 性价比还是很高的
匿名用户,5.0,菜品非常好吃，价格也比较优惠，点了四人套餐赠送很多小菜，服务十分贴心，自助免费赠送饮料，还送了西瓜，雪糕等等。
ww66692,5.0,013服务热情周到，超出想像，照顾小朋友很贴心，包给盖好，赠送水果冰棍。
Annie啦,5.0,013服务员服务特别热情
匿名用户,5.0,013工号阿姨好评～非常热情
匿名用户,3.0,味道还不错，肉品在搞活动有特价的，挺好的！
匿名用户,3.0,味道不错，环境也还可以，就是有点偏
名vs扬,5.0,服务很好，大姐很热情，干净整洁，推荐推荐，嘿嘿， #精品肥牛# #极品羊肉# #火锅#
凌凌19931019,4.0,挺值的，免费饮料也很好喝，还送了个凉拌菜，推荐
IMj268219508,4.0,服务态度很好，菜品也很新鲜。主要是喜欢他家的锅，一上一下……
Qvt753704194,4.0,服务态度超级好，味道也还行，阿姨姐姐人也太好了，给我们送了乾隆白菜，最后吃完还给送了冰棍
小王子555666,5.0,超级好吃，每次聚餐都去这儿，服务员很热情
zexin971006,4.0,性价比高，口味也不错，推荐！ #极品羊肉# #菌类拼盘#
xjm12345,4.0,服务还是很棒的，味道不错，还送了小礼品，果盘，真心不错
匿名用户,5.0,服务非常好，味道也不错，强烈推荐
EAx437537862,4.0,味道不错，性价比高，总体评价很满意。酸梅汤虽然不是熬制的，但味道过得去。 #秘制酸梅汤# #极品羊肉#
tbyx11,5.0,四个人吃足够，很划算
vRw370756949,5.0,服务态度很好，送了果盘和冰棍，肉也挺好的，两个人团购吃的很饱 #极品羊肉# #麻酱小料#
幽灵_船长,5.0,013阿姨服务非常周到贴心，菜品新鲜，味道很棒！吃的非常开心，5星推荐！！！ #极品羊肉# #精品肥牛# #鲜虾滑# #秘制羊肉丸#
Lmw577052803,5.0,带家人来吃老北京涮羊肉，不错不错，爸爸很喜欢发在微信上 广东人的爸爸也爱上了麻酱哈哈哈哈哈 ，妈妈很喜欢那个沙拉，一点也不生 ，  面也很好吃，， 13号阿姨很热情，服务很好
zh51037,4.0,菜品好，肉质细嫩，环境舒适，服务周到热情。
匿名用户,5.0,菜的味道很好 服务也非常热情 五分好评！
匿名用户,5.0,第一次来这里吃火锅，环境很好，性价比很高，四人餐的肉量很足。0031号的阿姨服务很好，来了以后给我们头绳来绑头发，还有发围裙，手机袋等等，这些细节都让人觉得服务超级棒，最后还送了我们果盘。喜欢这家店，以后还会再来吃的！
nHQ140055744,3.0,菜点的有点多了，味道不错，环境好
蜡笔刘德华,4.0,菜品分量足，味道可以，服务周到，环境干净整洁。
上火红茶,4.0,031大姐服务特别热情，来了好多次都是这个大姐服务的，喜欢你哦
尤wo饿了,5.0,很不错，价格实惠，而且服务很周到，环境也好，推荐推荐。
天涯易一心难,5.0,肉很新鲜，小锅卫生，味道自由选择，菜品多样，物美价廉，有免费饮料。
heyong2003,4.0,火锅四人餐去了五个人，环境好菜量大。服务态度也很好，我们自己带的酒水。挺好的聚会吃饭场所，有机会一定还会去。
YFW376579763,3.0,有小锅有大锅 手切羊肉还可以 喜欢分开吃的可以试试
匿名用户,4.0,"口味一直很赞👍菜品量足
工号013的服务大姐热情周到 事无巨细 超级棒👍👍  
他家一直是我及同事吃火锅的首选之地
平均消费水平很大众化  几乎任何人都能接受的范围内  地理位置很好 周边交通情况也很便利
这年头这样的良心商家不多了。 #手切鲜羊肉# #精品羊肉# #鲜虾滑# #菌类拼盘# #羊筋肉# #鸭血# #羊建肉# #双椒锅底#"
萌主芳儿,4.0,"【口味】汤锅比较正常，没什么怪味。菜品比较新鲜。
【环境】挺好的，宽敞明亮。生意很好，很热闹。
【服务】服务很热情，看到这个阿姨没有？人漂亮，服务也很好。如果我会再去，阿姨的起到很大的作用。老板给加鸡腿。
【等位】生意好，不提前预约需要等位，但是时间也不久，安排的很及时。上菜也很快，等位还给送菜。"
匿名用户,3.0,"【口味】好
【环境】好
【服务】好
【等位】好"
wEi784057673,5.0,忘了拍照片了，量给的很足，两个人都吃不完，最后还给打包了。赞赞赞！
Pzs509299787,5.0, #秘制酸梅汤# #极品羊肉# #特价羊肉# #精品肥牛# #麻酱小料# #鲜虾滑# #芝麻烧饼# #蒿子秆# #手切鲜羊肉# #火锅# #精品羊肉# #蔬菜拼盘# #菌类拼盘# #鲜鱼滑# #麻酱调料# #龙利鱼# #鲜毛肚# #鱼虾滑双拼# #番茄锅# #蓝莓山药# #羊肉串# #蓝莓汁# #猪肉韭菜水饺# #果仁菠菜# #糖醋心里美#
匿名用户,4.0,服务热情，环境干净卫生，但要早去，避免等位。
nNI213149911,5.0,服务、菜品都很好，那些差评怕是瞎了眼了吧
脸脸脸脸脸脸妹啊,5.0,正在吃就开始评价了哈哈哈哈哈~菜品超级好吃！！服务态度超级棒！！给皮头绳  衣服套 美团团的券超级划算呀~下次来北京还来这家！！太赞啦~
Lzh123151,4.0,味道不错，量比较大，蔬菜新鲜，服务到位
菜23,5.0,菜很精致，尤其是手切羊肉，是立着的很漂亮，服务员特别热情
v_boom.,4.0,服务员很好，我很满意😊️😊️😊️ #极品羊肉#
vCz164253191,1.0,吃完第二天早上和朋友一起拉肚子
泡菜小火锅_,1.0,昨天晚上和男票一起吃的，点了两个羊肉，一个牛肉，一个牛肚，一个蔬菜拼盘，鸳鸯大锅，吃完之后今天早上我们俩都拉肚子了，以后不会再去了
NNn426068897,4.0,菜品丰富新鲜，团餐搭配的不错。就餐环境好
Jbd94689468,4.0,服务非常热情，火锅味道很不错，就是最后的面里有根头发。😊忙中出错可以原谅。
MbE838644735,4.0,"【口味】
【环境】
【服务】
【等位】"
mAc653601127,5.0,工号013服务员阿姨服务热情周到!五星好评！吃得很满意，希望贵店的生意越来越红火!
dND366046837,5.0,首先服务员很热情，进去之后就给找了围裙还把脱下来的外套给遮起来，虽然没有什么实际作用还是一身的火锅味。然后上菜速度也是可以的，还有就是菜量也挺足的，和男票两个人吃的很饱。但是酸梅汤不好喝兑的水太多了。还送了麻将拌白菜挺好吃的。总之推荐挺好吃的。
阳光下陈帅,5.0,好吃
yahoo8801,4.0,还不错
Mcw110751885,5.0,环境优美交通便利菜品好上菜快工号013的大姐服务特别的周到还送了果盘谢谢🙏
afA451318642,5.0,薛阿姨服务态度特别好！隔壁！热情！给人一种如沐春风之感，一家店的口碑就是靠着薛阿姨这样的优秀员工积攒起来。千言万语汇成一句话，下次再来！
张玩儿,2.0,作为南方人，并不觉得好吃。zzzzzzzz
匿名用户,5.0,很不错，谢谢
YSY755538339,5.0,菜品味道相当可以了，福口居的服务堪比海底捞了，以后可以略过海底捞了，03号阿姨的服务好的不要不要的，特别热情，能想到的都想到了！
DongL696,5.0,0031胡姐姐服务态度很好
oZd550303562,5.0,双人套餐超值 #秘制酸梅汤# #极品羊肉# #芝麻烧饼# #宽粉# #鲜虾滑# #金针菇# #蒿子秆# #手切鲜羊肉# #牛骨髓# #梅林午餐肉# #黑白叶# #菌汤锅# #火烧# #鸭血# #多种饮料畅享# #美味蕨根粉# #牛脊髓# #芥末木耳# #豆苗# #捞汁小皮蛋#
匿名用户,2.0,一般，感觉没有以前好吃了，服务态度也没有以前好了
秒睡的猫咪,4.0,普普通通 羊肉就一般  反正是再也不会去的一家店
匿名用户,5.0,013姐姐特别好  服务态度热情 环境不错 下次一定还去
qZT861348948,4.0,"菜很多，分量巨足，
【服务】挺好挺好"
矛盾的畅想,5.0,很好的一家店，二层环境很舒服，菜也很好吃
矛盾的畅想,5.0,菜品很好，肉类不错，吃完感觉很舒服。
匿名用户,4.0,环境不错，服务周到，味道还可以！最后送了西瓜果盘
KXa426747699,5.0,不错的团购，性价比高，适合四到五人朋友聚餐
嫕陌,5.0,非常棒！阿姨服务很周到，菜也很好吃！特别棒
frD774866770,4.0,服务不错，味道一般
Neptunequakes,5.0,自大兴区而来，虽然相隔20多公里依然阻挡不住我们追逐美食的步伐，已经很久没来过了，这次来吃福口居，菜品依然新鲜，味道依然优秀。店里还更新了好多菜品，薛姐是我们的老朋友了，每次的服务都面面具到，热情似火，餐前送了美味的开胃菜，餐后还送了精美的果盘和儿时最爱吃的小布丁。在这里有一种家的感觉，薛姐对我们就像家人一样好，在这里吃饭有一种幸福感。我朋友是地道的内蒙人，他说在北京吃牛羊肉他只来福口居，足见这里的牛羊肉又多良心了。店里干净卫生，服务热情周到，餐品新鲜美味，真是不可多得的美食宝地，真心很推荐这里，朋友们快来品尝品尝吧！ #秘制酸梅汤# #麻将调料# #蔬菜拼盘# #麻酱小料# #秘制羊肉丸#
十年桃夭,4.0,口味非常好，服务也非常好，如果没有服务员一直来催给好评就更好了，当然我这回的好评是真的，其实不催我也是想给好评的。价位公道，口味很好，服务不错，套餐搭配也很合理，是可以回购的安利
ceK520273949,4.0,因地址在单位附近，时常去那里吃。
NIU664769418,5.0,口味很棒，服务员阿姨也很友善，很愉快的用餐体验。
neM266476148,5.0,买的双人套餐，量足，味道好！特别是服务员，服务特别贴心，热情，而且周到。还送了一盘油豆皮，很仁义的商家！和昨天学院南路的羊蝎子吃完的感觉截然相反！
pGn358409520,5.0,服务态度特别好，菜量很大！这些菜两人吃都没吃完！！改天再来！！
lqD515645684,5.0,服务好，热情周到，菜品好，品种齐全，营养丰富，老顾客了，经常来
愁里欲飞还住,5.0,羊肉锅可以说是十分好吃了
vTd250140406,2.0,服务很周到，就是锅底和调料真的很难吃，就是一人一个电磁炉一个小锅，锅底和调料比呷哺还不如，完全不是大火锅该有的样子，吃过的味道最差的火锅。虽然服务很好但是不会再去第二次了。
匿名用户,4.0,013服务很好，赞一个
PkP108725750,4.0,很好吃的涮肉馆，吃着放心
小yo童鞋,5.0,经常开 服务员阿姨超级热情  只是热的饮料不是特别多
美好人生zaizai,3.0,第一次去，还得等位置，服务很好
api998998574,5.0,服务特别好，堪比海底捞。东西也很好吃，不贵
RQg941599463,5.0,强推强推，服务很棒，环境很有特点
匿名用户,3.0,菜量够吃，人挺多的，价格也实惠，就是旁边人太吵闹，上菜偏慢
叶海蓝烟,4.0,服务好，阿姨热情，东西很好，口感不错，性价比高，东西实惠。推荐羊肉和毛肚，位置好找，一家人合适，老牌老店，值得推荐，还有小吃，还送的西瓜，牛羊肉挺鲜，没有因为美团而区别对待，烤串也挺不错的，适合朋友小聚 #羊肉# #羊羔肉# #肥牛# #虾滑# #鱼滑# #长寿面# #鲜切羊肉# #绿色鲜毛肚# #牛肚#
丁满LEE,3.0,人超多 去之前一定要先预约一下 服务态度不错
zztwf,4.0,很好，服务周到，热情，吃的很舒服。
nGb769136781,5.0,小兰服务很好👍拿围裙，手机套，很热情，环境也很老北京，墙上都挂着老北京的物件，菜品也很好，推荐虾滑，高钙肉，豆浆，酸梅汤很好喝，饭后还有小布丁，下次还会光临！
匿名用户,4.0,挺好的！继续努力加油！
zztwf,4.0,很好，离家也近，常客。
Pzs509299787,5.0,非常满意，已经是很多次来这里啦！服务特别热情周到，环境很好！推荐给大家分享
LTR491962117,5.0,店员服务特别好，菜的分量也很足，3:个人吃还剩了不少，很满意！
上火红茶,5.0,偶然发现的，团购的双人餐，羊肉很嫩很好吃。两个人没吃完，店里还送了一盘凉拌白菜，最后又送了小布丁雪糕。真的是性价比超高的一家涮肉店。
用户,星级,评论
mVh734185552,5.0,好朋友过生日肯定是需要一个蛋糕的。我离朋友家太远，所以在网上找一个离朋友家比较近的蛋糕店。图片我想做自己设计的。有一些要求，所以我找了一家可以专门做特型蛋糕自己设计的蛋糕。我提前一天预定了下来。当天我到朋友家的时候，时间非常准时，收到了蛋糕，嗯，蛋糕还是比较满意的，水果非常丰盛也比较新鲜。蛋糕夹心也都是新鲜的水果，吃得非常合口，朋友非常喜欢。很满意的一次团购，我和朋友难得一聚，非常开心。满意。
雪宝儿。927,5.0,蛋糕很大有10寸，商家送货也快，重点是蛋糕真的很好吃，甜而不腻，这个价位的蛋糕，没报多大希望，但是真的是太好吃了，喜欢！！以后没事也可以买来吃！
Izb231293170,5.0,想吃蛋糕，又不想出去买，送给朋友的天气不好，刮大风。在网上看到了这家店，团购的比较优惠。于是买了一个。中午就送到了。奶油味道还不错，双层水果的夹心儿。挺大个儿的蛋糕。。七八个人用，刚好够用。价格比较实惠啊。90块不到买到这么大的蛋糕。感谢老板，服务到位，给个赞
YfW266960787,5.0,蛋糕味道挺好的，奶油不是很甜，里面还有两层的水果，店主服务态度很好，快递准时😍😍送达，还会来滴。
wdo578657357,5.0,好评！好评！
Brl127755137,5.0,回头客
PRE897650063,5.0,好吃还好看
匿名用户,5.0,好吃
Z德阳123,1.0,一般，就是便宜，如果追求不高也行
ykI215268165,5.0,味道很好，物美价廉，超级实惠，值得购买，孩子们很喜欢
ykI215268165,5.0,物美价廉，快递服务态度很好，卖相不错，值得购买
ykI215268165,5.0,已经多次购买了，超级实惠，物美廉价，继续光顾
rCQ768570840,5.0,蛋糕做的很不错，自己选了这样的店家帮我做的，挺好的，包装也很精致。
LtZ403804393,5.0,送给老爸的，看了半天选择了这家，水果很新鲜，味道也还不错，按时送达，没有把蛋糕弄撒。感谢外卖小哥，还会光顾的。
白云与朵朵,5.0,"看了很多家蛋糕店，选了他家，早晨九点，咨询过了因为公司临时决定聚餐用的,做了一个四层的，加了微信，可以补交差价，按自己要求做的，很不错。时间上比较仓促但是店主还是按时送到了谢谢店家。"
匿名用户,5.0,"又是一年秋夏，金秋九月，第二次购买了，蓝莓果宴！
1.配送快，服务好，完好。
2.10寸87元，物美价廉4人足够，照片显大。
3.包装精美，酒红玫瑰🌹🌹🌹盒子，很喜欢。
4.🎂🎂不错，这次的水果比上次新鲜，希望一直鲜。
5.好吃，小三层，面包奶油里面还有水果果冻。
6.辅助工具齐全，小叉子，盘子很多，生日快乐^O^，小蜡烛10只长命百岁😁。 #蓝莓果宴# #蓝莓果宴#"
gvA439824707,1.0,我想知道这水果这么稀缺吗，太可怜了
AFT843473108,3.0,蛋糕🍰量是足的，其他的也还可以。
匿名用户,2.0,服务好送货快，口感一般，蛋糕不太细滑
静静是谁我是星星,3.0,哈哈哈，都忘记啦，都忘记什么样子啦！
ErA846033737,4.0,价格实惠，味道不错
爱我请举手1992,3.0,还不错，比想像的好吃一些，家人很喜欢还会回购的！
aVF767338213,4.0,赞
淡抹烟熏妆204,5.0,很不错，漂亮
fBQ815256536,4.0,口味好，服务好，送货上门。物美价廉
manman阳光,3.0,"还不错😄
【口味】
【环境】
【服务】
【等位】价格很亲民，很实惠哦，而且老板服务态度超级好的ヾ ^_^♪，"
CzP730262601,3.0,在美团上看了好久才定的这家  说是10寸的但到家一看最多8寸  蛋糕好薄  算了看在送到家的份上 就算好评吧
cWo543831652,4.0,蛋糕挺好的
FSy658364207,2.0,一般吧！毕竟价格便宜，还要求啥呢！
映日荷131,5.0,定的（春天里），这家店服务态度好，送货快，味道也不错。结婚纪念日定的他们家蛋糕。就是蛋糕太薄了，有点小失望。
DUH754130911,4.0,买给老姐的，我在烟台想给她个惊喜，挑来挑去选了你家。没让我失望。虽然我把楼号写错了，最后还是准时地送去了。这么热的天辛苦了。最后祝老板生意兴隆。
金琪姐姐,3.0,"挺好的    满意    就是想吃蛋糕了  
不是过生日    味道挺好的   和同事们一起分了"
匿名用户,5.0,价格优惠，蛋糕又好，比那些百元的一点都不差。推荐。
zvM314492807,5.0,不错不错，姐姐很喜欢。
JBf109847565,5.0,味道好，服务态度热情，小朋友们都说好吃，好吃！
江山如画7793,5.0,蛋糕非常好吃，收到很满意，谢谢老板，服务态度很好，支持你家，快递员服务态度也非常好😋 😋 😋 
王董事长～露,4.0,10寸的刚89元，口味很不错，还会回购哦
KhY127184759,5.0,商家超级赞，配送的很及时，女朋友生日蛋糕，很好吃
zhaomanlei,3.0,味道还不错下次还会选则这家店，送来也很及时
OCv236445101,5.0,店家服务态度很好，很满意，谢谢老板
匿名用户,5.0,包装精美，品相一流，口味超赞！
冰海盛世,5.0,超级好吃水果蛋糕🎂 ，看着都会流口水的，送货及时。
boyzhaolong,5.0,好吃，速度快
六月的雪6583,5.0,非常好吃，卖家态度也非常好，我会经常来买，物有所值
匿名用户,2.0,水果味道不好，好像放了一段时间了，忘记打上字了，价格貌似有点儿贵
繁华落幕。249,5.0,蛋糕很新鲜，很好吃，第一次在老板家买四个人一动吃不完，这是第二次在老板家买了真方便，要几点送就几点送，蛋糕非常香谢谢老板，谢谢送蛋糕的小弟弟
ARuison,1.0,奶油跟不要钱似的，说了3边少奶油少奶油，结果面包中间还涂了两层奶油，没法吃了，其他都还好
李阿彬99999,2.0,蛋糕还是很不错的，但是我说替我写几个字，意义很重大，送来的时候竟然给我插了一个生日快乐的小牌牌，好气哦
匿名用户,2.0,服务很好，沟通愉快!。配送准时。蛋糕不好:配送的刀叉无法使用，塑料刀有刮痕，刀太软无法切蛋糕；买的是水果蛋糕，没有新鲜水果，全部罐头。好了，就这样，很不满意。
siK831347109,5.0,蛋糕回来了，真的特别棒，特别好吃，以后就这家店了，喜欢的朋友们不要犹豫了，本人不在拖，实实在在喜欢
aha580486220,5.0,水果鲜亮好吃，口味超赞，包装干净精致，送达即时，购物体验超赞！
康11康,5.0,蛋糕很不错，特别好吃，已经推荐给身边的朋友，值得大家购买
AVE635247470,5.0,店家的蛋糕很不错，老少皆宜，孩子非常喜欢，谢谢老板😊😀 😀 
YxO606533558,5.0,口味不错，服务好，值得您品尝
byT601240937,5.0,服务周到，味道很好，很开心的一次消费！！！
BZc803725651,4.0,口味不错，价格也便宜，吃起来不腻。下次还买
RqB167756255,5.0,蛋糕很好。价格不贵，就是奶油有点少了。可能时我定的这奶油就比较少的吧很好吃满意
zgQ594398631,4.0,奶油很鲜，蛋糕很好吃，价格很划算
tKl246564986,5.0,味道很不错哦蛋糕实惠物美价廉
Queen__Yang,2.0,第二次购买了，感觉没有第一次蛋糕好吃，奶油特别腻，蛋糕胚子也不软。不会再买了
匿名用户,1.0,里面的面包。是不是不新鲜 尝了一口。 好像是放了好久的面包
曹曹继继君,4.0,第二次买，味道不错，八寸的两个人吃了三天
匿名用户,5.0,蛋糕好吃
栀夏°313,5.0,服务周到，味道很好，超级喜欢，而且特别好看
匿名用户,1.0,相当不满意，外面一层巧克力的东西味道刺鼻，一股塑料味，跟朋友吃饭，本来想着定个小蛋糕随便吃，没想到这么差，真尴尬！
OLZ517778016,3.0,蛋糕好像没有10寸 口味还可以 就是有点小了
匿名用户,4.0,挺好的
TIa283280436,5.0,很不错，已经买了很多次了
TIa283280436,5.0,很不错，买过多次了
haiyana1314,5.0,很好很棒
匿名用户,3.0,东西还不错。好吃，性价比👌。送的很快，一个小时左右就到了。
li冷温柔,4.0,口味不错 价格合理
gmr596648839,5.0,买了好多次了，一如既往的好吃，卖家服务态度也很好，支持你家
阿困阿乏,3.0,还不错，很大份，性价比很高，会回购
tKl246564986,5.0,商家服务态度很好，送货也特别快，味道还不错
栀夏°313,5.0,挺好的
匿名用户,5.0,强烈推荐的一家店，网上订购后可以送货上门，免去自提的麻烦。他家蛋糕的品种多样，价位也非常实惠，值得订购！ #心花怒放# #黑森林# #甜粉佳人# #孔雀开屏# #幸福美满# #水果情缘#
Gpa769171433,3.0,唯美价廉，赞赞赞，/xxxxxxx
Knn897779014,5.0,甜而不腻，性价比很高。还会光顾哦！
UlV538022383,5.0,看啦那么多评价，我以为蛋糕不好那！但下单后店里很热情！还发我信息，蛋糕送到家！真是很感谢店家！值得够买！很不错！服务到位
匿名用户,2.0,蛋糕做的很好看，但是有点薄，而且奶油没有想象的那么好吃，有点心里落差啊！
RXp877960665,1.0,味道一点都不新鲜，都浪费了！😭
ETm320812148,2.0,先看评价然后买的，最后才理解中肯的评价，钱已经花了。生日蛋糕口味很一般。
可提前点送达哦,5.0,非常好，满意。
丿Km,4.0,女朋友说特别好吃，她满意我就满意了，谢谢！
lYS782736532,5.0,"1.做的特别好看  10寸 够大了 不错
2.特别好吃  不腻   
3.配送很快  很及时   谢谢卖家
4.推荐给大家，值得够买。"
匿名用户,3.0,【口味】整体还不错 四个人吃有点多
微风拂过桂花香,3.0,只要价格上去了，吃啥都不错，这家店一般吧
匿名用户,5.0,味道不错，挺好吃的。送货也很快。
Nnw381637177,5.0,非常好
白小乄,5.0,很好吃
罒咗手_,4.0,不错，很晚才定，很快急送过来了
吶一抹卑微的承諾,2.0,是得看图说话真是小的不要不要的。钱可能花在皇冠上了。
匿名用户,5.0,快递超快
Dillon_Wang,3.0,一般般……，送货上门还可以……
闻德丽,4.0,奶油酸酸甜甜，爸爸很喜欢，水果也很多，和图片一模一样，值得拥有
jOe246037270,2.0,真心不咋样 尤其服务态度。总体来说很不好
PMw721868755,4.0,我觉得蛋糕不错，便宜好吃
xbG730253655,4.0,很好的，价格也实惠
傲鹰飞翔,5.0,服务非常好，送到家里辛苦啦！味道也很好！
匿名用户,3.0,补补可口可乐了看看，不考虑考虑
半瓶儿晃悠,2.0,不知道是不是因为蛋糕做的太早了，我们当天晚上吃的，实话说，店里老板和员工态度都不错，但是这款蛋糕真的不好吃。
aaK612673362,2.0,还行吧，就是奶油有点腻，太多奶油了，招财猫本来就是买来看的，没打算着要吃
匿名用户,3.0,经济实惠又好吃，店家态度很好。 #浓情蜜意#
gqD109318031,5.0,蛋糕味道还可以
aPS165101411,2.0,价格一般质量一般水果有点质量不好
麻花灰太妈,4.0,预约的蛋糕，送货上门，很准时，蛋糕漂亮。
匿名用户,5.0,不错的东西  送人很给力
pw627023739,5.0,非常好迟，口感很棒还实惠
匿名用户,3.0,挺好的，速度很快。很好吃的，挺实惠
匿名用户,4.0,他家的蛋糕做的很好还给配送点赞
PaW859795520,5.0,很实体 也精致 快递给力
匿名用户,4.0,口感不错，价廉物美，我会再买。
雪候鸟守候,4.0,北京来说价格很实惠了味道也不错  高效准时 好评
OaK612662617,3.0,已经很多次来购买了，还可以，感觉不错
tBF974160770,4.0,味道不错
讨好自己09,4.0,蛋糕挺新鲜的，蛋糕味道还不错，奶油甜而不腻，早上八点多订的十二点多就送到的，唯一的遗憾是，上面可以写字而忘记写了。
MCX713117551,4.0,母亲过生日，很喜欢。小孩儿喜欢吃奶油，四口之家，十寸的也挺大的，两顿吃完的，也不算太甜，再过生日还会购买的。 #蛋糕水果#
hgn740956000,2.0,买来就德性了，懒得说了，影响心情。
Mr.Li威,3.0,在这里定了两次蛋糕了，挺不错，性价比高。
匿名用户,4.0,口味很好！
匿名用户,2.0,真是没得说的一般，打开美团排第一位的推荐，还不如之前再淘宝上买的，真是非常失望，奶油口感不好，里面夹的水果好像水果罐头那种也吃起来干干的
qPJ578968673,4.0,好
qPJ578968673,4.0,好
GtE519148971,4.0,蛋糕非常好，加油
匿名用户,5.0,蛋糕很好吃，过生日必买他家的。
深爱116,3.0,味道还不错。在他家买了好几次了。
wang_qian_85,5.0,蛋糕很好吃实惠。比约定时间早了一小时就送到了。可惜第一次蛋糕被快递师傅磕到了一小角儿。立即联系商家要求换一个。因为宝贝儿过人生第一个生日，不想要破损的蛋糕。卖家二话没说表示歉意答应重做一个，还好速度挺快，2个小时后送到了。这次一点完好无损，蛋糕很美味，孩子们很喜欢。谢谢老板，祝生意兴隆。下次还来你们家。
sxm宝,3.0,还是可以的  就是感觉水果好酸   但是中间蛋糕芯 好吃😋
叶戈洛夫娜,3.0,送朋友的，送的挺及时的，朋友说味道不错，啦啦啦(✪▽✪)
匿名用户,5.0,很不错，非常满意。
锐雯雯雯雯雯。。,3.0,挺好的。没想象种中那么好。。。。。。。
Rbz124114751,4.0,我觉得挺好的味道也很好吃。管送货
Wxy8347,4.0,很喜欢，味道不错，朋友们都说好
匿名用户,1.0,说真的 去年买的十寸 感觉比这十二寸的都大！ 一打开傻眼、好小  外圆是12寸的、但是高度实在是太小、感觉好小气、送人的  丢人！ 卖家直接在高度上减量  差评
ZdO104186135,3.0,都要记评价了   蛋糕不错   这大夏天的晚上 忘记放冰箱了  转天有些尴尬了  哈哈哈
WOZ855295660,3.0,【口味】还不错吧！性价比高！！！！！
匿名用户,2.0,味道一般，没有之前好吃，应该不会再买这家蛋糕了。
WRs611339265,5.0,非常美味，买了好多次，服务态度很好
ElenaL0921,3.0,挺好的。水果不是很新鲜，应该是罐头的，但是还不错。分量很足
匿名用户,2.0,太难吃了，吃完拉肚子了，奶油有点酸
cpc3561567458105,4.0,孩子非常喜欢，看着很精致，有需要在来
匿名用户,5.0,蛋糕好吃
pfA758178577,4.0,蛋糕味道还不错，水果是罐头的，不过按价格来说也很实惠了，配送很及时，那么远送过去一点也没坏，很满意
啊额奥,2.0,还凑乎，，，，，，，，，哟我在哪里啊我就
绽放的雪绒花,5.0,很好
gyP774156769,2.0,蛋糕是超薄的，很薄。虽然价格不高，味道还凑合，就是太小了。
trp454919653,5.0,特别特别好吃，图片找不到了，反正很实惠
gmr596648839,5.0,一直都喜欢她家的，便宜又好吃，买了好多次了 #蛋糕水果#
匿名用户,1.0,快递拿来时候蛋糕有一个角碎了，这是小事，主要是蛋糕的水果是酸的，夏天水果都放坏了，弄的蛋糕也是酸的。不是很好吃。
qss772376624,5.0,真心的感谢店主的蛋糕🍰本来还以为早上太早上地铁不容易买到蛋糕呢！结果很热心的给送到了地铁口！而且味道也不错！祝老板生意兴隆！很感谢！
何馨儿888,4.0,很不错，口味也是大人小孩都喜欢的，包装精致
mqP497931837,5.0,蛋糕很赞，价格实惠
RkD803888394,5.0,第一次在网上买蛋糕，很惊喜，蛋糕不错，够大，玫瑰花很漂亮，口味也可以，送的也很及时，母亲节准时送到，送给妈妈的母亲节礼物，拍照时已经迫不及待切了两小块吃了，很赞，下次还买 #蛋糕水果#
备注七七.,5.0,朋友很喜欢
IFs549583525,4.0,外卖员态度很好
zeng642116,4.0,蛋糕很好
匿名用户,5.0,蛋糕挺好吃的，速度特别快，很满意。
青禾H,5.0,超实惠~~味道也不错
长木的石头,3.0,还好吧，味道一般，这个价格可以了
匿名用户,5.0,很棒的店家，价格实惠，自己不小心说错了地址，害得配送小哥来回跑，但小哥还是很耐心。
zhenglaitian,5.0,真的很棒，给远在北京的妹妹定的生日蛋糕。商家人很好，准时送到。妹妹说蛋糕很不错，好吃。必须好评！推荐！
QPi844770750,5.0,不错 奶油很新鲜 很漂亮 好吃😋
匿名用户,4.0,真的很棒哦，物美价廉！
王者明朗,5.0,挺好，师傅很懂我哈哈哈哈哈哈哈哈哈
匿名用户,1.0,蛋糕和图上差别挺大的，说让写一下生日快乐，给放了一张纸片。
jPn535177667,4.0,【口味】好吃
1苏馨,5.0,蛋糕很好，
yehao227799,5.0,很好
ZJy445962488,5.0,蛋糕是提前一天在美团上订，然后电话沟通，真的性价比很高。特地要求做只小猪，店家欣然同意，很可爱的蛋糕。非常满意，以后生日蛋糕就这家了，送货也是很准时的。
sZK171509350,3.0,物美价廉，味道还可以，主要是价钱便宜
Emanda34,4.0,经常定他家的蛋糕，物美价廉
Z德阳123,2.0,味道一般，甜味比较奇怪，，，不卫生
侬人，愚人,4.0,还不错，送给哥们的，因为想要小孩了，送了一个小姑娘的！
匿名用户,2.0,只能说上凑合上边的苹果都有点干皮了有点味道还有就是蛋糕真挺薄的
req615607217,2.0,只能说和图片差的也太多了吧，口感也不好
我是王云鹏啊,1.0,太一般了。没感觉哪里好。太贵了。下次肯定不来了
匿名用户,5.0,下单到送货上门很快。味道也不错！
ejA727446066,5.0,美团买的，今天上美团发现去年的蛋糕既然没有评价，蛋糕很满意。
匿名用户,4.0,味道不错，喜欢
沛penny,5.0,蛋糕很好吃，真的太优惠了，老板按照我的意思给放的logo也很合适，这价格简直了，送货小哥也很nice，下雨天把蛋糕完好无损的送过来，下回再定个大的
匿名用户,4.0,不错，送弟弟的，很好，还会继续光顾哒
常先生4,4.0,好吃
aIL329329020,4.0,蛋糕不错，第二次在他家购买了。价格真的很实惠了。建议店家把蛋糕图片和名称匹配下，我找的时候就没对上哪个是哪个，最后发图片问的。其他的很满意。
雲小主,3.0,蛋糕相对而言做的比较简单，但比较简洁大气，奶油很新鲜，但蛋糕偏干一些，配送服务挺好的，很及时的送到了。
独宝88,5.0,一如既往的好评，已经不知道第几次在她家购买了，奶油甜而不腻，样子也非常漂亮，姑娘非常喜欢，会再次购买的
木槿与暮785,5.0,外观跟口味都很棒呀！配送到学校～ ，有机会还来！
可爱的敏儿710,2.0,蛋糕只能说还行吧，送蛋糕的人服务态度很差，说好的送到楼下的，结果让我去地铁站接他，去地铁上找他拿，真心无语，蛋糕吃的也不好吃，奶油很腻，总之这次购买很不开心，建议各位买家要慎重，无语，哎。。。。。。。
gIC187054961,4.0,蛋糕还不错
Jiaxueyuki,5.0,蛋糕真的很好吃，送的人也很负责任，还会再次光顾的
用户,星级,评论
pGL828030242,5.0,开河鱼了，密云水库鱼王美食街，作为密云人也得来凑热闹。这家店老板为方便大家还开了电视给大家看阅兵，老爸跟老板聊天，老爷子跟我爸回忆起来小时候，他们是真的有信仰爱自己的家乡的一代人啊！味道很不错，鱼鲜美，都是精挑的活鱼，现称现杀，老爸知道这边不够分量的多，特意带的称，店家绝对的公平称，👍！服务非常热情，大姐点餐推荐的菜都很好吃，以后常来
An.bennn,5.0,"十一7点才和家人到餐厅，一进院子一群孩子在院子里疯玩，看到大大的鱼池有很多活鱼活蹦乱跳孩子们都很兴奋，感觉到了过节的气氛。
饿坏了，吃完了才想起拍照，吃的太干净了。
这里的灶台鱼口感细腻，正宗的水库鱼在这里做出来别有一番韵味。环境适宜，服务员的服务态度特别好，基本不用自己操作，只管吃就好。
菜品干净，价格适中。 #网红冰淇淋小狗# #灶台鱼# #水库胖头鱼# #炸河虾#"
匿名用户,5.0,中午人挺多的，差点没位置，人多还是提前定位，要不饿着等，看着人家吃，哈哈哈。铁锅炖鱼味道由浅入深很好吃，服务大姐有什么需求都第一时间满足。炸河虾味道不错，还有个什么芽也特好吃。院子里太好玩了，母鸡上树，小羊也狠粘人，特别喜欢。是一个原生态的北京农家院，氛围很轻松，北京大爷很实在，算是很用心的农家院了
DNt749483816,5.0,我们11个人，如果我说我是为小狗来的是不是忽略了主场。我们11点就到了，来的早的好处是限量的菜团子，限量排骨都有，停车场随便停，服务的大哥哥服务很热情，特细心讲怎样好吃，介绍什么菜好吃，怎样炖鱼好吃，特别热情。灶台鱼吃起来不要着急，越炖越好吃，鱼头越大越好吃，还爱心提示不够味会帮着加料，我觉得味道很合适，我个人很喜欢他家味道。
ndK383217093,5.0,错峰出来的，看了几家最后定了这家，从京承高速密三路出口出来，顺路看了密云水库，然后街面就是他家，北京大爷出来迎接特热情，我们十几个人点了野生鲤鱼和胖头鱼，胖头36一斤，最后一致觉得野生鲤鱼更好吃，据说不是每天有，辣锅很好吃推荐。院子很大停车方便。
阳光Tammy,5.0,味道不错，服务不错，适合人多聚会吃饭，人多性价比更高。我们一群人，人均80。朋友来过，今天节前聚会推荐来这，提前老板给炖好，来了就吃，酱香微辣锅底，非常入味非常好吃，一进门就闻见了香味，我人格保证，是真的味道很好吃的，我们觉得人多吃价格挺合适的。菜团子老板说限量的，小白菜的，挺好吃的。
RJx35925641,5.0,老板进门就热情迎接，帮着点餐，推荐好吃的菜，介绍都是自己爱吃所以才会推荐大家。我第一次吃，老板介绍怎么吃好吃，北京人真的很热情，会推荐朋友来，胖头鱼头很大很好吃，炸河虾很好吃，卷子很好吃，桌子很大，可以看看远处的山，城市呆久了看着挺舒服
匿名用户,5.0,"小龙虾：真的非常好吃，吃猛了忘拍了，价格很便宜√💕
贴卷子：也不错
网红小狗：特别逼真，纯奶油
大铁锅炖鱼：汤可以喝，很健康的，越来越入味道不错
野生鲤鱼：开始不信，老板很真诚，吃后赞极了
人很多，人多吃更合适，座位宽敞"
guoxin_198510,5.0,"一家人过中秋，选了几家定了这家，全家一起高高兴兴来吃饭。
【口味】烟台鱼大胖头不错，老人孩子来几条嘎鱼合适，味道越煮越入味，孩子老人先吃，满足我们一家
【环境】临窗而坐，宽敞明亮
【服务】很热情
【等位】我们提早来的，提前电话预定的，我们周边有几桌已经订出去了"
匿名用户,5.0,我们15人，老老小小吃的开开心心，小狗冰淇淋，麻辣小龙虾，水库大头鱼，10多斤超好吃，鱼头越大越好吃，卷子特别好吃，院子里小羊好玩，女朋友可喜欢了，下面是女友拍的，大家喜欢吗？座位宽敞，适合人多的朋友吃饭饭哦，人多性价比很高，我们人均不到80，我觉得很便宜 #灶台鱼# #水库胖头鱼# #摊柴鸡蛋# #炸河虾# #网红冰淇淋小狗# #小龙虾#
qjm1109,3.0,还可以，老板娘热情，菜品口味不错
QEl671257550,1.0,问服务员我这鱼有多重，告诉我不知道，不清楚也真是醉了。
nIm703637517,2.0,大老远去的   味道一般  没吃出鲜的味道
ADv763168530,2.0,不要吃198元套餐，三个凉菜很一般，鱼注意不是灶台鱼，用冻鱼片做得，酸菜鱼味道腥，鱼肉也不劲道。外点了一个炒鸡蛋和一盘卷子卷子味道发酸，感觉面发过了的味道。还有一份冰激凌，网上下单，一共300出头，感觉跑这么远看网上评论来吃的，吃得特别不爽，很奇怪他家高评价从哪来的。总而言之，吃了这么多顿饭来最失望的一次！不会来第二次！
yjshenglong,5.0,口味很好，女友不吃辣，所以我们选的酱香味，店老板很热情。水库鱼，自己在鱼池选，活鱼，师傅在你面前处理活鱼，很新鲜。豆腐很嫩，和鱼一锅，绝配！店很好找，在路边可以看见招牌，店前有院，能停车，有摇椅，可以稍作休息娱乐。 #灶台鱼# #粘卷子# #宽粉# #野生鲤鱼#
yTp620007883,5.0,大老远100多公里驱车周围环境好  老板好客  服务热情  店内环境好贴近自然  俩人要了一条4斤多的大胖头  老板还送了自家的草莓🍓和青菜  锅底飘香  炖出来的鱼入味  一点也没浪费  有图有真相  下次一定还带朋友来  人均不到百元  值得再次光临 #水库胖头鱼# #灶台鱼# #贴饼子# #土豆片#
YQL972958221,5.0,环境很好、老板人也热情周到，就在水库不远的地方，人还没到就已经给做好了，到了就能吃，而且比较实惠，上菜也很快，菜团子、贴饼子味道相当的好。同事来吃的，下次带家人一起过来，吃完饭再玩玩。走了，天气好，心情好、吃的好.........
匿名用户,2.0,老板人还不错的 服务一般 价位偏高 一份拍黄瓜要小30块钱 两个人用完券还花了200多
QWG713146692,5.0,味道特别好，尤其是面点，特别好吃😋
ly821017,3.0,还不错，小葱豆腐很好吃。。。。。
GKS908525225,5.0,灶台鱼味道鲜香，涮菜新鲜，环境也很棒，网红小狗孩子喜欢，吃密云水库鱼不错的选择。
zhangman0527,5.0,不错很好
匿名用户,5.0,
匿名用户,5.0,
lEn450700003,5.0,
tnl650019961,5.0,
pangkai19910928,5.0,
匿名用户,5.0,
散歩的鱼,5.0,
玩世不恭范儿,5.0,
用户,星级,评论
用户,星级,评论
用户,星级,评论
用户,星级,评论
用户,星级,评论
用户,星级,评论
用户,星级,评论
用户,星级,评论
用户,星级,评论
用户,星级,评论
用户,星级,评论
用户,星级,评论
用户,星级,评论
用户,星级,评论
用户,星级,评论
用户,星级,评论
用户,星级,评论
用户,星级,评论
用户,星级,评论
用户,星级,评论
用户,星级,评论
用户,星级,评论
用户,星级,评论
用户,星级,评论
用户,星级,评论
